username,password,role,name,email
user1_1788618493769,password123,STUDENT,Generated User 1,user1_1788618493769@example.com
user2_1788618493769,password123,STUDENT,Generated User 2,user2_1788618493769@example.com
user3_1788618493769,password123,TEACHER,Generated User 3,user3_1788618493769@example.com
user4_1788618493769,password123,STUDENT,Generated User 4,user4_1788618493769@example.com
user5_1788618493769,password123,TEACHER,Generated User 5,user5_1788618493769@example.com
user6_1788618493769,password123,STUDENT,Generated User 6,user6_1788618493769@example.com
user7_1788618493769,password123,STUDENT,Generated User 7,user7_1788618493769@example.com
user8_1788618493769,password123,STUDENT,Generated User 8,user8_1788618493769@example.com
user9_1788618493769,password123,STUDENT,Generated User 9,user9_1788618493769@example.com
user10_1788618493769,password123,STUDENT,Generated User 10,user10_1788618493769@example.com
user11_1788618493769,password123,TEACHER,Generated User 11,user11_1788618493769@example.com
user12_1788618493769,password123,STUDENT,Generated User 12,user12_1788618493769@example.com
user13_1788618493769,password123,STUDENT,Generated User 13,user13_1788618493769@example.com
user14_1788618493769,password123,PARENT,Generated User 14,user14_1788618493769@example.com
user15_1788618493769,password123,STUDENT,Generated User 15,user15_1788618493769@example.com
user16_1788618493769,password123,PARENT,Generated User 16,user16_1788618493769@example.com
user17_1788618493769,password123,PARENT,Generated User 17,user17_1788618493769@example.com
user18_1788618493769,password123,STUDENT,Generated User 18,user18_1788618493769@example.com
user19_1788618493769,password123,STUDENT,Generated User 19,user19_1788618493769@example.com
user20_1788618493769,password123,STUDENT,Generated User 20,user20_1788618493769@example.com
user21_1788618493769,password123,STUDENT,Generated User 21,user21_1788618493769@example.com
user22_1788618493769,password123,PARENT,Generated User 22,user22_1788618493769@example.com
user23_1788618493769,password123,STUDENT,Generated User 23,user23_1788618493769@example.com
user24_1788618493769,password123,STUDENT,Generated User 24,user24_1788618493769@example.com
user25_1788618493769,password123,STUDENT,Generated User 25,user25_1788618493769@example.com
user26_1788618493769,password123,STUDENT,Generated User 26,user26_1788618493769@example.com
user27_1788618493769,password123,STUDENT,Generated User 27,user27_1788618493769@example.com
user28_1788618493769,password123,STUDENT,Generated User 28,user28_1788618493769@example.com
user29_1788618493769,password123,STUDENT,Generated User 29,user29_1788618493769@example.com
user30_1788618493769,password123,STUDENT,Generated User 30,user30_1788618493769@example.com
user31_1788618493769,password123,STUDENT,Generated User 31,user31_1788618493769@example.com
user32_1788618493769,password123,STUDENT,Generated User 32,user32_1788618493769@example.com
user33_1788618493769,password123,STUDENT,Generated User 33,user33_1788618493769@example.com
user34_1788618493769,password123,STUDENT,Generated User 34,user34_1788618493769@example.com
user35_1788618493769,password123,PARENT,Generated User 35,user35_1788618493769@example.com
user36_1788618493769,password123,STUDENT,Generated User 36,user36_1788618493769@example.com
user37_1788618493769,password123,STUDENT,Generated User 37,user37_1788618493769@example.com
user38_1788618493769,password123,STUDENT,Generated User 38,user38_1788618493769@example.com
user39_1788618493769,password123,STUDENT,Generated User 39,user39_1788618493769@example.com
user40_1788618493769,password123,STUDENT,Generated User 40,user40_1788618493769@example.com
user41_1788618493769,password123,TEACHER,Generated User 41,user41_1788618493769@example.com
user42_1788618493769,password123,STUDENT,Generated User 42,user42_1788618493769@example.com
user43_1788618493769,password123,STUDENT,Generated User 43,user43_1788618493769@example.com
user44_1788618493769,password123,STUDENT,Generated User 44,user44_1788618493769@example.com
user45_1788618493769,password123,STUDENT,Generated User 45,user45_1788618493769@example.com
user46_1788618493769,password123,STUDENT,Generated User 46,user46_1788618493769@example.com
user47_1788618493769,password123,STUDENT,Generated User 47,user47_1788618493769@example.com
user48_1788618493769,password123,STUDENT,Generated User 48,user48_1788618493769@example.com
user49_1788618493769,password123,STUDENT,Generated User 49,user49_1788618493769@example.com
user50_1788618493769,password123,STUDENT,Generated User 50,user50_1788618493769@example.com
user51_1788618493769,password123,STUDENT,Generated User 51,user51_1788618493769@example.com
user52_1788618493769,password123,STUDENT,Generated User 52,user52_1788618493769@example.com
user53_1788618493769,password123,STUDENT,Generated User 53,user53_1788618493769@example.com
user54_1788618493769,password123,STUDENT,Generated User 54,user54_1788618493769@example.com
user55_1788618493769,password123,STUDENT,Generated User 55,user55_1788618493769@example.com
user56_1788618493769,password123,STUDENT,Generated User 56,user56_1788618493769@example.com
user57_1788618493769,password123,STUDENT,Generated User 57,user57_1788618493769@example.com
user58_1788618493769,password123,STUDENT,Generated User 58,user58_1788618493769@example.com
user59_1788618493769,password123,STUDENT,Generated User 59,user59_1788618493769@example.com
user60_1788618493769,password123,STUDENT,Generated User 60,user60_1788618493769@example.com
user61_1788618493769,password123,STUDENT,Generated User 61,user61_1788618493769@example.com
user62_1788618493769,password123,STUDENT,Generated User 62,user62_1788618493769@example.com
user63_1788618493769,password123,STUDENT,Generated User 63,user63_1788618493769@example.com
user64_1788618493769,password123,STUDENT,Generated User 64,user64_1788618493769@example.com
user65_1788618493769,password123,STUDENT,Generated User 65,user65_1788618493769@example.com
user66_1788618493769,password123,TEACHER,Generated User 66,user66_1788618493769@example.com
user67_1788618493769,password123,TEACHER,Generated User 67,user67_1788618493769@example.com
user68_1788618493769,password123,STUDENT,Generated User 68,user68_1788618493769@example.com
user69_1788618493769,password123,STUDENT,Generated User 69,user69_1788618493769@example.com
user70_1788618493769,password123,STUDENT,Generated User 70,user70_1788618493769@example.com
user71_1788618493769,password123,STUDENT,Generated User 71,user71_1788618493769@example.com
user72_1788618493769,password123,STUDENT,Generated User 72,user72_1788618493769@example.com
user73_1788618493769,password123,STUDENT,Generated User 73,user73_1788618493769@example.com
user74_1788618493769,password123,STUDENT,Generated User 74,user74_1788618493769@example.com
user75_1788618493769,password123,STUDENT,Generated User 75,user75_1788618493769@example.com
user76_1788618493769,password123,TEACHER,Generated User 76,user76_1788618493769@example.com
user77_1788618493769,password123,STUDENT,Generated User 77,user77_1788618493769@example.com
user78_1788618493769,password123,PARENT,Generated User 78,user78_1788618493769@example.com
user79_1788618493769,password123,STUDENT,Generated User 79,user79_1788618493769@example.com
user80_1788618493769,password123,PARENT,Generated User 80,user80_1788618493769@example.com
user81_1788618493769,password123,STUDENT,Generated User 81,user81_1788618493769@example.com
user82_1788618493769,password123,STUDENT,Generated User 82,user82_1788618493769@example.com
user83_1788618493769,password123,STUDENT,Generated User 83,user83_1788618493769@example.com
user84_1788618493769,password123,STUDENT,Generated User 84,user84_1788618493769@example.com
user85_1788618493769,password123,STUDENT,Generated User 85,user85_1788618493769@example.com
user86_1788618493769,password123,PARENT,Generated User 86,user86_1788618493769@example.com
user87_1788618493769,password123,STUDENT,Generated User 87,user87_1788618493769@example.com
user88_1788618493769,password123,STUDENT,Generated User 88,user88_1788618493769@example.com
user89_1788618493769,password123,STUDENT,Generated User 89,user89_1788618493769@example.com
user90_1788618493769,password123,STUDENT,Generated User 90,user90_1788618493769@example.com
user91_1788618493769,password123,TEACHER,Generated User 91,user91_1788618493769@example.com
user92_1788618493769,password123,TEACHER,Generated User 92,user92_1788618493769@example.com
user93_1788618493769,password123,STUDENT,Generated User 93,user93_1788618493769@example.com
user94_1788618493769,password123,STUDENT,Generated User 94,user94_1788618493769@example.com
user95_1788618493769,password123,PARENT,Generated User 95,user95_1788618493769@example.com
user96_1788618493769,password123,STUDENT,Generated User 96,user96_1788618493769@example.com
user97_1788618493769,password123,STUDENT,Generated User 97,user97_1788618493769@example.com
user98_1788618493769,password123,STUDENT,Generated User 98,user98_1788618493769@example.com
user99_1788618493769,password123,STUDENT,Generated User 99,user99_1788618493769@example.com
user100_1788618493769,password123,STUDENT,Generated User 100,user100_1788618493769@example.com
user101_1788618493769,password123,STUDENT,Generated User 101,user101_1788618493769@example.com
user102_1788618493769,password123,STUDENT,Generated User 102,user102_1788618493769@example.com
user103_1788618493769,password123,STUDENT,Generated User 103,user103_1788618493769@example.com
user104_1788618493769,password123,STUDENT,Generated User 104,user104_1788618493769@example.com
user105_1788618493769,password123,STUDENT,Generated User 105,user105_1788618493769@example.com
user106_1788618493769,password123,STUDENT,Generated User 106,user106_1788618493769@example.com
user107_1788618493769,password123,STUDENT,Generated User 107,user107_1788618493769@example.com
user108_1788618493769,password123,STUDENT,Generated User 108,user108_1788618493769@example.com
user109_1788618493769,password123,PARENT,Generated User 109,user109_1788618493769@example.com
user110_1788618493769,password123,STUDENT,Generated User 110,user110_1788618493769@example.com
user111_1788618493769,password123,STUDENT,Generated User 111,user111_1788618493769@example.com
user112_1788618493769,password123,STUDENT,Generated User 112,user112_1788618493769@example.com
user113_1788618493769,password123,STUDENT,Generated User 113,user113_1788618493769@example.com
user114_1788618493769,password123,STUDENT,Generated User 114,user114_1788618493769@example.com
user115_1788618493769,password123,STUDENT,Generated User 115,user115_1788618493769@example.com
user116_1788618493769,password123,STUDENT,Generated User 116,user116_1788618493769@example.com
user117_1788618493769,password123,STUDENT,Generated User 117,user117_1788618493769@example.com
user118_1788618493769,password123,STUDENT,Generated User 118,user118_1788618493769@example.com
user119_1788618493769,password123,STUDENT,Generated User 119,user119_1788618493769@example.com
user120_1788618493769,password123,PARENT,Generated User 120,user120_1788618493769@example.com
user121_1788618493769,password123,TEACHER,Generated User 121,user121_1788618493769@example.com
user122_1788618493769,password123,STUDENT,Generated User 122,user122_1788618493769@example.com
user123_1788618493769,password123,STUDENT,Generated User 123,user123_1788618493769@example.com
user124_1788618493769,password123,STUDENT,Generated User 124,user124_1788618493769@example.com
user125_1788618493769,password123,STUDENT,Generated User 125,user125_1788618493769@example.com
user126_1788618493769,password123,STUDENT,Generated User 126,user126_1788618493769@example.com
user127_1788618493769,password123,TEACHER,Generated User 127,user127_1788618493769@example.com
user128_1788618493769,password123,STUDENT,Generated User 128,user128_1788618493769@example.com
user129_1788618493769,password123,TEACHER,Generated User 129,user129_1788618493769@example.com
user130_1788618493769,password123,STUDENT,Generated User 130,user130_1788618493769@example.com
user131_1788618493769,password123,STUDENT,Generated User 131,user131_1788618493769@example.com
user132_1788618493769,password123,STUDENT,Generated User 132,user132_1788618493769@example.com
user133_1788618493769,password123,STUDENT,Generated User 133,user133_1788618493769@example.com
user134_1788618493769,password123,TEACHER,Generated User 134,user134_1788618493769@example.com
user135_1788618493769,password123,STUDENT,Generated User 135,user135_1788618493769@example.com
user136_1788618493769,password123,TEACHER,Generated User 136,user136_1788618493769@example.com
user137_1788618493769,password123,STUDENT,Generated User 137,user137_1788618493769@example.com
user138_1788618493769,password123,STUDENT,Generated User 138,user138_1788618493769@example.com
user139_1788618493769,password123,TEACHER,Generated User 139,user139_1788618493769@example.com
user140_1788618493769,password123,STUDENT,Generated User 140,user140_1788618493769@example.com
user141_1788618493769,password123,STUDENT,Generated User 141,user141_1788618493769@example.com
user142_1788618493769,password123,STUDENT,Generated User 142,user142_1788618493769@example.com
user143_1788618493769,password123,STUDENT,Generated User 143,user143_1788618493769@example.com
user144_1788618493769,password123,STUDENT,Generated User 144,user144_1788618493769@example.com
user145_1788618493769,password123,STUDENT,Generated User 145,user145_1788618493769@example.com
user146_1788618493769,password123,STUDENT,Generated User 146,user146_1788618493769@example.com
user147_1788618493769,password123,STUDENT,Generated User 147,user147_1788618493769@example.com
user148_1788618493769,password123,TEACHER,Generated User 148,user148_1788618493769@example.com
user149_1788618493769,password123,STUDENT,Generated User 149,user149_1788618493769@example.com
user150_1788618493769,password123,STUDENT,Generated User 150,user150_1788618493769@example.com
user151_1788618493769,password123,STUDENT,Generated User 151,user151_1788618493769@example.com
user152_1788618493769,password123,STUDENT,Generated User 152,user152_1788618493769@example.com
user153_1788618493769,password123,STUDENT,Generated User 153,user153_1788618493769@example.com
user154_1788618493769,password123,STUDENT,Generated User 154,user154_1788618493769@example.com
user155_1788618493769,password123,STUDENT,Generated User 155,user155_1788618493769@example.com
user156_1788618493769,password123,STUDENT,Generated User 156,user156_1788618493769@example.com
user157_1788618493769,password123,STUDENT,Generated User 157,user157_1788618493769@example.com
user158_1788618493769,password123,STUDENT,Generated User 158,user158_1788618493769@example.com
user159_1788618493769,password123,STUDENT,Generated User 159,user159_1788618493769@example.com
user160_1788618493769,password123,STUDENT,Generated User 160,user160_1788618493769@example.com
user161_1788618493769,password123,STUDENT,Generated User 161,user161_1788618493769@example.com
user162_1788618493769,password123,STUDENT,Generated User 162,user162_1788618493769@example.com
user163_1788618493769,password123,PARENT,Generated User 163,user163_1788618493769@example.com
user164_1788618493769,password123,STUDENT,Generated User 164,user164_1788618493769@example.com
user165_1788618493769,password123,PARENT,Generated User 165,user165_1788618493769@example.com
user166_1788618493769,password123,STUDENT,Generated User 166,user166_1788618493769@example.com
user167_1788618493769,password123,STUDENT,Generated User 167,user167_1788618493769@example.com
user168_1788618493769,password123,PARENT,Generated User 168,user168_1788618493769@example.com
user169_1788618493769,password123,STUDENT,Generated User 169,user169_1788618493769@example.com
user170_1788618493769,password123,TEACHER,Generated User 170,user170_1788618493769@example.com
user171_1788618493769,password123,STUDENT,Generated User 171,user171_1788618493769@example.com
user172_1788618493769,password123,STUDENT,Generated User 172,user172_1788618493769@example.com
user173_1788618493769,password123,STUDENT,Generated User 173,user173_1788618493769@example.com
user174_1788618493769,password123,PARENT,Generated User 174,user174_1788618493769@example.com
user175_1788618493769,password123,TEACHER,Generated User 175,user175_1788618493769@example.com
user176_1788618493769,password123,STUDENT,Generated User 176,user176_1788618493769@example.com
user177_1788618493769,password123,STUDENT,Generated User 177,user177_1788618493769@example.com
user178_1788618493769,password123,STUDENT,Generated User 178,user178_1788618493769@example.com
user179_1788618493769,password123,TEACHER,Generated User 179,user179_1788618493769@example.com
user180_1788618493769,password123,STUDENT,Generated User 180,user180_1788618493769@example.com
user181_1788618493769,password123,PARENT,Generated User 181,user181_1788618493769@example.com
user182_1788618493769,password123,PARENT,Generated User 182,user182_1788618493769@example.com
user183_1788618493769,password123,STUDENT,Generated User 183,user183_1788618493769@example.com
user184_1788618493769,password123,STUDENT,Generated User 184,user184_1788618493769@example.com
user185_1788618493769,password123,PARENT,Generated User 185,user185_1788618493769@example.com
user186_1788618493769,password123,STUDENT,Generated User 186,user186_1788618493769@example.com
user187_1788618493769,password123,PARENT,Generated User 187,user187_1788618493769@example.com
user188_1788618493769,password123,STUDENT,Generated User 188,user188_1788618493769@example.com
user189_1788618493769,password123,STUDENT,Generated User 189,user189_1788618493769@example.com
user190_1788618493769,password123,STUDENT,Generated User 190,user190_1788618493769@example.com
user191_1788618493769,password123,STUDENT,Generated User 191,user191_1788618493769@example.com
user192_1788618493769,password123,STUDENT,Generated User 192,user192_1788618493769@example.com
user193_1788618493769,password123,STUDENT,Generated User 193,user193_1788618493769@example.com
user194_1788618493769,password123,STUDENT,Generated User 194,user194_1788618493769@example.com
user195_1788618493769,password123,STUDENT,Generated User 195,user195_1788618493769@example.com
user196_1788618493769,password123,PARENT,Generated User 196,user196_1788618493769@example.com
user197_1788618493769,password123,STUDENT,Generated User 197,user197_1788618493769@example.com
user198_1788618493769,password123,STUDENT,Generated User 198,user198_1788618493769@example.com
user199_1788618493769,password123,STUDENT,Generated User 199,user199_1788618493769@example.com
user200_1788618493769,password123,STUDENT,Generated User 200,user200_1788618493769@example.com
user201_1788618493769,password123,STUDENT,Generated User 201,user201_1788618493769@example.com
user202_1788618493769,password123,STUDENT,Generated User 202,user202_1788618493769@example.com
user203_1788618493769,password123,STUDENT,Generated User 203,user203_1788618493769@example.com
user204_1788618493769,password123,STUDENT,Generated User 204,user204_1788618493769@example.com
user205_1788618493769,password123,STUDENT,Generated User 205,user205_1788618493769@example.com
user206_1788618493769,password123,STUDENT,Generated User 206,user206_1788618493769@example.com
user207_1788618493769,password123,STUDENT,Generated User 207,user207_1788618493769@example.com
user208_1788618493769,password123,PARENT,Generated User 208,user208_1788618493769@example.com
user209_1788618493769,password123,STUDENT,Generated User 209,user209_1788618493769@example.com
user210_1788618493769,password123,STUDENT,Generated User 210,user210_1788618493769@example.com
user211_1788618493769,password123,STUDENT,Generated User 211,user211_1788618493769@example.com
user212_1788618493769,password123,STUDENT,Generated User 212,user212_1788618493769@example.com
user213_1788618493769,password123,TEACHER,Generated User 213,user213_1788618493769@example.com
user214_1788618493769,password123,STUDENT,Generated User 214,user214_1788618493769@example.com
user215_1788618493769,password123,PARENT,Generated User 215,user215_1788618493769@example.com
user216_1788618493769,password123,STUDENT,Generated User 216,user216_1788618493769@example.com
user217_1788618493769,password123,STUDENT,Generated User 217,user217_1788618493769@example.com
user218_1788618493769,password123,TEACHER,Generated User 218,user218_1788618493769@example.com
user219_1788618493769,password123,PARENT,Generated User 219,user219_1788618493769@example.com
user220_1788618493769,password123,STUDENT,Generated User 220,user220_1788618493769@example.com
user221_1788618493769,password123,STUDENT,Generated User 221,user221_1788618493769@example.com
user222_1788618493769,password123,TEACHER,Generated User 222,user222_1788618493769@example.com
user223_1788618493769,password123,STUDENT,Generated User 223,user223_1788618493769@example.com
user224_1788618493769,password123,STUDENT,Generated User 224,user224_1788618493769@example.com
user225_1788618493769,password123,STUDENT,Generated User 225,user225_1788618493769@example.com
user226_1788618493769,password123,STUDENT,Generated User 226,user226_1788618493769@example.com
user227_1788618493769,password123,TEACHER,Generated User 227,user227_1788618493769@example.com
user228_1788618493769,password123,STUDENT,Generated User 228,user228_1788618493769@example.com
user229_1788618493769,password123,TEACHER,Generated User 229,user229_1788618493769@example.com
user230_1788618493769,password123,STUDENT,Generated User 230,user230_1788618493769@example.com
user231_1788618493769,password123,STUDENT,Generated User 231,user231_1788618493769@example.com
user232_1788618493769,password123,STUDENT,Generated User 232,user232_1788618493769@example.com
user233_1788618493769,password123,STUDENT,Generated User 233,user233_1788618493769@example.com
user234_1788618493769,password123,STUDENT,Generated User 234,user234_1788618493769@example.com
user235_1788618493769,password123,TEACHER,Generated User 235,user235_1788618493769@example.com
user236_1788618493769,password123,PARENT,Generated User 236,user236_1788618493769@example.com
user237_1788618493769,password123,STUDENT,Generated User 237,user237_1788618493769@example.com
user238_1788618493769,password123,STUDENT,Generated User 238,user238_1788618493769@example.com
user239_1788618493769,password123,TEACHER,Generated User 239,user239_1788618493769@example.com
user240_1788618493769,password123,STUDENT,Generated User 240,user240_1788618493769@example.com
user241_1788618493769,password123,STUDENT,Generated User 241,user241_1788618493769@example.com
user242_1788618493769,password123,PARENT,Generated User 242,user242_1788618493769@example.com
user243_1788618493769,password123,TEACHER,Generated User 243,user243_1788618493769@example.com
user244_1788618493769,password123,STUDENT,Generated User 244,user244_1788618493769@example.com
user245_1788618493769,password123,STUDENT,Generated User 245,user245_1788618493769@example.com
user246_1788618493769,password123,STUDENT,Generated User 246,user246_1788618493769@example.com
user247_1788618493769,password123,STUDENT,Generated User 247,user247_1788618493769@example.com
user248_1788618493769,password123,STUDENT,Generated User 248,user248_1788618493769@example.com
user249_1788618493769,password123,STUDENT,Generated User 249,user249_1788618493769@example.com
user250_1788618493769,password123,STUDENT,Generated User 250,user250_1788618493769@example.com
user251_1788618493769,password123,TEACHER,Generated User 251,user251_1788618493769@example.com
user252_1788618493769,password123,TEACHER,Generated User 252,user252_1788618493769@example.com
user253_1788618493769,password123,STUDENT,Generated User 253,user253_1788618493769@example.com
user254_1788618493769,password123,PARENT,Generated User 254,user254_1788618493769@example.com
user255_1788618493769,password123,STUDENT,Generated User 255,user255_1788618493769@example.com
user256_1788618493769,password123,STUDENT,Generated User 256,user256_1788618493769@example.com
user257_1788618493769,password123,STUDENT,Generated User 257,user257_1788618493769@example.com
user258_1788618493769,password123,PARENT,Generated User 258,user258_1788618493769@example.com
user259_1788618493769,password123,STUDENT,Generated User 259,user259_1788618493769@example.com
user260_1788618493769,password123,STUDENT,Generated User 260,user260_1788618493769@example.com
user261_1788618493769,password123,STUDENT,Generated User 261,user261_1788618493769@example.com
user262_1788618493769,password123,STUDENT,Generated User 262,user262_1788618493769@example.com
user263_1788618493769,password123,STUDENT,Generated User 263,user263_1788618493769@example.com
user264_1788618493769,password123,STUDENT,Generated User 264,user264_1788618493769@example.com
user265_1788618493769,password123,STUDENT,Generated User 265,user265_1788618493769@example.com
user266_1788618493769,password123,STUDENT,Generated User 266,user266_1788618493769@example.com
user267_1788618493769,password123,STUDENT,Generated User 267,user267_1788618493769@example.com
user268_1788618493769,password123,PARENT,Generated User 268,user268_1788618493769@example.com
user269_1788618493769,password123,STUDENT,Generated User 269,user269_1788618493769@example.com
user270_1788618493769,password123,STUDENT,Generated User 270,user270_1788618493769@example.com
user271_1788618493769,password123,STUDENT,Generated User 271,user271_1788618493769@example.com
user272_1788618493769,password123,STUDENT,Generated User 272,user272_1788618493769@example.com
user273_1788618493769,password123,STUDENT,Generated User 273,user273_1788618493769@example.com
user274_1788618493769,password123,STUDENT,Generated User 274,user274_1788618493769@example.com
user275_1788618493769,password123,TEACHER,Generated User 275,user275_1788618493769@example.com
user276_1788618493769,password123,STUDENT,Generated User 276,user276_1788618493769@example.com
user277_1788618493769,password123,STUDENT,Generated User 277,user277_1788618493769@example.com
user278_1788618493769,password123,PARENT,Generated User 278,user278_1788618493769@example.com
user279_1788618493769,password123,STUDENT,Generated User 279,user279_1788618493769@example.com
user280_1788618493769,password123,TEACHER,Generated User 280,user280_1788618493769@example.com
user281_1788618493769,password123,STUDENT,Generated User 281,user281_1788618493769@example.com
user282_1788618493769,password123,STUDENT,Generated User 282,user282_1788618493769@example.com
user283_1788618493769,password123,STUDENT,Generated User 283,user283_1788618493769@example.com
user284_1788618493769,password123,STUDENT,Generated User 284,user284_1788618493769@example.com
user285_1788618493769,password123,TEACHER,Generated User 285,user285_1788618493769@example.com
user286_1788618493769,password123,STUDENT,Generated User 286,user286_1788618493769@example.com
user287_1788618493769,password123,PARENT,Generated User 287,user287_1788618493769@example.com
user288_1788618493769,password123,TEACHER,Generated User 288,user288_1788618493769@example.com
user289_1788618493769,password123,PARENT,Generated User 289,user289_1788618493769@example.com
user290_1788618493769,password123,STUDENT,Generated User 290,user290_1788618493769@example.com
user291_1788618493769,password123,STUDENT,Generated User 291,user291_1788618493769@example.com
user292_1788618493769,password123,STUDENT,Generated User 292,user292_1788618493769@example.com
user293_1788618493769,password123,STUDENT,Generated User 293,user293_1788618493769@example.com
user294_1788618493769,password123,STUDENT,Generated User 294,user294_1788618493769@example.com
user295_1788618493769,password123,STUDENT,Generated User 295,user295_1788618493769@example.com
user296_1788618493769,password123,STUDENT,Generated User 296,user296_1788618493769@example.com
user297_1788618493769,password123,STUDENT,Generated User 297,user297_1788618493769@example.com
user298_1788618493769,password123,STUDENT,Generated User 298,user298_1788618493769@example.com
user299_1788618493769,password123,STUDENT,Generated User 299,user299_1788618493769@example.com
user300_1788618493769,password123,TEACHER,Generated User 300,user300_1788618493769@example.com
user301_1788618493769,password123,PARENT,Generated User 301,user301_1788618493769@example.com
user302_1788618493769,password123,STUDENT,Generated User 302,user302_1788618493769@example.com
user303_1788618493769,password123,PARENT,Generated User 303,user303_1788618493769@example.com
user304_1788618493769,password123,STUDENT,Generated User 304,user304_1788618493769@example.com
user305_1788618493769,password123,PARENT,Generated User 305,user305_1788618493769@example.com
user306_1788618493769,password123,STUDENT,Generated User 306,user306_1788618493769@example.com
user307_1788618493769,password123,PARENT,Generated User 307,user307_1788618493769@example.com
user308_1788618493769,password123,PARENT,Generated User 308,user308_1788618493769@example.com
user309_1788618493769,password123,STUDENT,Generated User 309,user309_1788618493769@example.com
user310_1788618493769,password123,STUDENT,Generated User 310,user310_1788618493769@example.com
user311_1788618493769,password123,STUDENT,Generated User 311,user311_1788618493769@example.com
user312_1788618493769,password123,STUDENT,Generated User 312,user312_1788618493769@example.com
user313_1788618493769,password123,STUDENT,Generated User 313,user313_1788618493769@example.com
user314_1788618493769,password123,PARENT,Generated User 314,user314_1788618493769@example.com
user315_1788618493769,password123,TEACHER,Generated User 315,user315_1788618493769@example.com
user316_1788618493769,password123,TEACHER,Generated User 316,user316_1788618493769@example.com
user317_1788618493769,password123,PARENT,Generated User 317,user317_1788618493769@example.com
user318_1788618493769,password123,STUDENT,Generated User 318,user318_1788618493769@example.com
user319_1788618493769,password123,STUDENT,Generated User 319,user319_1788618493769@example.com
user320_1788618493769,password123,STUDENT,Generated User 320,user320_1788618493769@example.com
user321_1788618493769,password123,STUDENT,Generated User 321,user321_1788618493769@example.com
user322_1788618493769,password123,STUDENT,Generated User 322,user322_1788618493769@example.com
user323_1788618493769,password123,STUDENT,Generated User 323,user323_1788618493769@example.com
user324_1788618493769,password123,STUDENT,Generated User 324,user324_1788618493769@example.com
user325_1788618493769,password123,STUDENT,Generated User 325,user325_1788618493769@example.com
user326_1788618493769,password123,STUDENT,Generated User 326,user326_1788618493769@example.com
user327_1788618493769,password123,STUDENT,Generated User 327,user327_1788618493769@example.com
user328_1788618493769,password123,STUDENT,Generated User 328,user328_1788618493769@example.com
user329_1788618493769,password123,TEACHER,Generated User 329,user329_1788618493769@example.com
user330_1788618493769,password123,STUDENT,Generated User 330,user330_1788618493769@example.com
user331_1788618493769,password123,STUDENT,Generated User 331,user331_1788618493769@example.com
user332_1788618493769,password123,TEACHER,Generated User 332,user332_1788618493769@example.com
user333_1788618493769,password123,TEACHER,Generated User 333,user333_1788618493769@example.com
user334_1788618493769,password123,STUDENT,Generated User 334,user334_1788618493769@example.com
user335_1788618493769,password123,STUDENT,Generated User 335,user335_1788618493769@example.com
user336_1788618493769,password123,STUDENT,Generated User 336,user336_1788618493769@example.com
user337_1788618493769,password123,PARENT,Generated User 337,user337_1788618493769@example.com
user338_1788618493769,password123,STUDENT,Generated User 338,user338_1788618493769@example.com
user339_1788618493769,password123,STUDENT,Generated User 339,user339_1788618493769@example.com
user340_1788618493769,password123,STUDENT,Generated User 340,user340_1788618493769@example.com
user341_1788618493769,password123,PARENT,Generated User 341,user341_1788618493769@example.com
user342_1788618493769,password123,STUDENT,Generated User 342,user342_1788618493769@example.com
user343_1788618493769,password123,STUDENT,Generated User 343,user343_1788618493769@example.com
user344_1788618493769,password123,STUDENT,Generated User 344,user344_1788618493769@example.com
user345_1788618493769,password123,STUDENT,Generated User 345,user345_1788618493769@example.com
user346_1788618493769,password123,STUDENT,Generated User 346,user346_1788618493769@example.com
user347_1788618493769,password123,STUDENT,Generated User 347,user347_1788618493769@example.com
user348_1788618493769,password123,STUDENT,Generated User 348,user348_1788618493769@example.com
user349_1788618493769,password123,STUDENT,Generated User 349,user349_1788618493769@example.com
user350_1788618493769,password123,STUDENT,Generated User 350,user350_1788618493769@example.com
user351_1788618493769,password123,STUDENT,Generated User 351,user351_1788618493769@example.com
user352_1788618493769,password123,TEACHER,Generated User 352,user352_1788618493769@example.com
user353_1788618493769,password123,TEACHER,Generated User 353,user353_1788618493769@example.com
user354_1788618493769,password123,STUDENT,Generated User 354,user354_1788618493769@example.com
user355_1788618493769,password123,STUDENT,Generated User 355,user355_1788618493769@example.com
user356_1788618493769,password123,STUDENT,Generated User 356,user356_1788618493769@example.com
user357_1788618493769,password123,STUDENT,Generated User 357,user357_1788618493769@example.com
user358_1788618493769,password123,STUDENT,Generated User 358,user358_1788618493769@example.com
user359_1788618493769,password123,PARENT,Generated User 359,user359_1788618493769@example.com
user360_1788618493769,password123,STUDENT,Generated User 360,user360_1788618493769@example.com
user361_1788618493769,password123,TEACHER,Generated User 361,user361_1788618493769@example.com
user362_1788618493769,password123,STUDENT,Generated User 362,user362_1788618493769@example.com
user363_1788618493769,password123,STUDENT,Generated User 363,user363_1788618493769@example.com
user364_1788618493769,password123,PARENT,Generated User 364,user364_1788618493769@example.com
user365_1788618493769,password123,PARENT,Generated User 365,user365_1788618493769@example.com
user366_1788618493769,password123,STUDENT,Generated User 366,user366_1788618493769@example.com
user367_1788618493769,password123,STUDENT,Generated User 367,user367_1788618493769@example.com
user368_1788618493769,password123,STUDENT,Generated User 368,user368_1788618493769@example.com
user369_1788618493769,password123,STUDENT,Generated User 369,user369_1788618493769@example.com
user370_1788618493769,password123,STUDENT,Generated User 370,user370_1788618493769@example.com
user371_1788618493769,password123,STUDENT,Generated User 371,user371_1788618493769@example.com
user372_1788618493769,password123,STUDENT,Generated User 372,user372_1788618493769@example.com
user373_1788618493769,password123,STUDENT,Generated User 373,user373_1788618493769@example.com
user374_1788618493769,password123,STUDENT,Generated User 374,user374_1788618493769@example.com
user375_1788618493769,password123,STUDENT,Generated User 375,user375_1788618493769@example.com
user376_1788618493769,password123,PARENT,Generated User 376,user376_1788618493769@example.com
user377_1788618493769,password123,STUDENT,Generated User 377,user377_1788618493769@example.com
user378_1788618493769,password123,STUDENT,Generated User 378,user378_1788618493769@example.com
user379_1788618493769,password123,STUDENT,Generated User 379,user379_1788618493769@example.com
user380_1788618493769,password123,TEACHER,Generated User 380,user380_1788618493769@example.com
user381_1788618493769,password123,STUDENT,Generated User 381,user381_1788618493769@example.com
user382_1788618493769,password123,TEACHER,Generated User 382,user382_1788618493769@example.com
user383_1788618493769,password123,STUDENT,Generated User 383,user383_1788618493769@example.com
user384_1788618493769,password123,TEACHER,Generated User 384,user384_1788618493769@example.com
user385_1788618493769,password123,STUDENT,Generated User 385,user385_1788618493769@example.com
user386_1788618493769,password123,STUDENT,Generated User 386,user386_1788618493769@example.com
user387_1788618493769,password123,STUDENT,Generated User 387,user387_1788618493769@example.com
user388_1788618493769,password123,STUDENT,Generated User 388,user388_1788618493769@example.com
user389_1788618493769,password123,STUDENT,Generated User 389,user389_1788618493769@example.com
user390_1788618493769,password123,STUDENT,Generated User 390,user390_1788618493769@example.com
user391_1788618493769,password123,STUDENT,Generated User 391,user391_1788618493769@example.com
user392_1788618493769,password123,STUDENT,Generated User 392,user392_1788618493769@example.com
user393_1788618493769,password123,STUDENT,Generated User 393,user393_1788618493769@example.com
user394_1788618493769,password123,STUDENT,Generated User 394,user394_1788618493769@example.com
user395_1788618493769,password123,STUDENT,Generated User 395,user395_1788618493769@example.com
user396_1788618493769,password123,STUDENT,Generated User 396,user396_1788618493769@example.com
user397_1788618493769,password123,PARENT,Generated User 397,user397_1788618493769@example.com
user398_1788618493769,password123,STUDENT,Generated User 398,user398_1788618493769@example.com
user399_1788618493769,password123,TEACHER,Generated User 399,user399_1788618493769@example.com
user400_1788618493769,password123,STUDENT,Generated User 400,user400_1788618493769@example.com
user401_1788618493769,password123,STUDENT,Generated User 401,user401_1788618493769@example.com
user402_1788618493769,password123,STUDENT,Generated User 402,user402_1788618493769@example.com
user403_1788618493769,password123,STUDENT,Generated User 403,user403_1788618493769@example.com
user404_1788618493769,password123,STUDENT,Generated User 404,user404_1788618493769@example.com
user405_1788618493769,password123,STUDENT,Generated User 405,user405_1788618493769@example.com
user406_1788618493769,password123,STUDENT,Generated User 406,user406_1788618493769@example.com
user407_1788618493769,password123,PARENT,Generated User 407,user407_1788618493769@example.com
user408_1788618493769,password123,STUDENT,Generated User 408,user408_1788618493769@example.com
user409_1788618493769,password123,STUDENT,Generated User 409,user409_1788618493769@example.com
user410_1788618493769,password123,STUDENT,Generated User 410,user410_1788618493769@example.com
user411_1788618493769,password123,STUDENT,Generated User 411,user411_1788618493769@example.com
user412_1788618493769,password123,STUDENT,Generated User 412,user412_1788618493769@example.com
user413_1788618493769,password123,STUDENT,Generated User 413,user413_1788618493769@example.com
user414_1788618493769,password123,STUDENT,Generated User 414,user414_1788618493769@example.com
user415_1788618493769,password123,STUDENT,Generated User 415,user415_1788618493769@example.com
user416_1788618493769,password123,STUDENT,Generated User 416,user416_1788618493769@example.com
user417_1788618493769,password123,STUDENT,Generated User 417,user417_1788618493769@example.com
user418_1788618493769,password123,STUDENT,Generated User 418,user418_1788618493769@example.com
user419_1788618493769,password123,STUDENT,Generated User 419,user419_1788618493769@example.com
user420_1788618493769,password123,STUDENT,Generated User 420,user420_1788618493769@example.com
user421_1788618493769,password123,PARENT,Generated User 421,user421_1788618493769@example.com
user422_1788618493769,password123,STUDENT,Generated User 422,user422_1788618493769@example.com
user423_1788618493769,password123,STUDENT,Generated User 423,user423_1788618493769@example.com
user424_1788618493769,password123,STUDENT,Generated User 424,user424_1788618493769@example.com
user425_1788618493769,password123,STUDENT,Generated User 425,user425_1788618493769@example.com
user426_1788618493769,password123,STUDENT,Generated User 426,user426_1788618493769@example.com
user427_1788618493769,password123,STUDENT,Generated User 427,user427_1788618493769@example.com
user428_1788618493769,password123,STUDENT,Generated User 428,user428_1788618493769@example.com
user429_1788618493769,password123,STUDENT,Generated User 429,user429_1788618493769@example.com
user430_1788618493769,password123,STUDENT,Generated User 430,user430_1788618493769@example.com
user431_1788618493769,password123,STUDENT,Generated User 431,user431_1788618493769@example.com
user432_1788618493769,password123,STUDENT,Generated User 432,user432_1788618493769@example.com
user433_1788618493769,password123,PARENT,Generated User 433,user433_1788618493769@example.com
user434_1788618493769,password123,STUDENT,Generated User 434,user434_1788618493769@example.com
user435_1788618493769,password123,STUDENT,Generated User 435,user435_1788618493769@example.com
user436_1788618493769,password123,TEACHER,Generated User 436,user436_1788618493769@example.com
user437_1788618493769,password123,STUDENT,Generated User 437,user437_1788618493769@example.com
user438_1788618493769,password123,STUDENT,Generated User 438,user438_1788618493769@example.com
user439_1788618493769,password123,TEACHER,Generated User 439,user439_1788618493769@example.com
user440_1788618493769,password123,STUDENT,Generated User 440,user440_1788618493769@example.com
user441_1788618493769,password123,STUDENT,Generated User 441,user441_1788618493769@example.com
user442_1788618493769,password123,PARENT,Generated User 442,user442_1788618493769@example.com
user443_1788618493769,password123,STUDENT,Generated User 443,user443_1788618493769@example.com
user444_1788618493769,password123,TEACHER,Generated User 444,user444_1788618493769@example.com
user445_1788618493769,password123,STUDENT,Generated User 445,user445_1788618493769@example.com
user446_1788618493769,password123,STUDENT,Generated User 446,user446_1788618493769@example.com
user447_1788618493769,password123,STUDENT,Generated User 447,user447_1788618493769@example.com
user448_1788618493769,password123,PARENT,Generated User 448,user448_1788618493769@example.com
user449_1788618493769,password123,STUDENT,Generated User 449,user449_1788618493769@example.com
user450_1788618493769,password123,STUDENT,Generated User 450,user450_1788618493769@example.com
user451_1788618493769,password123,PARENT,Generated User 451,user451_1788618493769@example.com
user452_1788618493769,password123,PARENT,Generated User 452,user452_1788618493769@example.com
user453_1788618493770,password123,PARENT,Generated User 453,user453_1788618493770@example.com
user454_1788618493770,password123,STUDENT,Generated User 454,user454_1788618493770@example.com
user455_1788618493770,password123,STUDENT,Generated User 455,user455_1788618493770@example.com
user456_1788618493770,password123,STUDENT,Generated User 456,user456_1788618493770@example.com
user457_1788618493770,password123,STUDENT,Generated User 457,user457_1788618493770@example.com
user458_1788618493770,password123,STUDENT,Generated User 458,user458_1788618493770@example.com
user459_1788618493770,password123,STUDENT,Generated User 459,user459_1788618493770@example.com
user460_1788618493770,password123,STUDENT,Generated User 460,user460_1788618493770@example.com
user461_1788618493770,password123,STUDENT,Generated User 461,user461_1788618493770@example.com
user462_1788618493770,password123,TEACHER,Generated User 462,user462_1788618493770@example.com
user463_1788618493770,password123,STUDENT,Generated User 463,user463_1788618493770@example.com
user464_1788618493770,password123,STUDENT,Generated User 464,user464_1788618493770@example.com
user465_1788618493770,password123,STUDENT,Generated User 465,user465_1788618493770@example.com
user466_1788618493770,password123,STUDENT,Generated User 466,user466_1788618493770@example.com
user467_1788618493770,password123,STUDENT,Generated User 467,user467_1788618493770@example.com
user468_1788618493770,password123,STUDENT,Generated User 468,user468_1788618493770@example.com
user469_1788618493770,password123,STUDENT,Generated User 469,user469_1788618493770@example.com
user470_1788618493770,password123,TEACHER,Generated User 470,user470_1788618493770@example.com
user471_1788618493770,password123,PARENT,Generated User 471,user471_1788618493770@example.com
user472_1788618493770,password123,STUDENT,Generated User 472,user472_1788618493770@example.com
user473_1788618493770,password123,STUDENT,Generated User 473,user473_1788618493770@example.com
user474_1788618493770,password123,STUDENT,Generated User 474,user474_1788618493770@example.com
user475_1788618493770,password123,STUDENT,Generated User 475,user475_1788618493770@example.com
user476_1788618493770,password123,STUDENT,Generated User 476,user476_1788618493770@example.com
user477_1788618493770,password123,STUDENT,Generated User 477,user477_1788618493770@example.com
user478_1788618493770,password123,STUDENT,Generated User 478,user478_1788618493770@example.com
user479_1788618493770,password123,STUDENT,Generated User 479,user479_1788618493770@example.com
user480_1788618493770,password123,STUDENT,Generated User 480,user480_1788618493770@example.com
user481_1788618493770,password123,STUDENT,Generated User 481,user481_1788618493770@example.com
user482_1788618493770,password123,STUDENT,Generated User 482,user482_1788618493770@example.com
user483_1788618493770,password123,STUDENT,Generated User 483,user483_1788618493770@example.com
user484_1788618493770,password123,STUDENT,Generated User 484,user484_1788618493770@example.com
user485_1788618493770,password123,TEACHER,Generated User 485,user485_1788618493770@example.com
user486_1788618493770,password123,TEACHER,Generated User 486,user486_1788618493770@example.com
user487_1788618493770,password123,TEACHER,Generated User 487,user487_1788618493770@example.com
user488_1788618493770,password123,STUDENT,Generated User 488,user488_1788618493770@example.com
user489_1788618493770,password123,PARENT,Generated User 489,user489_1788618493770@example.com
user490_1788618493770,password123,STUDENT,Generated User 490,user490_1788618493770@example.com
user491_1788618493770,password123,STUDENT,Generated User 491,user491_1788618493770@example.com
user492_1788618493770,password123,STUDENT,Generated User 492,user492_1788618493770@example.com
user493_1788618493770,password123,STUDENT,Generated User 493,user493_1788618493770@example.com
user494_1788618493770,password123,STUDENT,Generated User 494,user494_1788618493770@example.com
user495_1788618493770,password123,STUDENT,Generated User 495,user495_1788618493770@example.com
user496_1788618493770,password123,STUDENT,Generated User 496,user496_1788618493770@example.com
user497_1788618493770,password123,STUDENT,Generated User 497,user497_1788618493770@example.com
user498_1788618493770,password123,STUDENT,Generated User 498,user498_1788618493770@example.com
user499_1788618493770,password123,STUDENT,Generated User 499,user499_1788618493770@example.com
user500_1788618493770,password123,STUDENT,Generated User 500,user500_1788618493770@example.com
user501_1788618493770,password123,TEACHER,Generated User 501,user501_1788618493770@example.com
user502_1788618493770,password123,TEACHER,Generated User 502,user502_1788618493770@example.com
user503_1788618493770,password123,PARENT,Generated User 503,user503_1788618493770@example.com
user504_1788618493770,password123,TEACHER,Generated User 504,user504_1788618493770@example.com
user505_1788618493770,password123,STUDENT,Generated User 505,user505_1788618493770@example.com
user506_1788618493770,password123,PARENT,Generated User 506,user506_1788618493770@example.com
user507_1788618493770,password123,TEACHER,Generated User 507,user507_1788618493770@example.com
user508_1788618493770,password123,STUDENT,Generated User 508,user508_1788618493770@example.com
user509_1788618493770,password123,STUDENT,Generated User 509,user509_1788618493770@example.com
user510_1788618493770,password123,STUDENT,Generated User 510,user510_1788618493770@example.com
user511_1788618493770,password123,STUDENT,Generated User 511,user511_1788618493770@example.com
user512_1788618493770,password123,STUDENT,Generated User 512,user512_1788618493770@example.com
user513_1788618493770,password123,STUDENT,Generated User 513,user513_1788618493770@example.com
user514_1788618493770,password123,STUDENT,Generated User 514,user514_1788618493770@example.com
user515_1788618493770,password123,STUDENT,Generated User 515,user515_1788618493770@example.com
user516_1788618493770,password123,STUDENT,Generated User 516,user516_1788618493770@example.com
user517_1788618493770,password123,STUDENT,Generated User 517,user517_1788618493770@example.com
user518_1788618493770,password123,STUDENT,Generated User 518,user518_1788618493770@example.com
user519_1788618493770,password123,STUDENT,Generated User 519,user519_1788618493770@example.com
user520_1788618493770,password123,STUDENT,Generated User 520,user520_1788618493770@example.com
user521_1788618493770,password123,STUDENT,Generated User 521,user521_1788618493770@example.com
user522_1788618493770,password123,STUDENT,Generated User 522,user522_1788618493770@example.com
user523_1788618493770,password123,STUDENT,Generated User 523,user523_1788618493770@example.com
user524_1788618493770,password123,STUDENT,Generated User 524,user524_1788618493770@example.com
user525_1788618493770,password123,STUDENT,Generated User 525,user525_1788618493770@example.com
user526_1788618493770,password123,STUDENT,Generated User 526,user526_1788618493770@example.com
user527_1788618493770,password123,STUDENT,Generated User 527,user527_1788618493770@example.com
user528_1788618493770,password123,STUDENT,Generated User 528,user528_1788618493770@example.com
user529_1788618493770,password123,STUDENT,Generated User 529,user529_1788618493770@example.com
user530_1788618493770,password123,STUDENT,Generated User 530,user530_1788618493770@example.com
user531_1788618493770,password123,STUDENT,Generated User 531,user531_1788618493770@example.com
user532_1788618493770,password123,STUDENT,Generated User 532,user532_1788618493770@example.com
user533_1788618493770,password123,STUDENT,Generated User 533,user533_1788618493770@example.com
user534_1788618493770,password123,PARENT,Generated User 534,user534_1788618493770@example.com
user535_1788618493770,password123,STUDENT,Generated User 535,user535_1788618493770@example.com
user536_1788618493770,password123,STUDENT,Generated User 536,user536_1788618493770@example.com
user537_1788618493770,password123,PARENT,Generated User 537,user537_1788618493770@example.com
user538_1788618493770,password123,STUDENT,Generated User 538,user538_1788618493770@example.com
user539_1788618493770,password123,STUDENT,Generated User 539,user539_1788618493770@example.com
user540_1788618493770,password123,STUDENT,Generated User 540,user540_1788618493770@example.com
user541_1788618493770,password123,STUDENT,Generated User 541,user541_1788618493770@example.com
user542_1788618493770,password123,STUDENT,Generated User 542,user542_1788618493770@example.com
user543_1788618493770,password123,STUDENT,Generated User 543,user543_1788618493770@example.com
user544_1788618493770,password123,STUDENT,Generated User 544,user544_1788618493770@example.com
user545_1788618493770,password123,TEACHER,Generated User 545,user545_1788618493770@example.com
user546_1788618493770,password123,STUDENT,Generated User 546,user546_1788618493770@example.com
user547_1788618493770,password123,STUDENT,Generated User 547,user547_1788618493770@example.com
user548_1788618493770,password123,STUDENT,Generated User 548,user548_1788618493770@example.com
user549_1788618493770,password123,STUDENT,Generated User 549,user549_1788618493770@example.com
user550_1788618493770,password123,TEACHER,Generated User 550,user550_1788618493770@example.com
user551_1788618493770,password123,STUDENT,Generated User 551,user551_1788618493770@example.com
user552_1788618493770,password123,STUDENT,Generated User 552,user552_1788618493770@example.com
user553_1788618493770,password123,TEACHER,Generated User 553,user553_1788618493770@example.com
user554_1788618493770,password123,TEACHER,Generated User 554,user554_1788618493770@example.com
user555_1788618493770,password123,TEACHER,Generated User 555,user555_1788618493770@example.com
user556_1788618493770,password123,STUDENT,Generated User 556,user556_1788618493770@example.com
user557_1788618493770,password123,TEACHER,Generated User 557,user557_1788618493770@example.com
user558_1788618493770,password123,STUDENT,Generated User 558,user558_1788618493770@example.com
user559_1788618493770,password123,STUDENT,Generated User 559,user559_1788618493770@example.com
user560_1788618493770,password123,TEACHER,Generated User 560,user560_1788618493770@example.com
user561_1788618493770,password123,STUDENT,Generated User 561,user561_1788618493770@example.com
user562_1788618493770,password123,PARENT,Generated User 562,user562_1788618493770@example.com
user563_1788618493770,password123,STUDENT,Generated User 563,user563_1788618493770@example.com
user564_1788618493770,password123,TEACHER,Generated User 564,user564_1788618493770@example.com
user565_1788618493770,password123,STUDENT,Generated User 565,user565_1788618493770@example.com
user566_1788618493770,password123,STUDENT,Generated User 566,user566_1788618493770@example.com
user567_1788618493770,password123,STUDENT,Generated User 567,user567_1788618493770@example.com
user568_1788618493770,password123,PARENT,Generated User 568,user568_1788618493770@example.com
user569_1788618493770,password123,STUDENT,Generated User 569,user569_1788618493770@example.com
user570_1788618493770,password123,STUDENT,Generated User 570,user570_1788618493770@example.com
user571_1788618493770,password123,STUDENT,Generated User 571,user571_1788618493770@example.com
user572_1788618493770,password123,STUDENT,Generated User 572,user572_1788618493770@example.com
user573_1788618493770,password123,STUDENT,Generated User 573,user573_1788618493770@example.com
user574_1788618493770,password123,PARENT,Generated User 574,user574_1788618493770@example.com
user575_1788618493770,password123,STUDENT,Generated User 575,user575_1788618493770@example.com
user576_1788618493770,password123,STUDENT,Generated User 576,user576_1788618493770@example.com
user577_1788618493770,password123,STUDENT,Generated User 577,user577_1788618493770@example.com
user578_1788618493770,password123,STUDENT,Generated User 578,user578_1788618493770@example.com
user579_1788618493770,password123,STUDENT,Generated User 579,user579_1788618493770@example.com
user580_1788618493770,password123,STUDENT,Generated User 580,user580_1788618493770@example.com
user581_1788618493770,password123,STUDENT,Generated User 581,user581_1788618493770@example.com
user582_1788618493770,password123,STUDENT,Generated User 582,user582_1788618493770@example.com
user583_1788618493770,password123,STUDENT,Generated User 583,user583_1788618493770@example.com
user584_1788618493770,password123,STUDENT,Generated User 584,user584_1788618493770@example.com
user585_1788618493770,password123,STUDENT,Generated User 585,user585_1788618493770@example.com
user586_1788618493770,password123,STUDENT,Generated User 586,user586_1788618493770@example.com
user587_1788618493770,password123,PARENT,Generated User 587,user587_1788618493770@example.com
user588_1788618493770,password123,STUDENT,Generated User 588,user588_1788618493770@example.com
user589_1788618493770,password123,STUDENT,Generated User 589,user589_1788618493770@example.com
user590_1788618493770,password123,STUDENT,Generated User 590,user590_1788618493770@example.com
user591_1788618493770,password123,STUDENT,Generated User 591,user591_1788618493770@example.com
user592_1788618493770,password123,STUDENT,Generated User 592,user592_1788618493770@example.com
user593_1788618493770,password123,STUDENT,Generated User 593,user593_1788618493770@example.com
user594_1788618493770,password123,TEACHER,Generated User 594,user594_1788618493770@example.com
user595_1788618493770,password123,STUDENT,Generated User 595,user595_1788618493770@example.com
user596_1788618493770,password123,TEACHER,Generated User 596,user596_1788618493770@example.com
user597_1788618493770,password123,STUDENT,Generated User 597,user597_1788618493770@example.com
user598_1788618493770,password123,STUDENT,Generated User 598,user598_1788618493770@example.com
user599_1788618493770,password123,STUDENT,Generated User 599,user599_1788618493770@example.com
user600_1788618493770,password123,STUDENT,Generated User 600,user600_1788618493770@example.com
user601_1788618493770,password123,PARENT,Generated User 601,user601_1788618493770@example.com
user602_1788618493770,password123,TEACHER,Generated User 602,user602_1788618493770@example.com
user603_1788618493770,password123,STUDENT,Generated User 603,user603_1788618493770@example.com
user604_1788618493770,password123,PARENT,Generated User 604,user604_1788618493770@example.com
user605_1788618493770,password123,STUDENT,Generated User 605,user605_1788618493770@example.com
user606_1788618493770,password123,TEACHER,Generated User 606,user606_1788618493770@example.com
user607_1788618493770,password123,STUDENT,Generated User 607,user607_1788618493770@example.com
user608_1788618493770,password123,STUDENT,Generated User 608,user608_1788618493770@example.com
user609_1788618493770,password123,STUDENT,Generated User 609,user609_1788618493770@example.com
user610_1788618493770,password123,STUDENT,Generated User 610,user610_1788618493770@example.com
user611_1788618493770,password123,PARENT,Generated User 611,user611_1788618493770@example.com
user612_1788618493770,password123,STUDENT,Generated User 612,user612_1788618493770@example.com
user613_1788618493770,password123,STUDENT,Generated User 613,user613_1788618493770@example.com
user614_1788618493770,password123,STUDENT,Generated User 614,user614_1788618493770@example.com
user615_1788618493770,password123,PARENT,Generated User 615,user615_1788618493770@example.com
user616_1788618493770,password123,TEACHER,Generated User 616,user616_1788618493770@example.com
user617_1788618493770,password123,STUDENT,Generated User 617,user617_1788618493770@example.com
user618_1788618493770,password123,TEACHER,Generated User 618,user618_1788618493770@example.com
user619_1788618493770,password123,TEACHER,Generated User 619,user619_1788618493770@example.com
user620_1788618493770,password123,STUDENT,Generated User 620,user620_1788618493770@example.com
user621_1788618493770,password123,STUDENT,Generated User 621,user621_1788618493770@example.com
user622_1788618493770,password123,STUDENT,Generated User 622,user622_1788618493770@example.com
user623_1788618493770,password123,STUDENT,Generated User 623,user623_1788618493770@example.com
user624_1788618493770,password123,STUDENT,Generated User 624,user624_1788618493770@example.com
user625_1788618493770,password123,STUDENT,Generated User 625,user625_1788618493770@example.com
user626_1788618493770,password123,TEACHER,Generated User 626,user626_1788618493770@example.com
user627_1788618493770,password123,STUDENT,Generated User 627,user627_1788618493770@example.com
user628_1788618493770,password123,STUDENT,Generated User 628,user628_1788618493770@example.com
user629_1788618493770,password123,PARENT,Generated User 629,user629_1788618493770@example.com
user630_1788618493770,password123,STUDENT,Generated User 630,user630_1788618493770@example.com
user631_1788618493770,password123,TEACHER,Generated User 631,user631_1788618493770@example.com
user632_1788618493770,password123,STUDENT,Generated User 632,user632_1788618493770@example.com
user633_1788618493770,password123,STUDENT,Generated User 633,user633_1788618493770@example.com
user634_1788618493770,password123,STUDENT,Generated User 634,user634_1788618493770@example.com
user635_1788618493770,password123,STUDENT,Generated User 635,user635_1788618493770@example.com
user636_1788618493770,password123,STUDENT,Generated User 636,user636_1788618493770@example.com
user637_1788618493770,password123,STUDENT,Generated User 637,user637_1788618493770@example.com
user638_1788618493770,password123,STUDENT,Generated User 638,user638_1788618493770@example.com
user639_1788618493770,password123,STUDENT,Generated User 639,user639_1788618493770@example.com
user640_1788618493770,password123,STUDENT,Generated User 640,user640_1788618493770@example.com
user641_1788618493770,password123,STUDENT,Generated User 641,user641_1788618493770@example.com
user642_1788618493770,password123,STUDENT,Generated User 642,user642_1788618493770@example.com
user643_1788618493770,password123,STUDENT,Generated User 643,user643_1788618493770@example.com
user644_1788618493770,password123,STUDENT,Generated User 644,user644_1788618493770@example.com
user645_1788618493770,password123,STUDENT,Generated User 645,user645_1788618493770@example.com
user646_1788618493770,password123,STUDENT,Generated User 646,user646_1788618493770@example.com
user647_1788618493770,password123,STUDENT,Generated User 647,user647_1788618493770@example.com
user648_1788618493770,password123,STUDENT,Generated User 648,user648_1788618493770@example.com
user649_1788618493770,password123,STUDENT,Generated User 649,user649_1788618493770@example.com
user650_1788618493770,password123,STUDENT,Generated User 650,user650_1788618493770@example.com
user651_1788618493770,password123,PARENT,Generated User 651,user651_1788618493770@example.com
user652_1788618493770,password123,STUDENT,Generated User 652,user652_1788618493770@example.com
user653_1788618493770,password123,STUDENT,Generated User 653,user653_1788618493770@example.com
user654_1788618493770,password123,STUDENT,Generated User 654,user654_1788618493770@example.com
user655_1788618493770,password123,STUDENT,Generated User 655,user655_1788618493770@example.com
user656_1788618493770,password123,STUDENT,Generated User 656,user656_1788618493770@example.com
user657_1788618493770,password123,STUDENT,Generated User 657,user657_1788618493770@example.com
user658_1788618493770,password123,PARENT,Generated User 658,user658_1788618493770@example.com
user659_1788618493770,password123,STUDENT,Generated User 659,user659_1788618493770@example.com
user660_1788618493770,password123,TEACHER,Generated User 660,user660_1788618493770@example.com
user661_1788618493770,password123,TEACHER,Generated User 661,user661_1788618493770@example.com
user662_1788618493770,password123,STUDENT,Generated User 662,user662_1788618493770@example.com
user663_1788618493770,password123,STUDENT,Generated User 663,user663_1788618493770@example.com
user664_1788618493770,password123,TEACHER,Generated User 664,user664_1788618493770@example.com
user665_1788618493770,password123,STUDENT,Generated User 665,user665_1788618493770@example.com
user666_1788618493770,password123,STUDENT,Generated User 666,user666_1788618493770@example.com
user667_1788618493770,password123,PARENT,Generated User 667,user667_1788618493770@example.com
user668_1788618493770,password123,STUDENT,Generated User 668,user668_1788618493770@example.com
user669_1788618493770,password123,STUDENT,Generated User 669,user669_1788618493770@example.com
user670_1788618493770,password123,STUDENT,Generated User 670,user670_1788618493770@example.com
user671_1788618493770,password123,STUDENT,Generated User 671,user671_1788618493770@example.com
user672_1788618493770,password123,PARENT,Generated User 672,user672_1788618493770@example.com
user673_1788618493770,password123,STUDENT,Generated User 673,user673_1788618493770@example.com
user674_1788618493770,password123,STUDENT,Generated User 674,user674_1788618493770@example.com
user675_1788618493770,password123,STUDENT,Generated User 675,user675_1788618493770@example.com
user676_1788618493770,password123,PARENT,Generated User 676,user676_1788618493770@example.com
user677_1788618493770,password123,PARENT,Generated User 677,user677_1788618493770@example.com
user678_1788618493770,password123,STUDENT,Generated User 678,user678_1788618493770@example.com
user679_1788618493770,password123,STUDENT,Generated User 679,user679_1788618493770@example.com
user680_1788618493770,password123,STUDENT,Generated User 680,user680_1788618493770@example.com
user681_1788618493770,password123,STUDENT,Generated User 681,user681_1788618493770@example.com
user682_1788618493770,password123,PARENT,Generated User 682,user682_1788618493770@example.com
user683_1788618493770,password123,PARENT,Generated User 683,user683_1788618493770@example.com
user684_1788618493770,password123,PARENT,Generated User 684,user684_1788618493770@example.com
user685_1788618493770,password123,STUDENT,Generated User 685,user685_1788618493770@example.com
user686_1788618493770,password123,STUDENT,Generated User 686,user686_1788618493770@example.com
user687_1788618493770,password123,STUDENT,Generated User 687,user687_1788618493770@example.com
user688_1788618493770,password123,STUDENT,Generated User 688,user688_1788618493770@example.com
user689_1788618493770,password123,STUDENT,Generated User 689,user689_1788618493770@example.com
user690_1788618493770,password123,STUDENT,Generated User 690,user690_1788618493770@example.com
user691_1788618493770,password123,STUDENT,Generated User 691,user691_1788618493770@example.com
user692_1788618493770,password123,TEACHER,Generated User 692,user692_1788618493770@example.com
user693_1788618493770,password123,STUDENT,Generated User 693,user693_1788618493770@example.com
user694_1788618493770,password123,TEACHER,Generated User 694,user694_1788618493770@example.com
user695_1788618493770,password123,TEACHER,Generated User 695,user695_1788618493770@example.com
user696_1788618493770,password123,STUDENT,Generated User 696,user696_1788618493770@example.com
user697_1788618493770,password123,STUDENT,Generated User 697,user697_1788618493770@example.com
user698_1788618493770,password123,STUDENT,Generated User 698,user698_1788618493770@example.com
user699_1788618493770,password123,TEACHER,Generated User 699,user699_1788618493770@example.com
user700_1788618493770,password123,STUDENT,Generated User 700,user700_1788618493770@example.com
user701_1788618493770,password123,STUDENT,Generated User 701,user701_1788618493770@example.com
user702_1788618493770,password123,STUDENT,Generated User 702,user702_1788618493770@example.com
user703_1788618493770,password123,STUDENT,Generated User 703,user703_1788618493770@example.com
user704_1788618493770,password123,STUDENT,Generated User 704,user704_1788618493770@example.com
user705_1788618493770,password123,STUDENT,Generated User 705,user705_1788618493770@example.com
user706_1788618493770,password123,STUDENT,Generated User 706,user706_1788618493770@example.com
user707_1788618493770,password123,STUDENT,Generated User 707,user707_1788618493770@example.com
user708_1788618493770,password123,TEACHER,Generated User 708,user708_1788618493770@example.com
user709_1788618493770,password123,STUDENT,Generated User 709,user709_1788618493770@example.com
user710_1788618493770,password123,STUDENT,Generated User 710,user710_1788618493770@example.com
user711_1788618493770,password123,STUDENT,Generated User 711,user711_1788618493770@example.com
user712_1788618493770,password123,STUDENT,Generated User 712,user712_1788618493770@example.com
user713_1788618493770,password123,STUDENT,Generated User 713,user713_1788618493770@example.com
user714_1788618493770,password123,STUDENT,Generated User 714,user714_1788618493770@example.com
user715_1788618493770,password123,STUDENT,Generated User 715,user715_1788618493770@example.com
user716_1788618493770,password123,PARENT,Generated User 716,user716_1788618493770@example.com
user717_1788618493770,password123,STUDENT,Generated User 717,user717_1788618493770@example.com
user718_1788618493770,password123,STUDENT,Generated User 718,user718_1788618493770@example.com
user719_1788618493770,password123,STUDENT,Generated User 719,user719_1788618493770@example.com
user720_1788618493770,password123,STUDENT,Generated User 720,user720_1788618493770@example.com
user721_1788618493770,password123,STUDENT,Generated User 721,user721_1788618493770@example.com
user722_1788618493770,password123,STUDENT,Generated User 722,user722_1788618493770@example.com
user723_1788618493770,password123,STUDENT,Generated User 723,user723_1788618493770@example.com
user724_1788618493770,password123,TEACHER,Generated User 724,user724_1788618493770@example.com
user725_1788618493770,password123,STUDENT,Generated User 725,user725_1788618493770@example.com
user726_1788618493770,password123,STUDENT,Generated User 726,user726_1788618493770@example.com
user727_1788618493770,password123,STUDENT,Generated User 727,user727_1788618493770@example.com
user728_1788618493770,password123,STUDENT,Generated User 728,user728_1788618493770@example.com
user729_1788618493770,password123,STUDENT,Generated User 729,user729_1788618493770@example.com
user730_1788618493770,password123,STUDENT,Generated User 730,user730_1788618493770@example.com
user731_1788618493770,password123,STUDENT,Generated User 731,user731_1788618493770@example.com
user732_1788618493770,password123,STUDENT,Generated User 732,user732_1788618493770@example.com
user733_1788618493770,password123,STUDENT,Generated User 733,user733_1788618493770@example.com
user734_1788618493770,password123,STUDENT,Generated User 734,user734_1788618493770@example.com
user735_1788618493770,password123,STUDENT,Generated User 735,user735_1788618493770@example.com
user736_1788618493770,password123,TEACHER,Generated User 736,user736_1788618493770@example.com
user737_1788618493770,password123,STUDENT,Generated User 737,user737_1788618493770@example.com
user738_1788618493770,password123,STUDENT,Generated User 738,user738_1788618493770@example.com
user739_1788618493770,password123,STUDENT,Generated User 739,user739_1788618493770@example.com
user740_1788618493770,password123,PARENT,Generated User 740,user740_1788618493770@example.com
user741_1788618493770,password123,STUDENT,Generated User 741,user741_1788618493770@example.com
user742_1788618493770,password123,STUDENT,Generated User 742,user742_1788618493770@example.com
user743_1788618493770,password123,STUDENT,Generated User 743,user743_1788618493770@example.com
user744_1788618493770,password123,STUDENT,Generated User 744,user744_1788618493770@example.com
user745_1788618493770,password123,STUDENT,Generated User 745,user745_1788618493770@example.com
user746_1788618493770,password123,STUDENT,Generated User 746,user746_1788618493770@example.com
user747_1788618493770,password123,STUDENT,Generated User 747,user747_1788618493770@example.com
user748_1788618493770,password123,STUDENT,Generated User 748,user748_1788618493770@example.com
user749_1788618493770,password123,PARENT,Generated User 749,user749_1788618493770@example.com
user750_1788618493770,password123,STUDENT,Generated User 750,user750_1788618493770@example.com
user751_1788618493770,password123,STUDENT,Generated User 751,user751_1788618493770@example.com
user752_1788618493770,password123,STUDENT,Generated User 752,user752_1788618493770@example.com
user753_1788618493770,password123,STUDENT,Generated User 753,user753_1788618493770@example.com
user754_1788618493770,password123,STUDENT,Generated User 754,user754_1788618493770@example.com
user755_1788618493770,password123,TEACHER,Generated User 755,user755_1788618493770@example.com
user756_1788618493770,password123,PARENT,Generated User 756,user756_1788618493770@example.com
user757_1788618493770,password123,STUDENT,Generated User 757,user757_1788618493770@example.com
user758_1788618493770,password123,TEACHER,Generated User 758,user758_1788618493770@example.com
user759_1788618493770,password123,STUDENT,Generated User 759,user759_1788618493770@example.com
user760_1788618493770,password123,STUDENT,Generated User 760,user760_1788618493770@example.com
user761_1788618493770,password123,STUDENT,Generated User 761,user761_1788618493770@example.com
user762_1788618493770,password123,STUDENT,Generated User 762,user762_1788618493770@example.com
user763_1788618493770,password123,STUDENT,Generated User 763,user763_1788618493770@example.com
user764_1788618493770,password123,STUDENT,Generated User 764,user764_1788618493770@example.com
user765_1788618493770,password123,STUDENT,Generated User 765,user765_1788618493770@example.com
user766_1788618493770,password123,PARENT,Generated User 766,user766_1788618493770@example.com
user767_1788618493770,password123,STUDENT,Generated User 767,user767_1788618493770@example.com
user768_1788618493770,password123,STUDENT,Generated User 768,user768_1788618493770@example.com
user769_1788618493770,password123,STUDENT,Generated User 769,user769_1788618493770@example.com
user770_1788618493770,password123,STUDENT,Generated User 770,user770_1788618493770@example.com
user771_1788618493770,password123,TEACHER,Generated User 771,user771_1788618493770@example.com
user772_1788618493770,password123,STUDENT,Generated User 772,user772_1788618493770@example.com
user773_1788618493770,password123,TEACHER,Generated User 773,user773_1788618493770@example.com
user774_1788618493770,password123,STUDENT,Generated User 774,user774_1788618493770@example.com
user775_1788618493770,password123,STUDENT,Generated User 775,user775_1788618493770@example.com
user776_1788618493770,password123,STUDENT,Generated User 776,user776_1788618493770@example.com
user777_1788618493770,password123,TEACHER,Generated User 777,user777_1788618493770@example.com
user778_1788618493770,password123,STUDENT,Generated User 778,user778_1788618493770@example.com
user779_1788618493770,password123,STUDENT,Generated User 779,user779_1788618493770@example.com
user780_1788618493770,password123,STUDENT,Generated User 780,user780_1788618493770@example.com
user781_1788618493770,password123,PARENT,Generated User 781,user781_1788618493770@example.com
user782_1788618493770,password123,STUDENT,Generated User 782,user782_1788618493770@example.com
user783_1788618493770,password123,STUDENT,Generated User 783,user783_1788618493770@example.com
user784_1788618493770,password123,STUDENT,Generated User 784,user784_1788618493770@example.com
user785_1788618493770,password123,STUDENT,Generated User 785,user785_1788618493770@example.com
user786_1788618493770,password123,STUDENT,Generated User 786,user786_1788618493770@example.com
user787_1788618493770,password123,TEACHER,Generated User 787,user787_1788618493770@example.com
user788_1788618493770,password123,PARENT,Generated User 788,user788_1788618493770@example.com
user789_1788618493770,password123,TEACHER,Generated User 789,user789_1788618493770@example.com
user790_1788618493770,password123,STUDENT,Generated User 790,user790_1788618493770@example.com
user791_1788618493770,password123,STUDENT,Generated User 791,user791_1788618493770@example.com
user792_1788618493770,password123,STUDENT,Generated User 792,user792_1788618493770@example.com
user793_1788618493770,password123,STUDENT,Generated User 793,user793_1788618493770@example.com
user794_1788618493770,password123,STUDENT,Generated User 794,user794_1788618493770@example.com
user795_1788618493770,password123,STUDENT,Generated User 795,user795_1788618493770@example.com
user796_1788618493770,password123,STUDENT,Generated User 796,user796_1788618493770@example.com
user797_1788618493770,password123,STUDENT,Generated User 797,user797_1788618493770@example.com
user798_1788618493770,password123,STUDENT,Generated User 798,user798_1788618493770@example.com
user799_1788618493770,password123,TEACHER,Generated User 799,user799_1788618493770@example.com
user800_1788618493770,password123,STUDENT,Generated User 800,user800_1788618493770@example.com
user801_1788618493770,password123,STUDENT,Generated User 801,user801_1788618493770@example.com
user802_1788618493770,password123,PARENT,Generated User 802,user802_1788618493770@example.com
user803_1788618493770,password123,PARENT,Generated User 803,user803_1788618493770@example.com
user804_1788618493770,password123,STUDENT,Generated User 804,user804_1788618493770@example.com
user805_1788618493770,password123,STUDENT,Generated User 805,user805_1788618493770@example.com
user806_1788618493770,password123,STUDENT,Generated User 806,user806_1788618493770@example.com
user807_1788618493770,password123,STUDENT,Generated User 807,user807_1788618493770@example.com
user808_1788618493770,password123,PARENT,Generated User 808,user808_1788618493770@example.com
user809_1788618493770,password123,PARENT,Generated User 809,user809_1788618493770@example.com
user810_1788618493770,password123,STUDENT,Generated User 810,user810_1788618493770@example.com
user811_1788618493770,password123,STUDENT,Generated User 811,user811_1788618493770@example.com
user812_1788618493770,password123,STUDENT,Generated User 812,user812_1788618493770@example.com
user813_1788618493770,password123,PARENT,Generated User 813,user813_1788618493770@example.com
user814_1788618493770,password123,STUDENT,Generated User 814,user814_1788618493770@example.com
user815_1788618493770,password123,STUDENT,Generated User 815,user815_1788618493770@example.com
user816_1788618493770,password123,TEACHER,Generated User 816,user816_1788618493770@example.com
user817_1788618493770,password123,TEACHER,Generated User 817,user817_1788618493770@example.com
user818_1788618493770,password123,PARENT,Generated User 818,user818_1788618493770@example.com
user819_1788618493770,password123,PARENT,Generated User 819,user819_1788618493770@example.com
user820_1788618493770,password123,STUDENT,Generated User 820,user820_1788618493770@example.com
user821_1788618493770,password123,STUDENT,Generated User 821,user821_1788618493770@example.com
user822_1788618493770,password123,TEACHER,Generated User 822,user822_1788618493770@example.com
user823_1788618493770,password123,PARENT,Generated User 823,user823_1788618493770@example.com
user824_1788618493770,password123,STUDENT,Generated User 824,user824_1788618493770@example.com
user825_1788618493770,password123,STUDENT,Generated User 825,user825_1788618493770@example.com
user826_1788618493770,password123,STUDENT,Generated User 826,user826_1788618493770@example.com
user827_1788618493770,password123,TEACHER,Generated User 827,user827_1788618493770@example.com
user828_1788618493770,password123,STUDENT,Generated User 828,user828_1788618493770@example.com
user829_1788618493770,password123,TEACHER,Generated User 829,user829_1788618493770@example.com
user830_1788618493770,password123,PARENT,Generated User 830,user830_1788618493770@example.com
user831_1788618493770,password123,PARENT,Generated User 831,user831_1788618493770@example.com
user832_1788618493770,password123,STUDENT,Generated User 832,user832_1788618493770@example.com
user833_1788618493770,password123,STUDENT,Generated User 833,user833_1788618493770@example.com
user834_1788618493770,password123,STUDENT,Generated User 834,user834_1788618493770@example.com
user835_1788618493770,password123,STUDENT,Generated User 835,user835_1788618493770@example.com
user836_1788618493770,password123,STUDENT,Generated User 836,user836_1788618493770@example.com
user837_1788618493770,password123,TEACHER,Generated User 837,user837_1788618493770@example.com
user838_1788618493770,password123,STUDENT,Generated User 838,user838_1788618493770@example.com
user839_1788618493770,password123,STUDENT,Generated User 839,user839_1788618493770@example.com
user840_1788618493770,password123,STUDENT,Generated User 840,user840_1788618493770@example.com
user841_1788618493770,password123,STUDENT,Generated User 841,user841_1788618493770@example.com
user842_1788618493770,password123,STUDENT,Generated User 842,user842_1788618493770@example.com
user843_1788618493770,password123,STUDENT,Generated User 843,user843_1788618493770@example.com
user844_1788618493770,password123,STUDENT,Generated User 844,user844_1788618493770@example.com
user845_1788618493770,password123,STUDENT,Generated User 845,user845_1788618493770@example.com
user846_1788618493770,password123,STUDENT,Generated User 846,user846_1788618493770@example.com
user847_1788618493770,password123,STUDENT,Generated User 847,user847_1788618493770@example.com
user848_1788618493770,password123,STUDENT,Generated User 848,user848_1788618493770@example.com
user849_1788618493770,password123,STUDENT,Generated User 849,user849_1788618493770@example.com
user850_1788618493770,password123,PARENT,Generated User 850,user850_1788618493770@example.com
user851_1788618493770,password123,STUDENT,Generated User 851,user851_1788618493770@example.com
user852_1788618493770,password123,STUDENT,Generated User 852,user852_1788618493770@example.com
user853_1788618493770,password123,STUDENT,Generated User 853,user853_1788618493770@example.com
user854_1788618493770,password123,TEACHER,Generated User 854,user854_1788618493770@example.com
user855_1788618493770,password123,STUDENT,Generated User 855,user855_1788618493770@example.com
user856_1788618493770,password123,STUDENT,Generated User 856,user856_1788618493770@example.com
user857_1788618493770,password123,STUDENT,Generated User 857,user857_1788618493770@example.com
user858_1788618493770,password123,STUDENT,Generated User 858,user858_1788618493770@example.com
user859_1788618493770,password123,STUDENT,Generated User 859,user859_1788618493770@example.com
user860_1788618493770,password123,STUDENT,Generated User 860,user860_1788618493770@example.com
user861_1788618493770,password123,STUDENT,Generated User 861,user861_1788618493770@example.com
user862_1788618493770,password123,STUDENT,Generated User 862,user862_1788618493770@example.com
user863_1788618493770,password123,STUDENT,Generated User 863,user863_1788618493770@example.com
user864_1788618493770,password123,TEACHER,Generated User 864,user864_1788618493770@example.com
user865_1788618493770,password123,STUDENT,Generated User 865,user865_1788618493770@example.com
user866_1788618493770,password123,STUDENT,Generated User 866,user866_1788618493770@example.com
user867_1788618493770,password123,TEACHER,Generated User 867,user867_1788618493770@example.com
user868_1788618493770,password123,STUDENT,Generated User 868,user868_1788618493770@example.com
user869_1788618493770,password123,PARENT,Generated User 869,user869_1788618493770@example.com
user870_1788618493770,password123,TEACHER,Generated User 870,user870_1788618493770@example.com
user871_1788618493770,password123,STUDENT,Generated User 871,user871_1788618493770@example.com
user872_1788618493770,password123,TEACHER,Generated User 872,user872_1788618493770@example.com
user873_1788618493770,password123,TEACHER,Generated User 873,user873_1788618493770@example.com
user874_1788618493770,password123,STUDENT,Generated User 874,user874_1788618493770@example.com
user875_1788618493770,password123,STUDENT,Generated User 875,user875_1788618493770@example.com
user876_1788618493770,password123,STUDENT,Generated User 876,user876_1788618493770@example.com
user877_1788618493770,password123,STUDENT,Generated User 877,user877_1788618493770@example.com
user878_1788618493770,password123,STUDENT,Generated User 878,user878_1788618493770@example.com
user879_1788618493770,password123,STUDENT,Generated User 879,user879_1788618493770@example.com
user880_1788618493770,password123,STUDENT,Generated User 880,user880_1788618493770@example.com
user881_1788618493770,password123,TEACHER,Generated User 881,user881_1788618493770@example.com
user882_1788618493770,password123,TEACHER,Generated User 882,user882_1788618493770@example.com
user883_1788618493770,password123,STUDENT,Generated User 883,user883_1788618493770@example.com
user884_1788618493770,password123,STUDENT,Generated User 884,user884_1788618493770@example.com
user885_1788618493770,password123,PARENT,Generated User 885,user885_1788618493770@example.com
user886_1788618493770,password123,STUDENT,Generated User 886,user886_1788618493770@example.com
user887_1788618493770,password123,STUDENT,Generated User 887,user887_1788618493770@example.com
user888_1788618493770,password123,STUDENT,Generated User 888,user888_1788618493770@example.com
user889_1788618493770,password123,STUDENT,Generated User 889,user889_1788618493770@example.com
user890_1788618493770,password123,PARENT,Generated User 890,user890_1788618493770@example.com
user891_1788618493770,password123,STUDENT,Generated User 891,user891_1788618493770@example.com
user892_1788618493770,password123,STUDENT,Generated User 892,user892_1788618493770@example.com
user893_1788618493770,password123,STUDENT,Generated User 893,user893_1788618493770@example.com
user894_1788618493770,password123,STUDENT,Generated User 894,user894_1788618493770@example.com
user895_1788618493770,password123,STUDENT,Generated User 895,user895_1788618493770@example.com
user896_1788618493770,password123,STUDENT,Generated User 896,user896_1788618493770@example.com
user897_1788618493770,password123,STUDENT,Generated User 897,user897_1788618493770@example.com
user898_1788618493770,password123,STUDENT,Generated User 898,user898_1788618493770@example.com
user899_1788618493770,password123,STUDENT,Generated User 899,user899_1788618493770@example.com
user900_1788618493770,password123,PARENT,Generated User 900,user900_1788618493770@example.com
user901_1788618493770,password123,STUDENT,Generated User 901,user901_1788618493770@example.com
user902_1788618493770,password123,STUDENT,Generated User 902,user902_1788618493770@example.com
user903_1788618493770,password123,TEACHER,Generated User 903,user903_1788618493770@example.com
user904_1788618493770,password123,PARENT,Generated User 904,user904_1788618493770@example.com
user905_1788618493770,password123,STUDENT,Generated User 905,user905_1788618493770@example.com
user906_1788618493770,password123,STUDENT,Generated User 906,user906_1788618493770@example.com
user907_1788618493770,password123,STUDENT,Generated User 907,user907_1788618493770@example.com
user908_1788618493770,password123,STUDENT,Generated User 908,user908_1788618493770@example.com
user909_1788618493770,password123,STUDENT,Generated User 909,user909_1788618493770@example.com
user910_1788618493770,password123,STUDENT,Generated User 910,user910_1788618493770@example.com
user911_1788618493770,password123,STUDENT,Generated User 911,user911_1788618493770@example.com
user912_1788618493770,password123,STUDENT,Generated User 912,user912_1788618493770@example.com
user913_1788618493770,password123,STUDENT,Generated User 913,user913_1788618493770@example.com
user914_1788618493770,password123,STUDENT,Generated User 914,user914_1788618493770@example.com
user915_1788618493770,password123,STUDENT,Generated User 915,user915_1788618493770@example.com
user916_1788618493770,password123,TEACHER,Generated User 916,user916_1788618493770@example.com
user917_1788618493770,password123,STUDENT,Generated User 917,user917_1788618493770@example.com
user918_1788618493770,password123,STUDENT,Generated User 918,user918_1788618493770@example.com
user919_1788618493770,password123,STUDENT,Generated User 919,user919_1788618493770@example.com
user920_1788618493770,password123,STUDENT,Generated User 920,user920_1788618493770@example.com
user921_1788618493770,password123,STUDENT,Generated User 921,user921_1788618493770@example.com
user922_1788618493770,password123,PARENT,Generated User 922,user922_1788618493770@example.com
user923_1788618493770,password123,STUDENT,Generated User 923,user923_1788618493770@example.com
user924_1788618493770,password123,TEACHER,Generated User 924,user924_1788618493770@example.com
user925_1788618493770,password123,STUDENT,Generated User 925,user925_1788618493770@example.com
user926_1788618493770,password123,STUDENT,Generated User 926,user926_1788618493770@example.com
user927_1788618493770,password123,STUDENT,Generated User 927,user927_1788618493770@example.com
user928_1788618493770,password123,STUDENT,Generated User 928,user928_1788618493770@example.com
user929_1788618493770,password123,TEACHER,Generated User 929,user929_1788618493770@example.com
user930_1788618493770,password123,PARENT,Generated User 930,user930_1788618493770@example.com
user931_1788618493770,password123,STUDENT,Generated User 931,user931_1788618493770@example.com
user932_1788618493770,password123,STUDENT,Generated User 932,user932_1788618493770@example.com
user933_1788618493770,password123,STUDENT,Generated User 933,user933_1788618493770@example.com
user934_1788618493770,password123,PARENT,Generated User 934,user934_1788618493770@example.com
user935_1788618493770,password123,STUDENT,Generated User 935,user935_1788618493770@example.com
user936_1788618493770,password123,STUDENT,Generated User 936,user936_1788618493770@example.com
user937_1788618493770,password123,STUDENT,Generated User 937,user937_1788618493770@example.com
user938_1788618493770,password123,STUDENT,Generated User 938,user938_1788618493770@example.com
user939_1788618493770,password123,STUDENT,Generated User 939,user939_1788618493770@example.com
user940_1788618493770,password123,STUDENT,Generated User 940,user940_1788618493770@example.com
user941_1788618493770,password123,PARENT,Generated User 941,user941_1788618493770@example.com
user942_1788618493770,password123,STUDENT,Generated User 942,user942_1788618493770@example.com
user943_1788618493770,password123,STUDENT,Generated User 943,user943_1788618493770@example.com
user944_1788618493770,password123,STUDENT,Generated User 944,user944_1788618493770@example.com
user945_1788618493770,password123,STUDENT,Generated User 945,user945_1788618493770@example.com
user946_1788618493770,password123,STUDENT,Generated User 946,user946_1788618493770@example.com
user947_1788618493770,password123,STUDENT,Generated User 947,user947_1788618493770@example.com
user948_1788618493770,password123,STUDENT,Generated User 948,user948_1788618493770@example.com
user949_1788618493770,password123,STUDENT,Generated User 949,user949_1788618493770@example.com
user950_1788618493770,password123,STUDENT,Generated User 950,user950_1788618493770@example.com
user951_1788618493770,password123,TEACHER,Generated User 951,user951_1788618493770@example.com
user952_1788618493770,password123,STUDENT,Generated User 952,user952_1788618493770@example.com
user953_1788618493770,password123,STUDENT,Generated User 953,user953_1788618493770@example.com
user954_1788618493770,password123,STUDENT,Generated User 954,user954_1788618493770@example.com
user955_1788618493770,password123,STUDENT,Generated User 955,user955_1788618493770@example.com
user956_1788618493770,password123,STUDENT,Generated User 956,user956_1788618493770@example.com
user957_1788618493770,password123,STUDENT,Generated User 957,user957_1788618493770@example.com
user958_1788618493770,password123,STUDENT,Generated User 958,user958_1788618493770@example.com
user959_1788618493770,password123,STUDENT,Generated User 959,user959_1788618493770@example.com
user960_1788618493770,password123,STUDENT,Generated User 960,user960_1788618493770@example.com
user961_1788618493770,password123,STUDENT,Generated User 961,user961_1788618493770@example.com
user962_1788618493770,password123,STUDENT,Generated User 962,user962_1788618493770@example.com
user963_1788618493770,password123,STUDENT,Generated User 963,user963_1788618493770@example.com
user964_1788618493770,password123,STUDENT,Generated User 964,user964_1788618493770@example.com
user965_1788618493770,password123,STUDENT,Generated User 965,user965_1788618493770@example.com
user966_1788618493770,password123,STUDENT,Generated User 966,user966_1788618493770@example.com
user967_1788618493770,password123,STUDENT,Generated User 967,user967_1788618493770@example.com
user968_1788618493770,password123,STUDENT,Generated User 968,user968_1788618493770@example.com
user969_1788618493770,password123,STUDENT,Generated User 969,user969_1788618493770@example.com
user970_1788618493770,password123,STUDENT,Generated User 970,user970_1788618493770@example.com
user971_1788618493770,password123,PARENT,Generated User 971,user971_1788618493770@example.com
user972_1788618493770,password123,STUDENT,Generated User 972,user972_1788618493770@example.com
user973_1788618493770,password123,PARENT,Generated User 973,user973_1788618493770@example.com
user974_1788618493770,password123,STUDENT,Generated User 974,user974_1788618493770@example.com
user975_1788618493770,password123,STUDENT,Generated User 975,user975_1788618493770@example.com
user976_1788618493770,password123,STUDENT,Generated User 976,user976_1788618493770@example.com
user977_1788618493770,password123,STUDENT,Generated User 977,user977_1788618493770@example.com
user978_1788618493770,password123,STUDENT,Generated User 978,user978_1788618493770@example.com
user979_1788618493770,password123,STUDENT,Generated User 979,user979_1788618493770@example.com
user980_1788618493770,password123,STUDENT,Generated User 980,user980_1788618493770@example.com
user981_1788618493770,password123,PARENT,Generated User 981,user981_1788618493770@example.com
user982_1788618493770,password123,STUDENT,Generated User 982,user982_1788618493770@example.com
user983_1788618493770,password123,STUDENT,Generated User 983,user983_1788618493770@example.com
user984_1788618493770,password123,STUDENT,Generated User 984,user984_1788618493770@example.com
user985_1788618493770,password123,STUDENT,Generated User 985,user985_1788618493770@example.com
user986_1788618493770,password123,STUDENT,Generated User 986,user986_1788618493770@example.com
user987_1788618493770,password123,PARENT,Generated User 987,user987_1788618493770@example.com
user988_1788618493770,password123,STUDENT,Generated User 988,user988_1788618493770@example.com
user989_1788618493770,password123,PARENT,Generated User 989,user989_1788618493770@example.com
user990_1788618493770,password123,TEACHER,Generated User 990,user990_1788618493770@example.com
user991_1788618493770,password123,STUDENT,Generated User 991,user991_1788618493770@example.com
user992_1788618493770,password123,STUDENT,Generated User 992,user992_1788618493770@example.com
user993_1788618493770,password123,STUDENT,Generated User 993,user993_1788618493770@example.com
user994_1788618493770,password123,STUDENT,Generated User 994,user994_1788618493770@example.com
user995_1788618493770,password123,TEACHER,Generated User 995,user995_1788618493770@example.com
user996_1788618493770,password123,TEACHER,Generated User 996,user996_1788618493770@example.com
user997_1788618493770,password123,STUDENT,Generated User 997,user997_1788618493770@example.com
user998_1788618493770,password123,STUDENT,Generated User 998,user998_1788618493770@example.com
user999_1788618493770,password123,STUDENT,Generated User 999,user999_1788618493770@example.com
user1000_1788618493770,password123,PARENT,Generated User 1000,user1000_1788618493770@example.com
user1001_1788618493770,password123,STUDENT,Generated User 1001,user1001_1788618493770@example.com
user1002_1788618493770,password123,STUDENT,Generated User 1002,user1002_1788618493770@example.com
user1003_1788618493770,password123,STUDENT,Generated User 1003,user1003_1788618493770@example.com
user1004_1788618493770,password123,STUDENT,Generated User 1004,user1004_1788618493770@example.com
user1005_1788618493770,password123,STUDENT,Generated User 1005,user1005_1788618493770@example.com
user1006_1788618493770,password123,TEACHER,Generated User 1006,user1006_1788618493770@example.com
user1007_1788618493770,password123,STUDENT,Generated User 1007,user1007_1788618493770@example.com
user1008_1788618493770,password123,STUDENT,Generated User 1008,user1008_1788618493770@example.com
user1009_1788618493770,password123,PARENT,Generated User 1009,user1009_1788618493770@example.com
user1010_1788618493770,password123,STUDENT,Generated User 1010,user1010_1788618493770@example.com
user1011_1788618493770,password123,STUDENT,Generated User 1011,user1011_1788618493770@example.com
user1012_1788618493770,password123,TEACHER,Generated User 1012,user1012_1788618493770@example.com
user1013_1788618493770,password123,TEACHER,Generated User 1013,user1013_1788618493770@example.com
user1014_1788618493770,password123,STUDENT,Generated User 1014,user1014_1788618493770@example.com
user1015_1788618493770,password123,STUDENT,Generated User 1015,user1015_1788618493770@example.com
user1016_1788618493770,password123,STUDENT,Generated User 1016,user1016_1788618493770@example.com
user1017_1788618493770,password123,STUDENT,Generated User 1017,user1017_1788618493770@example.com
user1018_1788618493770,password123,STUDENT,Generated User 1018,user1018_1788618493770@example.com
user1019_1788618493770,password123,STUDENT,Generated User 1019,user1019_1788618493770@example.com
user1020_1788618493770,password123,STUDENT,Generated User 1020,user1020_1788618493770@example.com
user1021_1788618493770,password123,STUDENT,Generated User 1021,user1021_1788618493770@example.com
user1022_1788618493770,password123,STUDENT,Generated User 1022,user1022_1788618493770@example.com
user1023_1788618493770,password123,PARENT,Generated User 1023,user1023_1788618493770@example.com
user1024_1788618493770,password123,STUDENT,Generated User 1024,user1024_1788618493770@example.com
user1025_1788618493770,password123,STUDENT,Generated User 1025,user1025_1788618493770@example.com
user1026_1788618493770,password123,STUDENT,Generated User 1026,user1026_1788618493770@example.com
user1027_1788618493770,password123,STUDENT,Generated User 1027,user1027_1788618493770@example.com
user1028_1788618493770,password123,STUDENT,Generated User 1028,user1028_1788618493770@example.com
user1029_1788618493770,password123,PARENT,Generated User 1029,user1029_1788618493770@example.com
user1030_1788618493770,password123,STUDENT,Generated User 1030,user1030_1788618493770@example.com
user1031_1788618493770,password123,STUDENT,Generated User 1031,user1031_1788618493770@example.com
user1032_1788618493770,password123,STUDENT,Generated User 1032,user1032_1788618493770@example.com
user1033_1788618493770,password123,STUDENT,Generated User 1033,user1033_1788618493770@example.com
user1034_1788618493770,password123,STUDENT,Generated User 1034,user1034_1788618493770@example.com
user1035_1788618493770,password123,STUDENT,Generated User 1035,user1035_1788618493770@example.com
user1036_1788618493770,password123,STUDENT,Generated User 1036,user1036_1788618493770@example.com
user1037_1788618493770,password123,STUDENT,Generated User 1037,user1037_1788618493770@example.com
user1038_1788618493770,password123,TEACHER,Generated User 1038,user1038_1788618493770@example.com
user1039_1788618493770,password123,STUDENT,Generated User 1039,user1039_1788618493770@example.com
user1040_1788618493770,password123,STUDENT,Generated User 1040,user1040_1788618493770@example.com
user1041_1788618493770,password123,STUDENT,Generated User 1041,user1041_1788618493770@example.com
user1042_1788618493770,password123,STUDENT,Generated User 1042,user1042_1788618493770@example.com
user1043_1788618493770,password123,STUDENT,Generated User 1043,user1043_1788618493770@example.com
user1044_1788618493770,password123,STUDENT,Generated User 1044,user1044_1788618493770@example.com
user1045_1788618493770,password123,STUDENT,Generated User 1045,user1045_1788618493770@example.com
user1046_1788618493770,password123,STUDENT,Generated User 1046,user1046_1788618493770@example.com
user1047_1788618493770,password123,PARENT,Generated User 1047,user1047_1788618493770@example.com
user1048_1788618493770,password123,PARENT,Generated User 1048,user1048_1788618493770@example.com
user1049_1788618493770,password123,STUDENT,Generated User 1049,user1049_1788618493770@example.com
user1050_1788618493770,password123,STUDENT,Generated User 1050,user1050_1788618493770@example.com
user1051_1788618493770,password123,STUDENT,Generated User 1051,user1051_1788618493770@example.com
user1052_1788618493770,password123,STUDENT,Generated User 1052,user1052_1788618493770@example.com
user1053_1788618493770,password123,STUDENT,Generated User 1053,user1053_1788618493770@example.com
user1054_1788618493770,password123,STUDENT,Generated User 1054,user1054_1788618493770@example.com
user1055_1788618493770,password123,STUDENT,Generated User 1055,user1055_1788618493770@example.com
user1056_1788618493770,password123,PARENT,Generated User 1056,user1056_1788618493770@example.com
user1057_1788618493770,password123,STUDENT,Generated User 1057,user1057_1788618493770@example.com
user1058_1788618493770,password123,STUDENT,Generated User 1058,user1058_1788618493770@example.com
user1059_1788618493770,password123,PARENT,Generated User 1059,user1059_1788618493770@example.com
user1060_1788618493770,password123,STUDENT,Generated User 1060,user1060_1788618493770@example.com
user1061_1788618493770,password123,STUDENT,Generated User 1061,user1061_1788618493770@example.com
user1062_1788618493770,password123,STUDENT,Generated User 1062,user1062_1788618493770@example.com
user1063_1788618493770,password123,STUDENT,Generated User 1063,user1063_1788618493770@example.com
user1064_1788618493770,password123,STUDENT,Generated User 1064,user1064_1788618493770@example.com
user1065_1788618493770,password123,STUDENT,Generated User 1065,user1065_1788618493770@example.com
user1066_1788618493770,password123,STUDENT,Generated User 1066,user1066_1788618493770@example.com
user1067_1788618493770,password123,STUDENT,Generated User 1067,user1067_1788618493770@example.com
user1068_1788618493770,password123,STUDENT,Generated User 1068,user1068_1788618493770@example.com
user1069_1788618493770,password123,STUDENT,Generated User 1069,user1069_1788618493770@example.com
user1070_1788618493770,password123,STUDENT,Generated User 1070,user1070_1788618493770@example.com
user1071_1788618493770,password123,STUDENT,Generated User 1071,user1071_1788618493770@example.com
user1072_1788618493770,password123,STUDENT,Generated User 1072,user1072_1788618493770@example.com
user1073_1788618493770,password123,PARENT,Generated User 1073,user1073_1788618493770@example.com
user1074_1788618493770,password123,STUDENT,Generated User 1074,user1074_1788618493770@example.com
user1075_1788618493770,password123,STUDENT,Generated User 1075,user1075_1788618493770@example.com
user1076_1788618493770,password123,STUDENT,Generated User 1076,user1076_1788618493770@example.com
user1077_1788618493770,password123,STUDENT,Generated User 1077,user1077_1788618493770@example.com
user1078_1788618493770,password123,STUDENT,Generated User 1078,user1078_1788618493770@example.com
user1079_1788618493770,password123,STUDENT,Generated User 1079,user1079_1788618493770@example.com
user1080_1788618493770,password123,STUDENT,Generated User 1080,user1080_1788618493770@example.com
user1081_1788618493770,password123,STUDENT,Generated User 1081,user1081_1788618493770@example.com
user1082_1788618493770,password123,STUDENT,Generated User 1082,user1082_1788618493770@example.com
user1083_1788618493770,password123,TEACHER,Generated User 1083,user1083_1788618493770@example.com
user1084_1788618493770,password123,STUDENT,Generated User 1084,user1084_1788618493770@example.com
user1085_1788618493770,password123,PARENT,Generated User 1085,user1085_1788618493770@example.com
user1086_1788618493770,password123,STUDENT,Generated User 1086,user1086_1788618493770@example.com
user1087_1788618493770,password123,STUDENT,Generated User 1087,user1087_1788618493770@example.com
user1088_1788618493770,password123,STUDENT,Generated User 1088,user1088_1788618493770@example.com
user1089_1788618493770,password123,PARENT,Generated User 1089,user1089_1788618493770@example.com
user1090_1788618493770,password123,STUDENT,Generated User 1090,user1090_1788618493770@example.com
user1091_1788618493770,password123,STUDENT,Generated User 1091,user1091_1788618493770@example.com
user1092_1788618493770,password123,STUDENT,Generated User 1092,user1092_1788618493770@example.com
user1093_1788618493770,password123,STUDENT,Generated User 1093,user1093_1788618493770@example.com
user1094_1788618493770,password123,STUDENT,Generated User 1094,user1094_1788618493770@example.com
user1095_1788618493770,password123,STUDENT,Generated User 1095,user1095_1788618493770@example.com
user1096_1788618493770,password123,STUDENT,Generated User 1096,user1096_1788618493770@example.com
user1097_1788618493770,password123,STUDENT,Generated User 1097,user1097_1788618493770@example.com
user1098_1788618493770,password123,STUDENT,Generated User 1098,user1098_1788618493770@example.com
user1099_1788618493770,password123,STUDENT,Generated User 1099,user1099_1788618493770@example.com
user1100_1788618493770,password123,STUDENT,Generated User 1100,user1100_1788618493770@example.com
user1101_1788618493770,password123,STUDENT,Generated User 1101,user1101_1788618493770@example.com
user1102_1788618493770,password123,STUDENT,Generated User 1102,user1102_1788618493770@example.com
user1103_1788618493770,password123,STUDENT,Generated User 1103,user1103_1788618493770@example.com
user1104_1788618493770,password123,PARENT,Generated User 1104,user1104_1788618493770@example.com
user1105_1788618493770,password123,TEACHER,Generated User 1105,user1105_1788618493770@example.com
user1106_1788618493770,password123,STUDENT,Generated User 1106,user1106_1788618493770@example.com
user1107_1788618493770,password123,STUDENT,Generated User 1107,user1107_1788618493770@example.com
user1108_1788618493770,password123,STUDENT,Generated User 1108,user1108_1788618493770@example.com
user1109_1788618493770,password123,STUDENT,Generated User 1109,user1109_1788618493770@example.com
user1110_1788618493770,password123,STUDENT,Generated User 1110,user1110_1788618493770@example.com
user1111_1788618493770,password123,STUDENT,Generated User 1111,user1111_1788618493770@example.com
user1112_1788618493770,password123,STUDENT,Generated User 1112,user1112_1788618493770@example.com
user1113_1788618493770,password123,STUDENT,Generated User 1113,user1113_1788618493770@example.com
user1114_1788618493770,password123,STUDENT,Generated User 1114,user1114_1788618493770@example.com
user1115_1788618493770,password123,STUDENT,Generated User 1115,user1115_1788618493770@example.com
user1116_1788618493770,password123,STUDENT,Generated User 1116,user1116_1788618493770@example.com
user1117_1788618493770,password123,STUDENT,Generated User 1117,user1117_1788618493770@example.com
user1118_1788618493770,password123,STUDENT,Generated User 1118,user1118_1788618493770@example.com
user1119_1788618493770,password123,STUDENT,Generated User 1119,user1119_1788618493770@example.com
user1120_1788618493770,password123,STUDENT,Generated User 1120,user1120_1788618493770@example.com
user1121_1788618493770,password123,STUDENT,Generated User 1121,user1121_1788618493770@example.com
user1122_1788618493770,password123,STUDENT,Generated User 1122,user1122_1788618493770@example.com
user1123_1788618493770,password123,STUDENT,Generated User 1123,user1123_1788618493770@example.com
user1124_1788618493770,password123,PARENT,Generated User 1124,user1124_1788618493770@example.com
user1125_1788618493770,password123,STUDENT,Generated User 1125,user1125_1788618493770@example.com
user1126_1788618493770,password123,STUDENT,Generated User 1126,user1126_1788618493770@example.com
user1127_1788618493770,password123,TEACHER,Generated User 1127,user1127_1788618493770@example.com
user1128_1788618493770,password123,STUDENT,Generated User 1128,user1128_1788618493770@example.com
user1129_1788618493770,password123,STUDENT,Generated User 1129,user1129_1788618493770@example.com
user1130_1788618493770,password123,STUDENT,Generated User 1130,user1130_1788618493770@example.com
user1131_1788618493770,password123,STUDENT,Generated User 1131,user1131_1788618493770@example.com
user1132_1788618493770,password123,STUDENT,Generated User 1132,user1132_1788618493770@example.com
user1133_1788618493770,password123,STUDENT,Generated User 1133,user1133_1788618493770@example.com
user1134_1788618493770,password123,STUDENT,Generated User 1134,user1134_1788618493770@example.com
user1135_1788618493770,password123,STUDENT,Generated User 1135,user1135_1788618493770@example.com
user1136_1788618493770,password123,STUDENT,Generated User 1136,user1136_1788618493770@example.com
user1137_1788618493770,password123,STUDENT,Generated User 1137,user1137_1788618493770@example.com
user1138_1788618493770,password123,STUDENT,Generated User 1138,user1138_1788618493770@example.com
user1139_1788618493770,password123,STUDENT,Generated User 1139,user1139_1788618493770@example.com
user1140_1788618493770,password123,STUDENT,Generated User 1140,user1140_1788618493770@example.com
user1141_1788618493770,password123,STUDENT,Generated User 1141,user1141_1788618493770@example.com
user1142_1788618493770,password123,STUDENT,Generated User 1142,user1142_1788618493770@example.com
user1143_1788618493770,password123,STUDENT,Generated User 1143,user1143_1788618493770@example.com
user1144_1788618493770,password123,STUDENT,Generated User 1144,user1144_1788618493770@example.com
user1145_1788618493770,password123,STUDENT,Generated User 1145,user1145_1788618493770@example.com
user1146_1788618493770,password123,PARENT,Generated User 1146,user1146_1788618493770@example.com
user1147_1788618493770,password123,STUDENT,Generated User 1147,user1147_1788618493770@example.com
user1148_1788618493770,password123,STUDENT,Generated User 1148,user1148_1788618493770@example.com
user1149_1788618493770,password123,STUDENT,Generated User 1149,user1149_1788618493770@example.com
user1150_1788618493770,password123,STUDENT,Generated User 1150,user1150_1788618493770@example.com
user1151_1788618493770,password123,STUDENT,Generated User 1151,user1151_1788618493770@example.com
user1152_1788618493770,password123,STUDENT,Generated User 1152,user1152_1788618493770@example.com
user1153_1788618493770,password123,PARENT,Generated User 1153,user1153_1788618493770@example.com
user1154_1788618493770,password123,STUDENT,Generated User 1154,user1154_1788618493770@example.com
user1155_1788618493770,password123,STUDENT,Generated User 1155,user1155_1788618493770@example.com
user1156_1788618493770,password123,STUDENT,Generated User 1156,user1156_1788618493770@example.com
user1157_1788618493770,password123,STUDENT,Generated User 1157,user1157_1788618493770@example.com
user1158_1788618493770,password123,STUDENT,Generated User 1158,user1158_1788618493770@example.com
user1159_1788618493770,password123,STUDENT,Generated User 1159,user1159_1788618493770@example.com
user1160_1788618493770,password123,STUDENT,Generated User 1160,user1160_1788618493770@example.com
user1161_1788618493770,password123,STUDENT,Generated User 1161,user1161_1788618493770@example.com
user1162_1788618493770,password123,TEACHER,Generated User 1162,user1162_1788618493770@example.com
user1163_1788618493770,password123,STUDENT,Generated User 1163,user1163_1788618493770@example.com
user1164_1788618493770,password123,STUDENT,Generated User 1164,user1164_1788618493770@example.com
user1165_1788618493770,password123,STUDENT,Generated User 1165,user1165_1788618493770@example.com
user1166_1788618493770,password123,PARENT,Generated User 1166,user1166_1788618493770@example.com
user1167_1788618493770,password123,STUDENT,Generated User 1167,user1167_1788618493770@example.com
user1168_1788618493770,password123,STUDENT,Generated User 1168,user1168_1788618493770@example.com
user1169_1788618493770,password123,STUDENT,Generated User 1169,user1169_1788618493770@example.com
user1170_1788618493770,password123,STUDENT,Generated User 1170,user1170_1788618493770@example.com
user1171_1788618493770,password123,STUDENT,Generated User 1171,user1171_1788618493770@example.com
user1172_1788618493770,password123,STUDENT,Generated User 1172,user1172_1788618493770@example.com
user1173_1788618493770,password123,STUDENT,Generated User 1173,user1173_1788618493770@example.com
user1174_1788618493770,password123,STUDENT,Generated User 1174,user1174_1788618493770@example.com
user1175_1788618493770,password123,PARENT,Generated User 1175,user1175_1788618493770@example.com
user1176_1788618493770,password123,STUDENT,Generated User 1176,user1176_1788618493770@example.com
user1177_1788618493770,password123,TEACHER,Generated User 1177,user1177_1788618493770@example.com
user1178_1788618493770,password123,STUDENT,Generated User 1178,user1178_1788618493770@example.com
user1179_1788618493770,password123,PARENT,Generated User 1179,user1179_1788618493770@example.com
user1180_1788618493770,password123,STUDENT,Generated User 1180,user1180_1788618493770@example.com
user1181_1788618493770,password123,TEACHER,Generated User 1181,user1181_1788618493770@example.com
user1182_1788618493770,password123,PARENT,Generated User 1182,user1182_1788618493770@example.com
user1183_1788618493770,password123,STUDENT,Generated User 1183,user1183_1788618493770@example.com
user1184_1788618493770,password123,TEACHER,Generated User 1184,user1184_1788618493770@example.com
user1185_1788618493770,password123,STUDENT,Generated User 1185,user1185_1788618493770@example.com
user1186_1788618493770,password123,TEACHER,Generated User 1186,user1186_1788618493770@example.com
user1187_1788618493770,password123,STUDENT,Generated User 1187,user1187_1788618493770@example.com
user1188_1788618493770,password123,STUDENT,Generated User 1188,user1188_1788618493770@example.com
user1189_1788618493770,password123,STUDENT,Generated User 1189,user1189_1788618493770@example.com
user1190_1788618493770,password123,STUDENT,Generated User 1190,user1190_1788618493770@example.com
user1191_1788618493770,password123,TEACHER,Generated User 1191,user1191_1788618493770@example.com
user1192_1788618493770,password123,STUDENT,Generated User 1192,user1192_1788618493770@example.com
user1193_1788618493770,password123,STUDENT,Generated User 1193,user1193_1788618493770@example.com
user1194_1788618493770,password123,STUDENT,Generated User 1194,user1194_1788618493770@example.com
user1195_1788618493770,password123,STUDENT,Generated User 1195,user1195_1788618493770@example.com
user1196_1788618493770,password123,STUDENT,Generated User 1196,user1196_1788618493770@example.com
user1197_1788618493770,password123,STUDENT,Generated User 1197,user1197_1788618493770@example.com
user1198_1788618493770,password123,TEACHER,Generated User 1198,user1198_1788618493770@example.com
user1199_1788618493770,password123,STUDENT,Generated User 1199,user1199_1788618493770@example.com
user1200_1788618493770,password123,STUDENT,Generated User 1200,user1200_1788618493770@example.com
user1201_1788618493770,password123,STUDENT,Generated User 1201,user1201_1788618493770@example.com
user1202_1788618493770,password123,STUDENT,Generated User 1202,user1202_1788618493770@example.com
user1203_1788618493770,password123,STUDENT,Generated User 1203,user1203_1788618493770@example.com
user1204_1788618493770,password123,STUDENT,Generated User 1204,user1204_1788618493770@example.com
user1205_1788618493770,password123,PARENT,Generated User 1205,user1205_1788618493770@example.com
user1206_1788618493770,password123,STUDENT,Generated User 1206,user1206_1788618493770@example.com
user1207_1788618493770,password123,STUDENT,Generated User 1207,user1207_1788618493770@example.com
user1208_1788618493770,password123,STUDENT,Generated User 1208,user1208_1788618493770@example.com
user1209_1788618493770,password123,PARENT,Generated User 1209,user1209_1788618493770@example.com
user1210_1788618493770,password123,STUDENT,Generated User 1210,user1210_1788618493770@example.com
user1211_1788618493770,password123,TEACHER,Generated User 1211,user1211_1788618493770@example.com
user1212_1788618493770,password123,PARENT,Generated User 1212,user1212_1788618493770@example.com
user1213_1788618493771,password123,STUDENT,Generated User 1213,user1213_1788618493771@example.com
user1214_1788618493771,password123,STUDENT,Generated User 1214,user1214_1788618493771@example.com
user1215_1788618493771,password123,STUDENT,Generated User 1215,user1215_1788618493771@example.com
user1216_1788618493771,password123,STUDENT,Generated User 1216,user1216_1788618493771@example.com
user1217_1788618493771,password123,TEACHER,Generated User 1217,user1217_1788618493771@example.com
user1218_1788618493771,password123,STUDENT,Generated User 1218,user1218_1788618493771@example.com
user1219_1788618493771,password123,STUDENT,Generated User 1219,user1219_1788618493771@example.com
user1220_1788618493771,password123,STUDENT,Generated User 1220,user1220_1788618493771@example.com
user1221_1788618493771,password123,STUDENT,Generated User 1221,user1221_1788618493771@example.com
user1222_1788618493771,password123,PARENT,Generated User 1222,user1222_1788618493771@example.com
user1223_1788618493771,password123,STUDENT,Generated User 1223,user1223_1788618493771@example.com
user1224_1788618493771,password123,STUDENT,Generated User 1224,user1224_1788618493771@example.com
user1225_1788618493771,password123,STUDENT,Generated User 1225,user1225_1788618493771@example.com
user1226_1788618493771,password123,STUDENT,Generated User 1226,user1226_1788618493771@example.com
user1227_1788618493771,password123,STUDENT,Generated User 1227,user1227_1788618493771@example.com
user1228_1788618493771,password123,STUDENT,Generated User 1228,user1228_1788618493771@example.com
user1229_1788618493771,password123,TEACHER,Generated User 1229,user1229_1788618493771@example.com
user1230_1788618493771,password123,STUDENT,Generated User 1230,user1230_1788618493771@example.com
user1231_1788618493771,password123,STUDENT,Generated User 1231,user1231_1788618493771@example.com
user1232_1788618493771,password123,STUDENT,Generated User 1232,user1232_1788618493771@example.com
user1233_1788618493771,password123,STUDENT,Generated User 1233,user1233_1788618493771@example.com
user1234_1788618493771,password123,STUDENT,Generated User 1234,user1234_1788618493771@example.com
user1235_1788618493771,password123,STUDENT,Generated User 1235,user1235_1788618493771@example.com
user1236_1788618493771,password123,STUDENT,Generated User 1236,user1236_1788618493771@example.com
user1237_1788618493771,password123,STUDENT,Generated User 1237,user1237_1788618493771@example.com
user1238_1788618493771,password123,PARENT,Generated User 1238,user1238_1788618493771@example.com
user1239_1788618493771,password123,STUDENT,Generated User 1239,user1239_1788618493771@example.com
user1240_1788618493771,password123,PARENT,Generated User 1240,user1240_1788618493771@example.com
user1241_1788618493771,password123,STUDENT,Generated User 1241,user1241_1788618493771@example.com
user1242_1788618493771,password123,STUDENT,Generated User 1242,user1242_1788618493771@example.com
user1243_1788618493771,password123,STUDENT,Generated User 1243,user1243_1788618493771@example.com
user1244_1788618493771,password123,STUDENT,Generated User 1244,user1244_1788618493771@example.com
user1245_1788618493771,password123,STUDENT,Generated User 1245,user1245_1788618493771@example.com
user1246_1788618493771,password123,STUDENT,Generated User 1246,user1246_1788618493771@example.com
user1247_1788618493771,password123,STUDENT,Generated User 1247,user1247_1788618493771@example.com
user1248_1788618493771,password123,STUDENT,Generated User 1248,user1248_1788618493771@example.com
user1249_1788618493771,password123,STUDENT,Generated User 1249,user1249_1788618493771@example.com
user1250_1788618493771,password123,STUDENT,Generated User 1250,user1250_1788618493771@example.com
user1251_1788618493771,password123,STUDENT,Generated User 1251,user1251_1788618493771@example.com
user1252_1788618493771,password123,STUDENT,Generated User 1252,user1252_1788618493771@example.com
user1253_1788618493771,password123,PARENT,Generated User 1253,user1253_1788618493771@example.com
user1254_1788618493771,password123,STUDENT,Generated User 1254,user1254_1788618493771@example.com
user1255_1788618493771,password123,STUDENT,Generated User 1255,user1255_1788618493771@example.com
user1256_1788618493771,password123,STUDENT,Generated User 1256,user1256_1788618493771@example.com
user1257_1788618493771,password123,STUDENT,Generated User 1257,user1257_1788618493771@example.com
user1258_1788618493771,password123,STUDENT,Generated User 1258,user1258_1788618493771@example.com
user1259_1788618493771,password123,STUDENT,Generated User 1259,user1259_1788618493771@example.com
user1260_1788618493771,password123,STUDENT,Generated User 1260,user1260_1788618493771@example.com
user1261_1788618493771,password123,STUDENT,Generated User 1261,user1261_1788618493771@example.com
user1262_1788618493771,password123,STUDENT,Generated User 1262,user1262_1788618493771@example.com
user1263_1788618493771,password123,TEACHER,Generated User 1263,user1263_1788618493771@example.com
user1264_1788618493771,password123,STUDENT,Generated User 1264,user1264_1788618493771@example.com
user1265_1788618493771,password123,STUDENT,Generated User 1265,user1265_1788618493771@example.com
user1266_1788618493771,password123,STUDENT,Generated User 1266,user1266_1788618493771@example.com
user1267_1788618493771,password123,TEACHER,Generated User 1267,user1267_1788618493771@example.com
user1268_1788618493771,password123,TEACHER,Generated User 1268,user1268_1788618493771@example.com
user1269_1788618493771,password123,STUDENT,Generated User 1269,user1269_1788618493771@example.com
user1270_1788618493771,password123,STUDENT,Generated User 1270,user1270_1788618493771@example.com
user1271_1788618493771,password123,STUDENT,Generated User 1271,user1271_1788618493771@example.com
user1272_1788618493771,password123,STUDENT,Generated User 1272,user1272_1788618493771@example.com
user1273_1788618493771,password123,STUDENT,Generated User 1273,user1273_1788618493771@example.com
user1274_1788618493771,password123,TEACHER,Generated User 1274,user1274_1788618493771@example.com
user1275_1788618493771,password123,TEACHER,Generated User 1275,user1275_1788618493771@example.com
user1276_1788618493771,password123,PARENT,Generated User 1276,user1276_1788618493771@example.com
user1277_1788618493771,password123,STUDENT,Generated User 1277,user1277_1788618493771@example.com
user1278_1788618493771,password123,STUDENT,Generated User 1278,user1278_1788618493771@example.com
user1279_1788618493771,password123,STUDENT,Generated User 1279,user1279_1788618493771@example.com
user1280_1788618493771,password123,STUDENT,Generated User 1280,user1280_1788618493771@example.com
user1281_1788618493771,password123,PARENT,Generated User 1281,user1281_1788618493771@example.com
user1282_1788618493771,password123,STUDENT,Generated User 1282,user1282_1788618493771@example.com
user1283_1788618493771,password123,STUDENT,Generated User 1283,user1283_1788618493771@example.com
user1284_1788618493771,password123,STUDENT,Generated User 1284,user1284_1788618493771@example.com
user1285_1788618493771,password123,PARENT,Generated User 1285,user1285_1788618493771@example.com
user1286_1788618493771,password123,PARENT,Generated User 1286,user1286_1788618493771@example.com
user1287_1788618493771,password123,STUDENT,Generated User 1287,user1287_1788618493771@example.com
user1288_1788618493771,password123,STUDENT,Generated User 1288,user1288_1788618493771@example.com
user1289_1788618493771,password123,STUDENT,Generated User 1289,user1289_1788618493771@example.com
user1290_1788618493771,password123,TEACHER,Generated User 1290,user1290_1788618493771@example.com
user1291_1788618493771,password123,STUDENT,Generated User 1291,user1291_1788618493771@example.com
user1292_1788618493771,password123,STUDENT,Generated User 1292,user1292_1788618493771@example.com
user1293_1788618493771,password123,STUDENT,Generated User 1293,user1293_1788618493771@example.com
user1294_1788618493771,password123,STUDENT,Generated User 1294,user1294_1788618493771@example.com
user1295_1788618493771,password123,PARENT,Generated User 1295,user1295_1788618493771@example.com
user1296_1788618493771,password123,STUDENT,Generated User 1296,user1296_1788618493771@example.com
user1297_1788618493771,password123,PARENT,Generated User 1297,user1297_1788618493771@example.com
user1298_1788618493771,password123,TEACHER,Generated User 1298,user1298_1788618493771@example.com
user1299_1788618493771,password123,STUDENT,Generated User 1299,user1299_1788618493771@example.com
user1300_1788618493771,password123,STUDENT,Generated User 1300,user1300_1788618493771@example.com
user1301_1788618493771,password123,STUDENT,Generated User 1301,user1301_1788618493771@example.com
user1302_1788618493771,password123,TEACHER,Generated User 1302,user1302_1788618493771@example.com
user1303_1788618493771,password123,STUDENT,Generated User 1303,user1303_1788618493771@example.com
user1304_1788618493771,password123,STUDENT,Generated User 1304,user1304_1788618493771@example.com
user1305_1788618493771,password123,STUDENT,Generated User 1305,user1305_1788618493771@example.com
user1306_1788618493771,password123,STUDENT,Generated User 1306,user1306_1788618493771@example.com
user1307_1788618493771,password123,STUDENT,Generated User 1307,user1307_1788618493771@example.com
user1308_1788618493771,password123,STUDENT,Generated User 1308,user1308_1788618493771@example.com
user1309_1788618493771,password123,STUDENT,Generated User 1309,user1309_1788618493771@example.com
user1310_1788618493771,password123,STUDENT,Generated User 1310,user1310_1788618493771@example.com
user1311_1788618493771,password123,STUDENT,Generated User 1311,user1311_1788618493771@example.com
user1312_1788618493771,password123,STUDENT,Generated User 1312,user1312_1788618493771@example.com
user1313_1788618493771,password123,STUDENT,Generated User 1313,user1313_1788618493771@example.com
user1314_1788618493771,password123,STUDENT,Generated User 1314,user1314_1788618493771@example.com
user1315_1788618493771,password123,STUDENT,Generated User 1315,user1315_1788618493771@example.com
user1316_1788618493771,password123,PARENT,Generated User 1316,user1316_1788618493771@example.com
user1317_1788618493771,password123,TEACHER,Generated User 1317,user1317_1788618493771@example.com
user1318_1788618493771,password123,STUDENT,Generated User 1318,user1318_1788618493771@example.com
user1319_1788618493771,password123,STUDENT,Generated User 1319,user1319_1788618493771@example.com
user1320_1788618493771,password123,PARENT,Generated User 1320,user1320_1788618493771@example.com
user1321_1788618493771,password123,PARENT,Generated User 1321,user1321_1788618493771@example.com
user1322_1788618493771,password123,TEACHER,Generated User 1322,user1322_1788618493771@example.com
user1323_1788618493771,password123,STUDENT,Generated User 1323,user1323_1788618493771@example.com
user1324_1788618493771,password123,STUDENT,Generated User 1324,user1324_1788618493771@example.com
user1325_1788618493771,password123,STUDENT,Generated User 1325,user1325_1788618493771@example.com
user1326_1788618493771,password123,STUDENT,Generated User 1326,user1326_1788618493771@example.com
user1327_1788618493771,password123,STUDENT,Generated User 1327,user1327_1788618493771@example.com
user1328_1788618493771,password123,STUDENT,Generated User 1328,user1328_1788618493771@example.com
user1329_1788618493771,password123,STUDENT,Generated User 1329,user1329_1788618493771@example.com
user1330_1788618493771,password123,STUDENT,Generated User 1330,user1330_1788618493771@example.com
user1331_1788618493771,password123,STUDENT,Generated User 1331,user1331_1788618493771@example.com
user1332_1788618493771,password123,STUDENT,Generated User 1332,user1332_1788618493771@example.com
user1333_1788618493771,password123,STUDENT,Generated User 1333,user1333_1788618493771@example.com
user1334_1788618493771,password123,TEACHER,Generated User 1334,user1334_1788618493771@example.com
user1335_1788618493771,password123,TEACHER,Generated User 1335,user1335_1788618493771@example.com
user1336_1788618493771,password123,STUDENT,Generated User 1336,user1336_1788618493771@example.com
user1337_1788618493771,password123,STUDENT,Generated User 1337,user1337_1788618493771@example.com
user1338_1788618493771,password123,STUDENT,Generated User 1338,user1338_1788618493771@example.com
user1339_1788618493771,password123,TEACHER,Generated User 1339,user1339_1788618493771@example.com
user1340_1788618493771,password123,STUDENT,Generated User 1340,user1340_1788618493771@example.com
user1341_1788618493771,password123,STUDENT,Generated User 1341,user1341_1788618493771@example.com
user1342_1788618493771,password123,STUDENT,Generated User 1342,user1342_1788618493771@example.com
user1343_1788618493771,password123,STUDENT,Generated User 1343,user1343_1788618493771@example.com
user1344_1788618493771,password123,STUDENT,Generated User 1344,user1344_1788618493771@example.com
user1345_1788618493771,password123,STUDENT,Generated User 1345,user1345_1788618493771@example.com
user1346_1788618493771,password123,STUDENT,Generated User 1346,user1346_1788618493771@example.com
user1347_1788618493771,password123,STUDENT,Generated User 1347,user1347_1788618493771@example.com
user1348_1788618493771,password123,STUDENT,Generated User 1348,user1348_1788618493771@example.com
user1349_1788618493771,password123,STUDENT,Generated User 1349,user1349_1788618493771@example.com
user1350_1788618493771,password123,STUDENT,Generated User 1350,user1350_1788618493771@example.com
user1351_1788618493771,password123,STUDENT,Generated User 1351,user1351_1788618493771@example.com
user1352_1788618493771,password123,STUDENT,Generated User 1352,user1352_1788618493771@example.com
user1353_1788618493771,password123,STUDENT,Generated User 1353,user1353_1788618493771@example.com
user1354_1788618493771,password123,PARENT,Generated User 1354,user1354_1788618493771@example.com
user1355_1788618493771,password123,STUDENT,Generated User 1355,user1355_1788618493771@example.com
user1356_1788618493771,password123,STUDENT,Generated User 1356,user1356_1788618493771@example.com
user1357_1788618493771,password123,STUDENT,Generated User 1357,user1357_1788618493771@example.com
user1358_1788618493771,password123,STUDENT,Generated User 1358,user1358_1788618493771@example.com
user1359_1788618493771,password123,STUDENT,Generated User 1359,user1359_1788618493771@example.com
user1360_1788618493771,password123,STUDENT,Generated User 1360,user1360_1788618493771@example.com
user1361_1788618493771,password123,PARENT,Generated User 1361,user1361_1788618493771@example.com
user1362_1788618493771,password123,TEACHER,Generated User 1362,user1362_1788618493771@example.com
user1363_1788618493771,password123,STUDENT,Generated User 1363,user1363_1788618493771@example.com
user1364_1788618493771,password123,TEACHER,Generated User 1364,user1364_1788618493771@example.com
user1365_1788618493771,password123,STUDENT,Generated User 1365,user1365_1788618493771@example.com
user1366_1788618493771,password123,STUDENT,Generated User 1366,user1366_1788618493771@example.com
user1367_1788618493771,password123,STUDENT,Generated User 1367,user1367_1788618493771@example.com
user1368_1788618493771,password123,STUDENT,Generated User 1368,user1368_1788618493771@example.com
user1369_1788618493771,password123,STUDENT,Generated User 1369,user1369_1788618493771@example.com
user1370_1788618493771,password123,STUDENT,Generated User 1370,user1370_1788618493771@example.com
user1371_1788618493771,password123,STUDENT,Generated User 1371,user1371_1788618493771@example.com
user1372_1788618493771,password123,STUDENT,Generated User 1372,user1372_1788618493771@example.com
user1373_1788618493771,password123,STUDENT,Generated User 1373,user1373_1788618493771@example.com
user1374_1788618493771,password123,PARENT,Generated User 1374,user1374_1788618493771@example.com
user1375_1788618493771,password123,STUDENT,Generated User 1375,user1375_1788618493771@example.com
user1376_1788618493771,password123,STUDENT,Generated User 1376,user1376_1788618493771@example.com
user1377_1788618493771,password123,STUDENT,Generated User 1377,user1377_1788618493771@example.com
user1378_1788618493771,password123,STUDENT,Generated User 1378,user1378_1788618493771@example.com
user1379_1788618493771,password123,STUDENT,Generated User 1379,user1379_1788618493771@example.com
user1380_1788618493771,password123,STUDENT,Generated User 1380,user1380_1788618493771@example.com
user1381_1788618493771,password123,PARENT,Generated User 1381,user1381_1788618493771@example.com
user1382_1788618493771,password123,STUDENT,Generated User 1382,user1382_1788618493771@example.com
user1383_1788618493771,password123,PARENT,Generated User 1383,user1383_1788618493771@example.com
user1384_1788618493771,password123,STUDENT,Generated User 1384,user1384_1788618493771@example.com
user1385_1788618493771,password123,STUDENT,Generated User 1385,user1385_1788618493771@example.com
user1386_1788618493771,password123,STUDENT,Generated User 1386,user1386_1788618493771@example.com
user1387_1788618493771,password123,STUDENT,Generated User 1387,user1387_1788618493771@example.com
user1388_1788618493771,password123,TEACHER,Generated User 1388,user1388_1788618493771@example.com
user1389_1788618493771,password123,STUDENT,Generated User 1389,user1389_1788618493771@example.com
user1390_1788618493771,password123,STUDENT,Generated User 1390,user1390_1788618493771@example.com
user1391_1788618493771,password123,PARENT,Generated User 1391,user1391_1788618493771@example.com
user1392_1788618493771,password123,PARENT,Generated User 1392,user1392_1788618493771@example.com
user1393_1788618493771,password123,PARENT,Generated User 1393,user1393_1788618493771@example.com
user1394_1788618493771,password123,STUDENT,Generated User 1394,user1394_1788618493771@example.com
user1395_1788618493771,password123,STUDENT,Generated User 1395,user1395_1788618493771@example.com
user1396_1788618493771,password123,TEACHER,Generated User 1396,user1396_1788618493771@example.com
user1397_1788618493771,password123,STUDENT,Generated User 1397,user1397_1788618493771@example.com
user1398_1788618493771,password123,STUDENT,Generated User 1398,user1398_1788618493771@example.com
user1399_1788618493771,password123,TEACHER,Generated User 1399,user1399_1788618493771@example.com
user1400_1788618493771,password123,STUDENT,Generated User 1400,user1400_1788618493771@example.com
user1401_1788618493771,password123,TEACHER,Generated User 1401,user1401_1788618493771@example.com
user1402_1788618493771,password123,STUDENT,Generated User 1402,user1402_1788618493771@example.com
user1403_1788618493771,password123,STUDENT,Generated User 1403,user1403_1788618493771@example.com
user1404_1788618493771,password123,STUDENT,Generated User 1404,user1404_1788618493771@example.com
user1405_1788618493771,password123,STUDENT,Generated User 1405,user1405_1788618493771@example.com
user1406_1788618493771,password123,STUDENT,Generated User 1406,user1406_1788618493771@example.com
user1407_1788618493771,password123,STUDENT,Generated User 1407,user1407_1788618493771@example.com
user1408_1788618493771,password123,STUDENT,Generated User 1408,user1408_1788618493771@example.com
user1409_1788618493771,password123,STUDENT,Generated User 1409,user1409_1788618493771@example.com
user1410_1788618493771,password123,STUDENT,Generated User 1410,user1410_1788618493771@example.com
user1411_1788618493771,password123,TEACHER,Generated User 1411,user1411_1788618493771@example.com
user1412_1788618493771,password123,STUDENT,Generated User 1412,user1412_1788618493771@example.com
user1413_1788618493771,password123,TEACHER,Generated User 1413,user1413_1788618493771@example.com
user1414_1788618493771,password123,STUDENT,Generated User 1414,user1414_1788618493771@example.com
user1415_1788618493771,password123,STUDENT,Generated User 1415,user1415_1788618493771@example.com
user1416_1788618493771,password123,STUDENT,Generated User 1416,user1416_1788618493771@example.com
user1417_1788618493771,password123,STUDENT,Generated User 1417,user1417_1788618493771@example.com
user1418_1788618493771,password123,STUDENT,Generated User 1418,user1418_1788618493771@example.com
user1419_1788618493771,password123,STUDENT,Generated User 1419,user1419_1788618493771@example.com
user1420_1788618493771,password123,STUDENT,Generated User 1420,user1420_1788618493771@example.com
user1421_1788618493771,password123,TEACHER,Generated User 1421,user1421_1788618493771@example.com
user1422_1788618493771,password123,STUDENT,Generated User 1422,user1422_1788618493771@example.com
user1423_1788618493771,password123,STUDENT,Generated User 1423,user1423_1788618493771@example.com
user1424_1788618493771,password123,STUDENT,Generated User 1424,user1424_1788618493771@example.com
user1425_1788618493771,password123,STUDENT,Generated User 1425,user1425_1788618493771@example.com
user1426_1788618493771,password123,STUDENT,Generated User 1426,user1426_1788618493771@example.com
user1427_1788618493771,password123,STUDENT,Generated User 1427,user1427_1788618493771@example.com
user1428_1788618493771,password123,STUDENT,Generated User 1428,user1428_1788618493771@example.com
user1429_1788618493771,password123,STUDENT,Generated User 1429,user1429_1788618493771@example.com
user1430_1788618493771,password123,STUDENT,Generated User 1430,user1430_1788618493771@example.com
user1431_1788618493771,password123,STUDENT,Generated User 1431,user1431_1788618493771@example.com
user1432_1788618493771,password123,STUDENT,Generated User 1432,user1432_1788618493771@example.com
user1433_1788618493771,password123,STUDENT,Generated User 1433,user1433_1788618493771@example.com
user1434_1788618493771,password123,STUDENT,Generated User 1434,user1434_1788618493771@example.com
user1435_1788618493771,password123,STUDENT,Generated User 1435,user1435_1788618493771@example.com
user1436_1788618493771,password123,STUDENT,Generated User 1436,user1436_1788618493771@example.com
user1437_1788618493771,password123,STUDENT,Generated User 1437,user1437_1788618493771@example.com
user1438_1788618493771,password123,STUDENT,Generated User 1438,user1438_1788618493771@example.com
user1439_1788618493771,password123,TEACHER,Generated User 1439,user1439_1788618493771@example.com
user1440_1788618493771,password123,STUDENT,Generated User 1440,user1440_1788618493771@example.com
user1441_1788618493771,password123,STUDENT,Generated User 1441,user1441_1788618493771@example.com
user1442_1788618493771,password123,STUDENT,Generated User 1442,user1442_1788618493771@example.com
user1443_1788618493771,password123,STUDENT,Generated User 1443,user1443_1788618493771@example.com
user1444_1788618493771,password123,STUDENT,Generated User 1444,user1444_1788618493771@example.com
user1445_1788618493771,password123,STUDENT,Generated User 1445,user1445_1788618493771@example.com
user1446_1788618493771,password123,STUDENT,Generated User 1446,user1446_1788618493771@example.com
user1447_1788618493771,password123,PARENT,Generated User 1447,user1447_1788618493771@example.com
user1448_1788618493771,password123,STUDENT,Generated User 1448,user1448_1788618493771@example.com
user1449_1788618493771,password123,STUDENT,Generated User 1449,user1449_1788618493771@example.com
user1450_1788618493771,password123,STUDENT,Generated User 1450,user1450_1788618493771@example.com
user1451_1788618493771,password123,STUDENT,Generated User 1451,user1451_1788618493771@example.com
user1452_1788618493771,password123,STUDENT,Generated User 1452,user1452_1788618493771@example.com
user1453_1788618493771,password123,STUDENT,Generated User 1453,user1453_1788618493771@example.com
user1454_1788618493771,password123,PARENT,Generated User 1454,user1454_1788618493771@example.com
user1455_1788618493771,password123,STUDENT,Generated User 1455,user1455_1788618493771@example.com
user1456_1788618493771,password123,STUDENT,Generated User 1456,user1456_1788618493771@example.com
user1457_1788618493771,password123,STUDENT,Generated User 1457,user1457_1788618493771@example.com
user1458_1788618493771,password123,STUDENT,Generated User 1458,user1458_1788618493771@example.com
user1459_1788618493771,password123,STUDENT,Generated User 1459,user1459_1788618493771@example.com
user1460_1788618493771,password123,STUDENT,Generated User 1460,user1460_1788618493771@example.com
user1461_1788618493771,password123,STUDENT,Generated User 1461,user1461_1788618493771@example.com
user1462_1788618493771,password123,STUDENT,Generated User 1462,user1462_1788618493771@example.com
user1463_1788618493771,password123,STUDENT,Generated User 1463,user1463_1788618493771@example.com
user1464_1788618493771,password123,PARENT,Generated User 1464,user1464_1788618493771@example.com
user1465_1788618493771,password123,STUDENT,Generated User 1465,user1465_1788618493771@example.com
user1466_1788618493771,password123,PARENT,Generated User 1466,user1466_1788618493771@example.com
user1467_1788618493771,password123,STUDENT,Generated User 1467,user1467_1788618493771@example.com
user1468_1788618493771,password123,STUDENT,Generated User 1468,user1468_1788618493771@example.com
user1469_1788618493771,password123,TEACHER,Generated User 1469,user1469_1788618493771@example.com
user1470_1788618493771,password123,STUDENT,Generated User 1470,user1470_1788618493771@example.com
user1471_1788618493771,password123,STUDENT,Generated User 1471,user1471_1788618493771@example.com
user1472_1788618493771,password123,STUDENT,Generated User 1472,user1472_1788618493771@example.com
user1473_1788618493771,password123,STUDENT,Generated User 1473,user1473_1788618493771@example.com
user1474_1788618493771,password123,STUDENT,Generated User 1474,user1474_1788618493771@example.com
user1475_1788618493771,password123,STUDENT,Generated User 1475,user1475_1788618493771@example.com
user1476_1788618493771,password123,STUDENT,Generated User 1476,user1476_1788618493771@example.com
user1477_1788618493771,password123,STUDENT,Generated User 1477,user1477_1788618493771@example.com
user1478_1788618493771,password123,TEACHER,Generated User 1478,user1478_1788618493771@example.com
user1479_1788618493771,password123,STUDENT,Generated User 1479,user1479_1788618493771@example.com
user1480_1788618493771,password123,STUDENT,Generated User 1480,user1480_1788618493771@example.com
user1481_1788618493771,password123,STUDENT,Generated User 1481,user1481_1788618493771@example.com
user1482_1788618493771,password123,STUDENT,Generated User 1482,user1482_1788618493771@example.com
user1483_1788618493771,password123,STUDENT,Generated User 1483,user1483_1788618493771@example.com
user1484_1788618493771,password123,STUDENT,Generated User 1484,user1484_1788618493771@example.com
user1485_1788618493771,password123,STUDENT,Generated User 1485,user1485_1788618493771@example.com
user1486_1788618493771,password123,TEACHER,Generated User 1486,user1486_1788618493771@example.com
user1487_1788618493771,password123,STUDENT,Generated User 1487,user1487_1788618493771@example.com
user1488_1788618493771,password123,PARENT,Generated User 1488,user1488_1788618493771@example.com
user1489_1788618493771,password123,PARENT,Generated User 1489,user1489_1788618493771@example.com
user1490_1788618493771,password123,STUDENT,Generated User 1490,user1490_1788618493771@example.com
user1491_1788618493771,password123,STUDENT,Generated User 1491,user1491_1788618493771@example.com
user1492_1788618493771,password123,STUDENT,Generated User 1492,user1492_1788618493771@example.com
user1493_1788618493771,password123,TEACHER,Generated User 1493,user1493_1788618493771@example.com
user1494_1788618493771,password123,STUDENT,Generated User 1494,user1494_1788618493771@example.com
user1495_1788618493771,password123,STUDENT,Generated User 1495,user1495_1788618493771@example.com
user1496_1788618493771,password123,STUDENT,Generated User 1496,user1496_1788618493771@example.com
user1497_1788618493771,password123,STUDENT,Generated User 1497,user1497_1788618493771@example.com
user1498_1788618493771,password123,STUDENT,Generated User 1498,user1498_1788618493771@example.com
user1499_1788618493771,password123,STUDENT,Generated User 1499,user1499_1788618493771@example.com
user1500_1788618493771,password123,TEACHER,Generated User 1500,user1500_1788618493771@example.com
user1501_1788618493771,password123,STUDENT,Generated User 1501,user1501_1788618493771@example.com
user1502_1788618493771,password123,STUDENT,Generated User 1502,user1502_1788618493771@example.com
user1503_1788618493771,password123,PARENT,Generated User 1503,user1503_1788618493771@example.com
user1504_1788618493771,password123,STUDENT,Generated User 1504,user1504_1788618493771@example.com
user1505_1788618493771,password123,STUDENT,Generated User 1505,user1505_1788618493771@example.com
user1506_1788618493771,password123,STUDENT,Generated User 1506,user1506_1788618493771@example.com
user1507_1788618493771,password123,STUDENT,Generated User 1507,user1507_1788618493771@example.com
user1508_1788618493771,password123,TEACHER,Generated User 1508,user1508_1788618493771@example.com
user1509_1788618493771,password123,STUDENT,Generated User 1509,user1509_1788618493771@example.com
user1510_1788618493771,password123,STUDENT,Generated User 1510,user1510_1788618493771@example.com
user1511_1788618493771,password123,STUDENT,Generated User 1511,user1511_1788618493771@example.com
user1512_1788618493771,password123,STUDENT,Generated User 1512,user1512_1788618493771@example.com
user1513_1788618493771,password123,STUDENT,Generated User 1513,user1513_1788618493771@example.com
user1514_1788618493771,password123,STUDENT,Generated User 1514,user1514_1788618493771@example.com
user1515_1788618493771,password123,STUDENT,Generated User 1515,user1515_1788618493771@example.com
user1516_1788618493771,password123,STUDENT,Generated User 1516,user1516_1788618493771@example.com
user1517_1788618493771,password123,PARENT,Generated User 1517,user1517_1788618493771@example.com
user1518_1788618493771,password123,STUDENT,Generated User 1518,user1518_1788618493771@example.com
user1519_1788618493771,password123,STUDENT,Generated User 1519,user1519_1788618493771@example.com
user1520_1788618493771,password123,PARENT,Generated User 1520,user1520_1788618493771@example.com
user1521_1788618493771,password123,STUDENT,Generated User 1521,user1521_1788618493771@example.com
user1522_1788618493771,password123,PARENT,Generated User 1522,user1522_1788618493771@example.com
user1523_1788618493771,password123,STUDENT,Generated User 1523,user1523_1788618493771@example.com
user1524_1788618493771,password123,TEACHER,Generated User 1524,user1524_1788618493771@example.com
user1525_1788618493771,password123,TEACHER,Generated User 1525,user1525_1788618493771@example.com
user1526_1788618493771,password123,STUDENT,Generated User 1526,user1526_1788618493771@example.com
user1527_1788618493771,password123,PARENT,Generated User 1527,user1527_1788618493771@example.com
user1528_1788618493771,password123,STUDENT,Generated User 1528,user1528_1788618493771@example.com
user1529_1788618493771,password123,STUDENT,Generated User 1529,user1529_1788618493771@example.com
user1530_1788618493771,password123,STUDENT,Generated User 1530,user1530_1788618493771@example.com
user1531_1788618493771,password123,STUDENT,Generated User 1531,user1531_1788618493771@example.com
user1532_1788618493771,password123,PARENT,Generated User 1532,user1532_1788618493771@example.com
user1533_1788618493771,password123,STUDENT,Generated User 1533,user1533_1788618493771@example.com
user1534_1788618493771,password123,TEACHER,Generated User 1534,user1534_1788618493771@example.com
user1535_1788618493771,password123,STUDENT,Generated User 1535,user1535_1788618493771@example.com
user1536_1788618493771,password123,STUDENT,Generated User 1536,user1536_1788618493771@example.com
user1537_1788618493771,password123,STUDENT,Generated User 1537,user1537_1788618493771@example.com
user1538_1788618493771,password123,STUDENT,Generated User 1538,user1538_1788618493771@example.com
user1539_1788618493771,password123,STUDENT,Generated User 1539,user1539_1788618493771@example.com
user1540_1788618493771,password123,STUDENT,Generated User 1540,user1540_1788618493771@example.com
user1541_1788618493771,password123,STUDENT,Generated User 1541,user1541_1788618493771@example.com
user1542_1788618493771,password123,STUDENT,Generated User 1542,user1542_1788618493771@example.com
user1543_1788618493771,password123,PARENT,Generated User 1543,user1543_1788618493771@example.com
user1544_1788618493771,password123,TEACHER,Generated User 1544,user1544_1788618493771@example.com
user1545_1788618493771,password123,STUDENT,Generated User 1545,user1545_1788618493771@example.com
user1546_1788618493771,password123,STUDENT,Generated User 1546,user1546_1788618493771@example.com
user1547_1788618493771,password123,STUDENT,Generated User 1547,user1547_1788618493771@example.com
user1548_1788618493771,password123,STUDENT,Generated User 1548,user1548_1788618493771@example.com
user1549_1788618493771,password123,STUDENT,Generated User 1549,user1549_1788618493771@example.com
user1550_1788618493771,password123,STUDENT,Generated User 1550,user1550_1788618493771@example.com
user1551_1788618493771,password123,STUDENT,Generated User 1551,user1551_1788618493771@example.com
user1552_1788618493771,password123,STUDENT,Generated User 1552,user1552_1788618493771@example.com
user1553_1788618493771,password123,STUDENT,Generated User 1553,user1553_1788618493771@example.com
user1554_1788618493771,password123,PARENT,Generated User 1554,user1554_1788618493771@example.com
user1555_1788618493771,password123,TEACHER,Generated User 1555,user1555_1788618493771@example.com
user1556_1788618493771,password123,STUDENT,Generated User 1556,user1556_1788618493771@example.com
user1557_1788618493771,password123,STUDENT,Generated User 1557,user1557_1788618493771@example.com
user1558_1788618493771,password123,STUDENT,Generated User 1558,user1558_1788618493771@example.com
user1559_1788618493771,password123,STUDENT,Generated User 1559,user1559_1788618493771@example.com
user1560_1788618493771,password123,STUDENT,Generated User 1560,user1560_1788618493771@example.com
user1561_1788618493771,password123,STUDENT,Generated User 1561,user1561_1788618493771@example.com
user1562_1788618493771,password123,STUDENT,Generated User 1562,user1562_1788618493771@example.com
user1563_1788618493771,password123,STUDENT,Generated User 1563,user1563_1788618493771@example.com
user1564_1788618493771,password123,STUDENT,Generated User 1564,user1564_1788618493771@example.com
user1565_1788618493771,password123,PARENT,Generated User 1565,user1565_1788618493771@example.com
user1566_1788618493771,password123,TEACHER,Generated User 1566,user1566_1788618493771@example.com
user1567_1788618493771,password123,STUDENT,Generated User 1567,user1567_1788618493771@example.com
user1568_1788618493771,password123,STUDENT,Generated User 1568,user1568_1788618493771@example.com
user1569_1788618493771,password123,STUDENT,Generated User 1569,user1569_1788618493771@example.com
user1570_1788618493771,password123,STUDENT,Generated User 1570,user1570_1788618493771@example.com
user1571_1788618493771,password123,STUDENT,Generated User 1571,user1571_1788618493771@example.com
user1572_1788618493771,password123,STUDENT,Generated User 1572,user1572_1788618493771@example.com
user1573_1788618493771,password123,STUDENT,Generated User 1573,user1573_1788618493771@example.com
user1574_1788618493771,password123,STUDENT,Generated User 1574,user1574_1788618493771@example.com
user1575_1788618493771,password123,STUDENT,Generated User 1575,user1575_1788618493771@example.com
user1576_1788618493771,password123,STUDENT,Generated User 1576,user1576_1788618493771@example.com
user1577_1788618493771,password123,STUDENT,Generated User 1577,user1577_1788618493771@example.com
user1578_1788618493771,password123,STUDENT,Generated User 1578,user1578_1788618493771@example.com
user1579_1788618493771,password123,TEACHER,Generated User 1579,user1579_1788618493771@example.com
user1580_1788618493771,password123,STUDENT,Generated User 1580,user1580_1788618493771@example.com
user1581_1788618493771,password123,STUDENT,Generated User 1581,user1581_1788618493771@example.com
user1582_1788618493771,password123,STUDENT,Generated User 1582,user1582_1788618493771@example.com
user1583_1788618493771,password123,TEACHER,Generated User 1583,user1583_1788618493771@example.com
user1584_1788618493771,password123,STUDENT,Generated User 1584,user1584_1788618493771@example.com
user1585_1788618493771,password123,STUDENT,Generated User 1585,user1585_1788618493771@example.com
user1586_1788618493771,password123,STUDENT,Generated User 1586,user1586_1788618493771@example.com
user1587_1788618493771,password123,TEACHER,Generated User 1587,user1587_1788618493771@example.com
user1588_1788618493771,password123,STUDENT,Generated User 1588,user1588_1788618493771@example.com
user1589_1788618493771,password123,PARENT,Generated User 1589,user1589_1788618493771@example.com
user1590_1788618493771,password123,STUDENT,Generated User 1590,user1590_1788618493771@example.com
user1591_1788618493771,password123,STUDENT,Generated User 1591,user1591_1788618493771@example.com
user1592_1788618493771,password123,PARENT,Generated User 1592,user1592_1788618493771@example.com
user1593_1788618493771,password123,STUDENT,Generated User 1593,user1593_1788618493771@example.com
user1594_1788618493771,password123,STUDENT,Generated User 1594,user1594_1788618493771@example.com
user1595_1788618493771,password123,STUDENT,Generated User 1595,user1595_1788618493771@example.com
user1596_1788618493771,password123,STUDENT,Generated User 1596,user1596_1788618493771@example.com
user1597_1788618493771,password123,STUDENT,Generated User 1597,user1597_1788618493771@example.com
user1598_1788618493771,password123,STUDENT,Generated User 1598,user1598_1788618493771@example.com
user1599_1788618493771,password123,STUDENT,Generated User 1599,user1599_1788618493771@example.com
user1600_1788618493771,password123,STUDENT,Generated User 1600,user1600_1788618493771@example.com
user1601_1788618493771,password123,TEACHER,Generated User 1601,user1601_1788618493771@example.com
user1602_1788618493771,password123,STUDENT,Generated User 1602,user1602_1788618493771@example.com
user1603_1788618493771,password123,STUDENT,Generated User 1603,user1603_1788618493771@example.com
user1604_1788618493771,password123,STUDENT,Generated User 1604,user1604_1788618493771@example.com
user1605_1788618493771,password123,PARENT,Generated User 1605,user1605_1788618493771@example.com
user1606_1788618493771,password123,STUDENT,Generated User 1606,user1606_1788618493771@example.com
user1607_1788618493771,password123,PARENT,Generated User 1607,user1607_1788618493771@example.com
user1608_1788618493771,password123,TEACHER,Generated User 1608,user1608_1788618493771@example.com
user1609_1788618493771,password123,STUDENT,Generated User 1609,user1609_1788618493771@example.com
user1610_1788618493771,password123,STUDENT,Generated User 1610,user1610_1788618493771@example.com
user1611_1788618493771,password123,STUDENT,Generated User 1611,user1611_1788618493771@example.com
user1612_1788618493771,password123,STUDENT,Generated User 1612,user1612_1788618493771@example.com
user1613_1788618493771,password123,STUDENT,Generated User 1613,user1613_1788618493771@example.com
user1614_1788618493771,password123,STUDENT,Generated User 1614,user1614_1788618493771@example.com
user1615_1788618493771,password123,STUDENT,Generated User 1615,user1615_1788618493771@example.com
user1616_1788618493771,password123,STUDENT,Generated User 1616,user1616_1788618493771@example.com
user1617_1788618493771,password123,STUDENT,Generated User 1617,user1617_1788618493771@example.com
user1618_1788618493771,password123,STUDENT,Generated User 1618,user1618_1788618493771@example.com
user1619_1788618493771,password123,STUDENT,Generated User 1619,user1619_1788618493771@example.com
user1620_1788618493771,password123,STUDENT,Generated User 1620,user1620_1788618493771@example.com
user1621_1788618493771,password123,STUDENT,Generated User 1621,user1621_1788618493771@example.com
user1622_1788618493771,password123,TEACHER,Generated User 1622,user1622_1788618493771@example.com
user1623_1788618493771,password123,STUDENT,Generated User 1623,user1623_1788618493771@example.com
user1624_1788618493771,password123,STUDENT,Generated User 1624,user1624_1788618493771@example.com
user1625_1788618493771,password123,TEACHER,Generated User 1625,user1625_1788618493771@example.com
user1626_1788618493771,password123,STUDENT,Generated User 1626,user1626_1788618493771@example.com
user1627_1788618493771,password123,TEACHER,Generated User 1627,user1627_1788618493771@example.com
user1628_1788618493771,password123,TEACHER,Generated User 1628,user1628_1788618493771@example.com
user1629_1788618493771,password123,STUDENT,Generated User 1629,user1629_1788618493771@example.com
user1630_1788618493771,password123,STUDENT,Generated User 1630,user1630_1788618493771@example.com
user1631_1788618493771,password123,STUDENT,Generated User 1631,user1631_1788618493771@example.com
user1632_1788618493771,password123,STUDENT,Generated User 1632,user1632_1788618493771@example.com
user1633_1788618493771,password123,STUDENT,Generated User 1633,user1633_1788618493771@example.com
user1634_1788618493771,password123,STUDENT,Generated User 1634,user1634_1788618493771@example.com
user1635_1788618493771,password123,STUDENT,Generated User 1635,user1635_1788618493771@example.com
user1636_1788618493771,password123,STUDENT,Generated User 1636,user1636_1788618493771@example.com
user1637_1788618493771,password123,STUDENT,Generated User 1637,user1637_1788618493771@example.com
user1638_1788618493771,password123,STUDENT,Generated User 1638,user1638_1788618493771@example.com
user1639_1788618493771,password123,STUDENT,Generated User 1639,user1639_1788618493771@example.com
user1640_1788618493771,password123,PARENT,Generated User 1640,user1640_1788618493771@example.com
user1641_1788618493771,password123,STUDENT,Generated User 1641,user1641_1788618493771@example.com
user1642_1788618493771,password123,STUDENT,Generated User 1642,user1642_1788618493771@example.com
user1643_1788618493771,password123,STUDENT,Generated User 1643,user1643_1788618493771@example.com
user1644_1788618493771,password123,STUDENT,Generated User 1644,user1644_1788618493771@example.com
user1645_1788618493771,password123,STUDENT,Generated User 1645,user1645_1788618493771@example.com
user1646_1788618493771,password123,TEACHER,Generated User 1646,user1646_1788618493771@example.com
user1647_1788618493771,password123,STUDENT,Generated User 1647,user1647_1788618493771@example.com
user1648_1788618493771,password123,PARENT,Generated User 1648,user1648_1788618493771@example.com
user1649_1788618493771,password123,STUDENT,Generated User 1649,user1649_1788618493771@example.com
user1650_1788618493771,password123,STUDENT,Generated User 1650,user1650_1788618493771@example.com
user1651_1788618493771,password123,STUDENT,Generated User 1651,user1651_1788618493771@example.com
user1652_1788618493771,password123,STUDENT,Generated User 1652,user1652_1788618493771@example.com
user1653_1788618493771,password123,STUDENT,Generated User 1653,user1653_1788618493771@example.com
user1654_1788618493771,password123,STUDENT,Generated User 1654,user1654_1788618493771@example.com
user1655_1788618493771,password123,TEACHER,Generated User 1655,user1655_1788618493771@example.com
user1656_1788618493771,password123,STUDENT,Generated User 1656,user1656_1788618493771@example.com
user1657_1788618493771,password123,STUDENT,Generated User 1657,user1657_1788618493771@example.com
user1658_1788618493771,password123,STUDENT,Generated User 1658,user1658_1788618493771@example.com
user1659_1788618493771,password123,STUDENT,Generated User 1659,user1659_1788618493771@example.com
user1660_1788618493771,password123,STUDENT,Generated User 1660,user1660_1788618493771@example.com
user1661_1788618493771,password123,STUDENT,Generated User 1661,user1661_1788618493771@example.com
user1662_1788618493771,password123,STUDENT,Generated User 1662,user1662_1788618493771@example.com
user1663_1788618493771,password123,STUDENT,Generated User 1663,user1663_1788618493771@example.com
user1664_1788618493771,password123,PARENT,Generated User 1664,user1664_1788618493771@example.com
user1665_1788618493771,password123,STUDENT,Generated User 1665,user1665_1788618493771@example.com
user1666_1788618493771,password123,STUDENT,Generated User 1666,user1666_1788618493771@example.com
user1667_1788618493771,password123,STUDENT,Generated User 1667,user1667_1788618493771@example.com
user1668_1788618493771,password123,PARENT,Generated User 1668,user1668_1788618493771@example.com
user1669_1788618493771,password123,TEACHER,Generated User 1669,user1669_1788618493771@example.com
user1670_1788618493771,password123,STUDENT,Generated User 1670,user1670_1788618493771@example.com
user1671_1788618493771,password123,PARENT,Generated User 1671,user1671_1788618493771@example.com
user1672_1788618493771,password123,STUDENT,Generated User 1672,user1672_1788618493771@example.com
user1673_1788618493771,password123,STUDENT,Generated User 1673,user1673_1788618493771@example.com
user1674_1788618493771,password123,STUDENT,Generated User 1674,user1674_1788618493771@example.com
user1675_1788618493771,password123,STUDENT,Generated User 1675,user1675_1788618493771@example.com
user1676_1788618493771,password123,STUDENT,Generated User 1676,user1676_1788618493771@example.com
user1677_1788618493771,password123,STUDENT,Generated User 1677,user1677_1788618493771@example.com
user1678_1788618493771,password123,TEACHER,Generated User 1678,user1678_1788618493771@example.com
user1679_1788618493771,password123,STUDENT,Generated User 1679,user1679_1788618493771@example.com
user1680_1788618493771,password123,STUDENT,Generated User 1680,user1680_1788618493771@example.com
user1681_1788618493771,password123,STUDENT,Generated User 1681,user1681_1788618493771@example.com
user1682_1788618493771,password123,PARENT,Generated User 1682,user1682_1788618493771@example.com
user1683_1788618493771,password123,STUDENT,Generated User 1683,user1683_1788618493771@example.com
user1684_1788618493771,password123,STUDENT,Generated User 1684,user1684_1788618493771@example.com
user1685_1788618493771,password123,STUDENT,Generated User 1685,user1685_1788618493771@example.com
user1686_1788618493771,password123,STUDENT,Generated User 1686,user1686_1788618493771@example.com
user1687_1788618493771,password123,STUDENT,Generated User 1687,user1687_1788618493771@example.com
user1688_1788618493771,password123,STUDENT,Generated User 1688,user1688_1788618493771@example.com
user1689_1788618493771,password123,STUDENT,Generated User 1689,user1689_1788618493771@example.com
user1690_1788618493771,password123,STUDENT,Generated User 1690,user1690_1788618493771@example.com
user1691_1788618493771,password123,STUDENT,Generated User 1691,user1691_1788618493771@example.com
user1692_1788618493771,password123,STUDENT,Generated User 1692,user1692_1788618493771@example.com
user1693_1788618493771,password123,STUDENT,Generated User 1693,user1693_1788618493771@example.com
user1694_1788618493771,password123,STUDENT,Generated User 1694,user1694_1788618493771@example.com
user1695_1788618493771,password123,STUDENT,Generated User 1695,user1695_1788618493771@example.com
user1696_1788618493771,password123,STUDENT,Generated User 1696,user1696_1788618493771@example.com
user1697_1788618493771,password123,TEACHER,Generated User 1697,user1697_1788618493771@example.com
user1698_1788618493771,password123,STUDENT,Generated User 1698,user1698_1788618493771@example.com
user1699_1788618493771,password123,STUDENT,Generated User 1699,user1699_1788618493771@example.com
user1700_1788618493771,password123,STUDENT,Generated User 1700,user1700_1788618493771@example.com
user1701_1788618493771,password123,STUDENT,Generated User 1701,user1701_1788618493771@example.com
user1702_1788618493771,password123,STUDENT,Generated User 1702,user1702_1788618493771@example.com
user1703_1788618493771,password123,STUDENT,Generated User 1703,user1703_1788618493771@example.com
user1704_1788618493771,password123,STUDENT,Generated User 1704,user1704_1788618493771@example.com
user1705_1788618493771,password123,STUDENT,Generated User 1705,user1705_1788618493771@example.com
user1706_1788618493771,password123,TEACHER,Generated User 1706,user1706_1788618493771@example.com
user1707_1788618493771,password123,STUDENT,Generated User 1707,user1707_1788618493771@example.com
user1708_1788618493771,password123,TEACHER,Generated User 1708,user1708_1788618493771@example.com
user1709_1788618493771,password123,STUDENT,Generated User 1709,user1709_1788618493771@example.com
user1710_1788618493771,password123,STUDENT,Generated User 1710,user1710_1788618493771@example.com
user1711_1788618493771,password123,PARENT,Generated User 1711,user1711_1788618493771@example.com
user1712_1788618493771,password123,STUDENT,Generated User 1712,user1712_1788618493771@example.com
user1713_1788618493771,password123,STUDENT,Generated User 1713,user1713_1788618493771@example.com
user1714_1788618493771,password123,STUDENT,Generated User 1714,user1714_1788618493771@example.com
user1715_1788618493771,password123,STUDENT,Generated User 1715,user1715_1788618493771@example.com
user1716_1788618493771,password123,STUDENT,Generated User 1716,user1716_1788618493771@example.com
user1717_1788618493771,password123,TEACHER,Generated User 1717,user1717_1788618493771@example.com
user1718_1788618493771,password123,STUDENT,Generated User 1718,user1718_1788618493771@example.com
user1719_1788618493771,password123,TEACHER,Generated User 1719,user1719_1788618493771@example.com
user1720_1788618493771,password123,STUDENT,Generated User 1720,user1720_1788618493771@example.com
user1721_1788618493771,password123,STUDENT,Generated User 1721,user1721_1788618493771@example.com
user1722_1788618493771,password123,STUDENT,Generated User 1722,user1722_1788618493771@example.com
user1723_1788618493771,password123,STUDENT,Generated User 1723,user1723_1788618493771@example.com
user1724_1788618493771,password123,STUDENT,Generated User 1724,user1724_1788618493771@example.com
user1725_1788618493771,password123,STUDENT,Generated User 1725,user1725_1788618493771@example.com
user1726_1788618493771,password123,STUDENT,Generated User 1726,user1726_1788618493771@example.com
user1727_1788618493771,password123,STUDENT,Generated User 1727,user1727_1788618493771@example.com
user1728_1788618493771,password123,PARENT,Generated User 1728,user1728_1788618493771@example.com
user1729_1788618493771,password123,STUDENT,Generated User 1729,user1729_1788618493771@example.com
user1730_1788618493771,password123,STUDENT,Generated User 1730,user1730_1788618493771@example.com
user1731_1788618493771,password123,STUDENT,Generated User 1731,user1731_1788618493771@example.com
user1732_1788618493771,password123,PARENT,Generated User 1732,user1732_1788618493771@example.com
user1733_1788618493771,password123,STUDENT,Generated User 1733,user1733_1788618493771@example.com
user1734_1788618493771,password123,STUDENT,Generated User 1734,user1734_1788618493771@example.com
user1735_1788618493771,password123,STUDENT,Generated User 1735,user1735_1788618493771@example.com
user1736_1788618493771,password123,STUDENT,Generated User 1736,user1736_1788618493771@example.com
user1737_1788618493771,password123,PARENT,Generated User 1737,user1737_1788618493771@example.com
user1738_1788618493771,password123,PARENT,Generated User 1738,user1738_1788618493771@example.com
user1739_1788618493771,password123,TEACHER,Generated User 1739,user1739_1788618493771@example.com
user1740_1788618493771,password123,STUDENT,Generated User 1740,user1740_1788618493771@example.com
user1741_1788618493771,password123,STUDENT,Generated User 1741,user1741_1788618493771@example.com
user1742_1788618493771,password123,STUDENT,Generated User 1742,user1742_1788618493771@example.com
user1743_1788618493771,password123,STUDENT,Generated User 1743,user1743_1788618493771@example.com
user1744_1788618493771,password123,STUDENT,Generated User 1744,user1744_1788618493771@example.com
user1745_1788618493771,password123,STUDENT,Generated User 1745,user1745_1788618493771@example.com
user1746_1788618493771,password123,STUDENT,Generated User 1746,user1746_1788618493771@example.com
user1747_1788618493771,password123,STUDENT,Generated User 1747,user1747_1788618493771@example.com
user1748_1788618493771,password123,STUDENT,Generated User 1748,user1748_1788618493771@example.com
user1749_1788618493771,password123,STUDENT,Generated User 1749,user1749_1788618493771@example.com
user1750_1788618493771,password123,STUDENT,Generated User 1750,user1750_1788618493771@example.com
user1751_1788618493771,password123,STUDENT,Generated User 1751,user1751_1788618493771@example.com
user1752_1788618493771,password123,STUDENT,Generated User 1752,user1752_1788618493771@example.com
user1753_1788618493771,password123,STUDENT,Generated User 1753,user1753_1788618493771@example.com
user1754_1788618493771,password123,STUDENT,Generated User 1754,user1754_1788618493771@example.com
user1755_1788618493771,password123,TEACHER,Generated User 1755,user1755_1788618493771@example.com
user1756_1788618493771,password123,STUDENT,Generated User 1756,user1756_1788618493771@example.com
user1757_1788618493771,password123,STUDENT,Generated User 1757,user1757_1788618493771@example.com
user1758_1788618493771,password123,STUDENT,Generated User 1758,user1758_1788618493771@example.com
user1759_1788618493771,password123,STUDENT,Generated User 1759,user1759_1788618493771@example.com
user1760_1788618493771,password123,STUDENT,Generated User 1760,user1760_1788618493771@example.com
user1761_1788618493771,password123,PARENT,Generated User 1761,user1761_1788618493771@example.com
user1762_1788618493771,password123,STUDENT,Generated User 1762,user1762_1788618493771@example.com
user1763_1788618493771,password123,STUDENT,Generated User 1763,user1763_1788618493771@example.com
user1764_1788618493771,password123,STUDENT,Generated User 1764,user1764_1788618493771@example.com
user1765_1788618493771,password123,STUDENT,Generated User 1765,user1765_1788618493771@example.com
user1766_1788618493771,password123,PARENT,Generated User 1766,user1766_1788618493771@example.com
user1767_1788618493771,password123,STUDENT,Generated User 1767,user1767_1788618493771@example.com
user1768_1788618493771,password123,STUDENT,Generated User 1768,user1768_1788618493771@example.com
user1769_1788618493771,password123,STUDENT,Generated User 1769,user1769_1788618493771@example.com
user1770_1788618493771,password123,PARENT,Generated User 1770,user1770_1788618493771@example.com
user1771_1788618493771,password123,PARENT,Generated User 1771,user1771_1788618493771@example.com
user1772_1788618493771,password123,STUDENT,Generated User 1772,user1772_1788618493771@example.com
user1773_1788618493771,password123,STUDENT,Generated User 1773,user1773_1788618493771@example.com
user1774_1788618493771,password123,STUDENT,Generated User 1774,user1774_1788618493771@example.com
user1775_1788618493771,password123,STUDENT,Generated User 1775,user1775_1788618493771@example.com
user1776_1788618493771,password123,STUDENT,Generated User 1776,user1776_1788618493771@example.com
user1777_1788618493771,password123,STUDENT,Generated User 1777,user1777_1788618493771@example.com
user1778_1788618493771,password123,STUDENT,Generated User 1778,user1778_1788618493771@example.com
user1779_1788618493771,password123,TEACHER,Generated User 1779,user1779_1788618493771@example.com
user1780_1788618493771,password123,PARENT,Generated User 1780,user1780_1788618493771@example.com
user1781_1788618493771,password123,STUDENT,Generated User 1781,user1781_1788618493771@example.com
user1782_1788618493771,password123,STUDENT,Generated User 1782,user1782_1788618493771@example.com
user1783_1788618493771,password123,TEACHER,Generated User 1783,user1783_1788618493771@example.com
user1784_1788618493771,password123,STUDENT,Generated User 1784,user1784_1788618493771@example.com
user1785_1788618493771,password123,STUDENT,Generated User 1785,user1785_1788618493771@example.com
user1786_1788618493771,password123,PARENT,Generated User 1786,user1786_1788618493771@example.com
user1787_1788618493771,password123,STUDENT,Generated User 1787,user1787_1788618493771@example.com
user1788_1788618493771,password123,STUDENT,Generated User 1788,user1788_1788618493771@example.com
user1789_1788618493771,password123,STUDENT,Generated User 1789,user1789_1788618493771@example.com
user1790_1788618493771,password123,STUDENT,Generated User 1790,user1790_1788618493771@example.com
user1791_1788618493771,password123,STUDENT,Generated User 1791,user1791_1788618493771@example.com
user1792_1788618493771,password123,STUDENT,Generated User 1792,user1792_1788618493771@example.com
user1793_1788618493771,password123,STUDENT,Generated User 1793,user1793_1788618493771@example.com
user1794_1788618493771,password123,STUDENT,Generated User 1794,user1794_1788618493771@example.com
user1795_1788618493771,password123,TEACHER,Generated User 1795,user1795_1788618493771@example.com
user1796_1788618493771,password123,STUDENT,Generated User 1796,user1796_1788618493771@example.com
user1797_1788618493771,password123,STUDENT,Generated User 1797,user1797_1788618493771@example.com
user1798_1788618493771,password123,STUDENT,Generated User 1798,user1798_1788618493771@example.com
user1799_1788618493771,password123,STUDENT,Generated User 1799,user1799_1788618493771@example.com
user1800_1788618493771,password123,PARENT,Generated User 1800,user1800_1788618493771@example.com
user1801_1788618493771,password123,TEACHER,Generated User 1801,user1801_1788618493771@example.com
user1802_1788618493771,password123,STUDENT,Generated User 1802,user1802_1788618493771@example.com
user1803_1788618493771,password123,STUDENT,Generated User 1803,user1803_1788618493771@example.com
user1804_1788618493771,password123,STUDENT,Generated User 1804,user1804_1788618493771@example.com
user1805_1788618493771,password123,STUDENT,Generated User 1805,user1805_1788618493771@example.com
user1806_1788618493771,password123,STUDENT,Generated User 1806,user1806_1788618493771@example.com
user1807_1788618493771,password123,STUDENT,Generated User 1807,user1807_1788618493771@example.com
user1808_1788618493771,password123,STUDENT,Generated User 1808,user1808_1788618493771@example.com
user1809_1788618493771,password123,STUDENT,Generated User 1809,user1809_1788618493771@example.com
user1810_1788618493771,password123,STUDENT,Generated User 1810,user1810_1788618493771@example.com
user1811_1788618493771,password123,PARENT,Generated User 1811,user1811_1788618493771@example.com
user1812_1788618493771,password123,STUDENT,Generated User 1812,user1812_1788618493771@example.com
user1813_1788618493771,password123,STUDENT,Generated User 1813,user1813_1788618493771@example.com
user1814_1788618493771,password123,STUDENT,Generated User 1814,user1814_1788618493771@example.com
user1815_1788618493771,password123,STUDENT,Generated User 1815,user1815_1788618493771@example.com
user1816_1788618493771,password123,STUDENT,Generated User 1816,user1816_1788618493771@example.com
user1817_1788618493771,password123,STUDENT,Generated User 1817,user1817_1788618493771@example.com
user1818_1788618493771,password123,PARENT,Generated User 1818,user1818_1788618493771@example.com
user1819_1788618493771,password123,STUDENT,Generated User 1819,user1819_1788618493771@example.com
user1820_1788618493771,password123,STUDENT,Generated User 1820,user1820_1788618493771@example.com
user1821_1788618493771,password123,STUDENT,Generated User 1821,user1821_1788618493771@example.com
user1822_1788618493771,password123,STUDENT,Generated User 1822,user1822_1788618493771@example.com
user1823_1788618493771,password123,STUDENT,Generated User 1823,user1823_1788618493771@example.com
user1824_1788618493771,password123,STUDENT,Generated User 1824,user1824_1788618493771@example.com
user1825_1788618493771,password123,STUDENT,Generated User 1825,user1825_1788618493771@example.com
user1826_1788618493771,password123,STUDENT,Generated User 1826,user1826_1788618493771@example.com
user1827_1788618493771,password123,STUDENT,Generated User 1827,user1827_1788618493771@example.com
user1828_1788618493771,password123,STUDENT,Generated User 1828,user1828_1788618493771@example.com
user1829_1788618493771,password123,STUDENT,Generated User 1829,user1829_1788618493771@example.com
user1830_1788618493771,password123,STUDENT,Generated User 1830,user1830_1788618493771@example.com
user1831_1788618493771,password123,STUDENT,Generated User 1831,user1831_1788618493771@example.com
user1832_1788618493771,password123,STUDENT,Generated User 1832,user1832_1788618493771@example.com
user1833_1788618493771,password123,PARENT,Generated User 1833,user1833_1788618493771@example.com
user1834_1788618493771,password123,STUDENT,Generated User 1834,user1834_1788618493771@example.com
user1835_1788618493771,password123,STUDENT,Generated User 1835,user1835_1788618493771@example.com
user1836_1788618493771,password123,STUDENT,Generated User 1836,user1836_1788618493771@example.com
user1837_1788618493771,password123,STUDENT,Generated User 1837,user1837_1788618493771@example.com
user1838_1788618493771,password123,STUDENT,Generated User 1838,user1838_1788618493771@example.com
user1839_1788618493771,password123,STUDENT,Generated User 1839,user1839_1788618493771@example.com
user1840_1788618493771,password123,STUDENT,Generated User 1840,user1840_1788618493771@example.com
user1841_1788618493771,password123,STUDENT,Generated User 1841,user1841_1788618493771@example.com
user1842_1788618493771,password123,STUDENT,Generated User 1842,user1842_1788618493771@example.com
user1843_1788618493771,password123,STUDENT,Generated User 1843,user1843_1788618493771@example.com
user1844_1788618493771,password123,STUDENT,Generated User 1844,user1844_1788618493771@example.com
user1845_1788618493771,password123,TEACHER,Generated User 1845,user1845_1788618493771@example.com
user1846_1788618493771,password123,STUDENT,Generated User 1846,user1846_1788618493771@example.com
user1847_1788618493771,password123,STUDENT,Generated User 1847,user1847_1788618493771@example.com
user1848_1788618493771,password123,TEACHER,Generated User 1848,user1848_1788618493771@example.com
user1849_1788618493771,password123,STUDENT,Generated User 1849,user1849_1788618493771@example.com
user1850_1788618493771,password123,PARENT,Generated User 1850,user1850_1788618493771@example.com
user1851_1788618493771,password123,STUDENT,Generated User 1851,user1851_1788618493771@example.com
user1852_1788618493771,password123,STUDENT,Generated User 1852,user1852_1788618493771@example.com
user1853_1788618493771,password123,STUDENT,Generated User 1853,user1853_1788618493771@example.com
user1854_1788618493771,password123,STUDENT,Generated User 1854,user1854_1788618493771@example.com
user1855_1788618493771,password123,STUDENT,Generated User 1855,user1855_1788618493771@example.com
user1856_1788618493771,password123,STUDENT,Generated User 1856,user1856_1788618493771@example.com
user1857_1788618493771,password123,STUDENT,Generated User 1857,user1857_1788618493771@example.com
user1858_1788618493771,password123,STUDENT,Generated User 1858,user1858_1788618493771@example.com
user1859_1788618493771,password123,STUDENT,Generated User 1859,user1859_1788618493771@example.com
user1860_1788618493771,password123,STUDENT,Generated User 1860,user1860_1788618493771@example.com
user1861_1788618493771,password123,STUDENT,Generated User 1861,user1861_1788618493771@example.com
user1862_1788618493771,password123,STUDENT,Generated User 1862,user1862_1788618493771@example.com
user1863_1788618493771,password123,STUDENT,Generated User 1863,user1863_1788618493771@example.com
user1864_1788618493771,password123,PARENT,Generated User 1864,user1864_1788618493771@example.com
user1865_1788618493771,password123,STUDENT,Generated User 1865,user1865_1788618493771@example.com
user1866_1788618493771,password123,STUDENT,Generated User 1866,user1866_1788618493771@example.com
user1867_1788618493771,password123,STUDENT,Generated User 1867,user1867_1788618493771@example.com
user1868_1788618493771,password123,STUDENT,Generated User 1868,user1868_1788618493771@example.com
user1869_1788618493771,password123,STUDENT,Generated User 1869,user1869_1788618493771@example.com
user1870_1788618493771,password123,STUDENT,Generated User 1870,user1870_1788618493771@example.com
user1871_1788618493771,password123,PARENT,Generated User 1871,user1871_1788618493771@example.com
user1872_1788618493771,password123,PARENT,Generated User 1872,user1872_1788618493771@example.com
user1873_1788618493771,password123,STUDENT,Generated User 1873,user1873_1788618493771@example.com
user1874_1788618493771,password123,PARENT,Generated User 1874,user1874_1788618493771@example.com
user1875_1788618493771,password123,STUDENT,Generated User 1875,user1875_1788618493771@example.com
user1876_1788618493771,password123,STUDENT,Generated User 1876,user1876_1788618493771@example.com
user1877_1788618493771,password123,STUDENT,Generated User 1877,user1877_1788618493771@example.com
user1878_1788618493771,password123,TEACHER,Generated User 1878,user1878_1788618493771@example.com
user1879_1788618493771,password123,STUDENT,Generated User 1879,user1879_1788618493771@example.com
user1880_1788618493771,password123,STUDENT,Generated User 1880,user1880_1788618493771@example.com
user1881_1788618493771,password123,STUDENT,Generated User 1881,user1881_1788618493771@example.com
user1882_1788618493771,password123,STUDENT,Generated User 1882,user1882_1788618493771@example.com
user1883_1788618493771,password123,STUDENT,Generated User 1883,user1883_1788618493771@example.com
user1884_1788618493771,password123,STUDENT,Generated User 1884,user1884_1788618493771@example.com
user1885_1788618493771,password123,STUDENT,Generated User 1885,user1885_1788618493771@example.com
user1886_1788618493771,password123,STUDENT,Generated User 1886,user1886_1788618493771@example.com
user1887_1788618493771,password123,STUDENT,Generated User 1887,user1887_1788618493771@example.com
user1888_1788618493771,password123,STUDENT,Generated User 1888,user1888_1788618493771@example.com
user1889_1788618493771,password123,STUDENT,Generated User 1889,user1889_1788618493771@example.com
user1890_1788618493771,password123,STUDENT,Generated User 1890,user1890_1788618493771@example.com
user1891_1788618493771,password123,STUDENT,Generated User 1891,user1891_1788618493771@example.com
user1892_1788618493771,password123,STUDENT,Generated User 1892,user1892_1788618493771@example.com
user1893_1788618493771,password123,STUDENT,Generated User 1893,user1893_1788618493771@example.com
user1894_1788618493771,password123,STUDENT,Generated User 1894,user1894_1788618493771@example.com
user1895_1788618493771,password123,STUDENT,Generated User 1895,user1895_1788618493771@example.com
user1896_1788618493771,password123,STUDENT,Generated User 1896,user1896_1788618493771@example.com
user1897_1788618493771,password123,TEACHER,Generated User 1897,user1897_1788618493771@example.com
user1898_1788618493771,password123,STUDENT,Generated User 1898,user1898_1788618493771@example.com
user1899_1788618493771,password123,STUDENT,Generated User 1899,user1899_1788618493771@example.com
user1900_1788618493771,password123,STUDENT,Generated User 1900,user1900_1788618493771@example.com
user1901_1788618493771,password123,STUDENT,Generated User 1901,user1901_1788618493771@example.com
user1902_1788618493771,password123,STUDENT,Generated User 1902,user1902_1788618493771@example.com
user1903_1788618493771,password123,TEACHER,Generated User 1903,user1903_1788618493771@example.com
user1904_1788618493771,password123,STUDENT,Generated User 1904,user1904_1788618493771@example.com
user1905_1788618493771,password123,STUDENT,Generated User 1905,user1905_1788618493771@example.com
user1906_1788618493771,password123,STUDENT,Generated User 1906,user1906_1788618493771@example.com
user1907_1788618493771,password123,STUDENT,Generated User 1907,user1907_1788618493771@example.com
user1908_1788618493771,password123,STUDENT,Generated User 1908,user1908_1788618493771@example.com
user1909_1788618493771,password123,STUDENT,Generated User 1909,user1909_1788618493771@example.com
user1910_1788618493771,password123,STUDENT,Generated User 1910,user1910_1788618493771@example.com
user1911_1788618493771,password123,STUDENT,Generated User 1911,user1911_1788618493771@example.com
user1912_1788618493771,password123,STUDENT,Generated User 1912,user1912_1788618493771@example.com
user1913_1788618493771,password123,STUDENT,Generated User 1913,user1913_1788618493771@example.com
user1914_1788618493771,password123,TEACHER,Generated User 1914,user1914_1788618493771@example.com
user1915_1788618493771,password123,TEACHER,Generated User 1915,user1915_1788618493771@example.com
user1916_1788618493771,password123,STUDENT,Generated User 1916,user1916_1788618493771@example.com
user1917_1788618493771,password123,STUDENT,Generated User 1917,user1917_1788618493771@example.com
user1918_1788618493771,password123,STUDENT,Generated User 1918,user1918_1788618493771@example.com
user1919_1788618493771,password123,STUDENT,Generated User 1919,user1919_1788618493771@example.com
user1920_1788618493771,password123,STUDENT,Generated User 1920,user1920_1788618493771@example.com
user1921_1788618493771,password123,STUDENT,Generated User 1921,user1921_1788618493771@example.com
user1922_1788618493771,password123,TEACHER,Generated User 1922,user1922_1788618493771@example.com
user1923_1788618493771,password123,STUDENT,Generated User 1923,user1923_1788618493771@example.com
user1924_1788618493771,password123,STUDENT,Generated User 1924,user1924_1788618493771@example.com
user1925_1788618493771,password123,PARENT,Generated User 1925,user1925_1788618493771@example.com
user1926_1788618493771,password123,TEACHER,Generated User 1926,user1926_1788618493771@example.com
user1927_1788618493771,password123,STUDENT,Generated User 1927,user1927_1788618493771@example.com
user1928_1788618493771,password123,STUDENT,Generated User 1928,user1928_1788618493771@example.com
user1929_1788618493771,password123,STUDENT,Generated User 1929,user1929_1788618493771@example.com
user1930_1788618493771,password123,STUDENT,Generated User 1930,user1930_1788618493771@example.com
user1931_1788618493771,password123,TEACHER,Generated User 1931,user1931_1788618493771@example.com
user1932_1788618493771,password123,STUDENT,Generated User 1932,user1932_1788618493771@example.com
user1933_1788618493771,password123,STUDENT,Generated User 1933,user1933_1788618493771@example.com
user1934_1788618493772,password123,STUDENT,Generated User 1934,user1934_1788618493772@example.com
user1935_1788618493772,password123,STUDENT,Generated User 1935,user1935_1788618493772@example.com
user1936_1788618493772,password123,STUDENT,Generated User 1936,user1936_1788618493772@example.com
user1937_1788618493772,password123,STUDENT,Generated User 1937,user1937_1788618493772@example.com
user1938_1788618493772,password123,STUDENT,Generated User 1938,user1938_1788618493772@example.com
user1939_1788618493772,password123,STUDENT,Generated User 1939,user1939_1788618493772@example.com
user1940_1788618493772,password123,STUDENT,Generated User 1940,user1940_1788618493772@example.com
user1941_1788618493772,password123,PARENT,Generated User 1941,user1941_1788618493772@example.com
user1942_1788618493772,password123,STUDENT,Generated User 1942,user1942_1788618493772@example.com
user1943_1788618493772,password123,STUDENT,Generated User 1943,user1943_1788618493772@example.com
user1944_1788618493772,password123,STUDENT,Generated User 1944,user1944_1788618493772@example.com
user1945_1788618493772,password123,STUDENT,Generated User 1945,user1945_1788618493772@example.com
user1946_1788618493772,password123,STUDENT,Generated User 1946,user1946_1788618493772@example.com
user1947_1788618493772,password123,STUDENT,Generated User 1947,user1947_1788618493772@example.com
user1948_1788618493772,password123,STUDENT,Generated User 1948,user1948_1788618493772@example.com
user1949_1788618493772,password123,PARENT,Generated User 1949,user1949_1788618493772@example.com
user1950_1788618493772,password123,STUDENT,Generated User 1950,user1950_1788618493772@example.com
user1951_1788618493772,password123,STUDENT,Generated User 1951,user1951_1788618493772@example.com
user1952_1788618493772,password123,STUDENT,Generated User 1952,user1952_1788618493772@example.com
user1953_1788618493772,password123,STUDENT,Generated User 1953,user1953_1788618493772@example.com
user1954_1788618493772,password123,STUDENT,Generated User 1954,user1954_1788618493772@example.com
user1955_1788618493772,password123,STUDENT,Generated User 1955,user1955_1788618493772@example.com
user1956_1788618493772,password123,STUDENT,Generated User 1956,user1956_1788618493772@example.com
user1957_1788618493772,password123,STUDENT,Generated User 1957,user1957_1788618493772@example.com
user1958_1788618493772,password123,TEACHER,Generated User 1958,user1958_1788618493772@example.com
user1959_1788618493772,password123,PARENT,Generated User 1959,user1959_1788618493772@example.com
user1960_1788618493772,password123,STUDENT,Generated User 1960,user1960_1788618493772@example.com
user1961_1788618493772,password123,STUDENT,Generated User 1961,user1961_1788618493772@example.com
user1962_1788618493772,password123,STUDENT,Generated User 1962,user1962_1788618493772@example.com
user1963_1788618493772,password123,STUDENT,Generated User 1963,user1963_1788618493772@example.com
user1964_1788618493772,password123,STUDENT,Generated User 1964,user1964_1788618493772@example.com
user1965_1788618493772,password123,STUDENT,Generated User 1965,user1965_1788618493772@example.com
user1966_1788618493772,password123,STUDENT,Generated User 1966,user1966_1788618493772@example.com
user1967_1788618493772,password123,STUDENT,Generated User 1967,user1967_1788618493772@example.com
user1968_1788618493772,password123,STUDENT,Generated User 1968,user1968_1788618493772@example.com
user1969_1788618493772,password123,STUDENT,Generated User 1969,user1969_1788618493772@example.com
user1970_1788618493772,password123,STUDENT,Generated User 1970,user1970_1788618493772@example.com
user1971_1788618493772,password123,STUDENT,Generated User 1971,user1971_1788618493772@example.com
user1972_1788618493772,password123,STUDENT,Generated User 1972,user1972_1788618493772@example.com
user1973_1788618493772,password123,STUDENT,Generated User 1973,user1973_1788618493772@example.com
user1974_1788618493772,password123,STUDENT,Generated User 1974,user1974_1788618493772@example.com
user1975_1788618493772,password123,STUDENT,Generated User 1975,user1975_1788618493772@example.com
user1976_1788618493772,password123,STUDENT,Generated User 1976,user1976_1788618493772@example.com
user1977_1788618493772,password123,STUDENT,Generated User 1977,user1977_1788618493772@example.com
user1978_1788618493772,password123,STUDENT,Generated User 1978,user1978_1788618493772@example.com
user1979_1788618493772,password123,STUDENT,Generated User 1979,user1979_1788618493772@example.com
user1980_1788618493772,password123,STUDENT,Generated User 1980,user1980_1788618493772@example.com
user1981_1788618493772,password123,STUDENT,Generated User 1981,user1981_1788618493772@example.com
user1982_1788618493772,password123,STUDENT,Generated User 1982,user1982_1788618493772@example.com
user1983_1788618493772,password123,PARENT,Generated User 1983,user1983_1788618493772@example.com
user1984_1788618493772,password123,STUDENT,Generated User 1984,user1984_1788618493772@example.com
user1985_1788618493772,password123,TEACHER,Generated User 1985,user1985_1788618493772@example.com
user1986_1788618493772,password123,STUDENT,Generated User 1986,user1986_1788618493772@example.com
user1987_1788618493772,password123,STUDENT,Generated User 1987,user1987_1788618493772@example.com
user1988_1788618493772,password123,STUDENT,Generated User 1988,user1988_1788618493772@example.com
user1989_1788618493772,password123,STUDENT,Generated User 1989,user1989_1788618493772@example.com
user1990_1788618493772,password123,STUDENT,Generated User 1990,user1990_1788618493772@example.com
user1991_1788618493772,password123,TEACHER,Generated User 1991,user1991_1788618493772@example.com
user1992_1788618493772,password123,STUDENT,Generated User 1992,user1992_1788618493772@example.com
user1993_1788618493772,password123,STUDENT,Generated User 1993,user1993_1788618493772@example.com
user1994_1788618493772,password123,STUDENT,Generated User 1994,user1994_1788618493772@example.com
user1995_1788618493772,password123,STUDENT,Generated User 1995,user1995_1788618493772@example.com
user1996_1788618493772,password123,TEACHER,Generated User 1996,user1996_1788618493772@example.com
user1997_1788618493772,password123,STUDENT,Generated User 1997,user1997_1788618493772@example.com
user1998_1788618493772,password123,STUDENT,Generated User 1998,user1998_1788618493772@example.com
user1999_1788618493772,password123,PARENT,Generated User 1999,user1999_1788618493772@example.com
user2000_1788618493772,password123,PARENT,Generated User 2000,user2000_1788618493772@example.com
user2001_1788618493772,password123,STUDENT,Generated User 2001,user2001_1788618493772@example.com
user2002_1788618493772,password123,STUDENT,Generated User 2002,user2002_1788618493772@example.com
user2003_1788618493772,password123,STUDENT,Generated User 2003,user2003_1788618493772@example.com
user2004_1788618493772,password123,STUDENT,Generated User 2004,user2004_1788618493772@example.com
user2005_1788618493772,password123,STUDENT,Generated User 2005,user2005_1788618493772@example.com
user2006_1788618493772,password123,STUDENT,Generated User 2006,user2006_1788618493772@example.com
user2007_1788618493772,password123,STUDENT,Generated User 2007,user2007_1788618493772@example.com
user2008_1788618493772,password123,STUDENT,Generated User 2008,user2008_1788618493772@example.com
user2009_1788618493772,password123,TEACHER,Generated User 2009,user2009_1788618493772@example.com
user2010_1788618493772,password123,STUDENT,Generated User 2010,user2010_1788618493772@example.com
user2011_1788618493772,password123,TEACHER,Generated User 2011,user2011_1788618493772@example.com
user2012_1788618493772,password123,PARENT,Generated User 2012,user2012_1788618493772@example.com
user2013_1788618493772,password123,STUDENT,Generated User 2013,user2013_1788618493772@example.com
user2014_1788618493772,password123,STUDENT,Generated User 2014,user2014_1788618493772@example.com
user2015_1788618493772,password123,STUDENT,Generated User 2015,user2015_1788618493772@example.com
user2016_1788618493772,password123,STUDENT,Generated User 2016,user2016_1788618493772@example.com
user2017_1788618493772,password123,STUDENT,Generated User 2017,user2017_1788618493772@example.com
user2018_1788618493772,password123,PARENT,Generated User 2018,user2018_1788618493772@example.com
user2019_1788618493772,password123,STUDENT,Generated User 2019,user2019_1788618493772@example.com
user2020_1788618493772,password123,STUDENT,Generated User 2020,user2020_1788618493772@example.com
user2021_1788618493772,password123,STUDENT,Generated User 2021,user2021_1788618493772@example.com
user2022_1788618493772,password123,STUDENT,Generated User 2022,user2022_1788618493772@example.com
user2023_1788618493772,password123,STUDENT,Generated User 2023,user2023_1788618493772@example.com
user2024_1788618493772,password123,PARENT,Generated User 2024,user2024_1788618493772@example.com
user2025_1788618493772,password123,STUDENT,Generated User 2025,user2025_1788618493772@example.com
user2026_1788618493772,password123,STUDENT,Generated User 2026,user2026_1788618493772@example.com
user2027_1788618493772,password123,STUDENT,Generated User 2027,user2027_1788618493772@example.com
user2028_1788618493772,password123,STUDENT,Generated User 2028,user2028_1788618493772@example.com
user2029_1788618493772,password123,STUDENT,Generated User 2029,user2029_1788618493772@example.com
user2030_1788618493772,password123,STUDENT,Generated User 2030,user2030_1788618493772@example.com
user2031_1788618493772,password123,TEACHER,Generated User 2031,user2031_1788618493772@example.com
user2032_1788618493772,password123,STUDENT,Generated User 2032,user2032_1788618493772@example.com
user2033_1788618493772,password123,STUDENT,Generated User 2033,user2033_1788618493772@example.com
user2034_1788618493772,password123,STUDENT,Generated User 2034,user2034_1788618493772@example.com
user2035_1788618493772,password123,STUDENT,Generated User 2035,user2035_1788618493772@example.com
user2036_1788618493772,password123,STUDENT,Generated User 2036,user2036_1788618493772@example.com
user2037_1788618493772,password123,TEACHER,Generated User 2037,user2037_1788618493772@example.com
user2038_1788618493772,password123,STUDENT,Generated User 2038,user2038_1788618493772@example.com
user2039_1788618493772,password123,STUDENT,Generated User 2039,user2039_1788618493772@example.com
user2040_1788618493772,password123,STUDENT,Generated User 2040,user2040_1788618493772@example.com
user2041_1788618493772,password123,TEACHER,Generated User 2041,user2041_1788618493772@example.com
user2042_1788618493772,password123,STUDENT,Generated User 2042,user2042_1788618493772@example.com
user2043_1788618493772,password123,STUDENT,Generated User 2043,user2043_1788618493772@example.com
user2044_1788618493772,password123,STUDENT,Generated User 2044,user2044_1788618493772@example.com
user2045_1788618493772,password123,STUDENT,Generated User 2045,user2045_1788618493772@example.com
user2046_1788618493772,password123,STUDENT,Generated User 2046,user2046_1788618493772@example.com
user2047_1788618493772,password123,PARENT,Generated User 2047,user2047_1788618493772@example.com
user2048_1788618493772,password123,PARENT,Generated User 2048,user2048_1788618493772@example.com
user2049_1788618493772,password123,STUDENT,Generated User 2049,user2049_1788618493772@example.com
user2050_1788618493772,password123,STUDENT,Generated User 2050,user2050_1788618493772@example.com
user2051_1788618493772,password123,STUDENT,Generated User 2051,user2051_1788618493772@example.com
user2052_1788618493772,password123,STUDENT,Generated User 2052,user2052_1788618493772@example.com
user2053_1788618493772,password123,TEACHER,Generated User 2053,user2053_1788618493772@example.com
user2054_1788618493772,password123,PARENT,Generated User 2054,user2054_1788618493772@example.com
user2055_1788618493772,password123,STUDENT,Generated User 2055,user2055_1788618493772@example.com
user2056_1788618493772,password123,STUDENT,Generated User 2056,user2056_1788618493772@example.com
user2057_1788618493772,password123,TEACHER,Generated User 2057,user2057_1788618493772@example.com
user2058_1788618493772,password123,TEACHER,Generated User 2058,user2058_1788618493772@example.com
user2059_1788618493772,password123,STUDENT,Generated User 2059,user2059_1788618493772@example.com
user2060_1788618493772,password123,TEACHER,Generated User 2060,user2060_1788618493772@example.com
user2061_1788618493772,password123,STUDENT,Generated User 2061,user2061_1788618493772@example.com
user2062_1788618493772,password123,STUDENT,Generated User 2062,user2062_1788618493772@example.com
user2063_1788618493772,password123,STUDENT,Generated User 2063,user2063_1788618493772@example.com
user2064_1788618493772,password123,PARENT,Generated User 2064,user2064_1788618493772@example.com
user2065_1788618493772,password123,STUDENT,Generated User 2065,user2065_1788618493772@example.com
user2066_1788618493772,password123,STUDENT,Generated User 2066,user2066_1788618493772@example.com
user2067_1788618493772,password123,STUDENT,Generated User 2067,user2067_1788618493772@example.com
user2068_1788618493772,password123,STUDENT,Generated User 2068,user2068_1788618493772@example.com
user2069_1788618493772,password123,PARENT,Generated User 2069,user2069_1788618493772@example.com
user2070_1788618493772,password123,STUDENT,Generated User 2070,user2070_1788618493772@example.com
user2071_1788618493772,password123,STUDENT,Generated User 2071,user2071_1788618493772@example.com
user2072_1788618493772,password123,STUDENT,Generated User 2072,user2072_1788618493772@example.com
user2073_1788618493772,password123,STUDENT,Generated User 2073,user2073_1788618493772@example.com
user2074_1788618493772,password123,STUDENT,Generated User 2074,user2074_1788618493772@example.com
user2075_1788618493772,password123,STUDENT,Generated User 2075,user2075_1788618493772@example.com
user2076_1788618493772,password123,TEACHER,Generated User 2076,user2076_1788618493772@example.com
user2077_1788618493772,password123,STUDENT,Generated User 2077,user2077_1788618493772@example.com
user2078_1788618493772,password123,STUDENT,Generated User 2078,user2078_1788618493772@example.com
user2079_1788618493772,password123,TEACHER,Generated User 2079,user2079_1788618493772@example.com
user2080_1788618493772,password123,STUDENT,Generated User 2080,user2080_1788618493772@example.com
user2081_1788618493772,password123,PARENT,Generated User 2081,user2081_1788618493772@example.com
user2082_1788618493772,password123,STUDENT,Generated User 2082,user2082_1788618493772@example.com
user2083_1788618493772,password123,STUDENT,Generated User 2083,user2083_1788618493772@example.com
user2084_1788618493772,password123,STUDENT,Generated User 2084,user2084_1788618493772@example.com
user2085_1788618493772,password123,PARENT,Generated User 2085,user2085_1788618493772@example.com
user2086_1788618493772,password123,STUDENT,Generated User 2086,user2086_1788618493772@example.com
user2087_1788618493772,password123,STUDENT,Generated User 2087,user2087_1788618493772@example.com
user2088_1788618493772,password123,STUDENT,Generated User 2088,user2088_1788618493772@example.com
user2089_1788618493772,password123,PARENT,Generated User 2089,user2089_1788618493772@example.com
user2090_1788618493772,password123,STUDENT,Generated User 2090,user2090_1788618493772@example.com
user2091_1788618493772,password123,STUDENT,Generated User 2091,user2091_1788618493772@example.com
user2092_1788618493772,password123,STUDENT,Generated User 2092,user2092_1788618493772@example.com
user2093_1788618493772,password123,PARENT,Generated User 2093,user2093_1788618493772@example.com
user2094_1788618493772,password123,PARENT,Generated User 2094,user2094_1788618493772@example.com
user2095_1788618493772,password123,STUDENT,Generated User 2095,user2095_1788618493772@example.com
user2096_1788618493772,password123,STUDENT,Generated User 2096,user2096_1788618493772@example.com
user2097_1788618493772,password123,STUDENT,Generated User 2097,user2097_1788618493772@example.com
user2098_1788618493772,password123,STUDENT,Generated User 2098,user2098_1788618493772@example.com
user2099_1788618493772,password123,PARENT,Generated User 2099,user2099_1788618493772@example.com
user2100_1788618493772,password123,STUDENT,Generated User 2100,user2100_1788618493772@example.com
user2101_1788618493772,password123,STUDENT,Generated User 2101,user2101_1788618493772@example.com
user2102_1788618493772,password123,STUDENT,Generated User 2102,user2102_1788618493772@example.com
user2103_1788618493772,password123,STUDENT,Generated User 2103,user2103_1788618493772@example.com
user2104_1788618493772,password123,STUDENT,Generated User 2104,user2104_1788618493772@example.com
user2105_1788618493772,password123,STUDENT,Generated User 2105,user2105_1788618493772@example.com
user2106_1788618493772,password123,STUDENT,Generated User 2106,user2106_1788618493772@example.com
user2107_1788618493772,password123,STUDENT,Generated User 2107,user2107_1788618493772@example.com
user2108_1788618493772,password123,STUDENT,Generated User 2108,user2108_1788618493772@example.com
user2109_1788618493772,password123,STUDENT,Generated User 2109,user2109_1788618493772@example.com
user2110_1788618493772,password123,STUDENT,Generated User 2110,user2110_1788618493772@example.com
user2111_1788618493772,password123,STUDENT,Generated User 2111,user2111_1788618493772@example.com
user2112_1788618493772,password123,STUDENT,Generated User 2112,user2112_1788618493772@example.com
user2113_1788618493772,password123,TEACHER,Generated User 2113,user2113_1788618493772@example.com
user2114_1788618493772,password123,TEACHER,Generated User 2114,user2114_1788618493772@example.com
user2115_1788618493772,password123,TEACHER,Generated User 2115,user2115_1788618493772@example.com
user2116_1788618493772,password123,STUDENT,Generated User 2116,user2116_1788618493772@example.com
user2117_1788618493772,password123,STUDENT,Generated User 2117,user2117_1788618493772@example.com
user2118_1788618493772,password123,STUDENT,Generated User 2118,user2118_1788618493772@example.com
user2119_1788618493772,password123,STUDENT,Generated User 2119,user2119_1788618493772@example.com
user2120_1788618493772,password123,STUDENT,Generated User 2120,user2120_1788618493772@example.com
user2121_1788618493772,password123,STUDENT,Generated User 2121,user2121_1788618493772@example.com
user2122_1788618493772,password123,STUDENT,Generated User 2122,user2122_1788618493772@example.com
user2123_1788618493772,password123,STUDENT,Generated User 2123,user2123_1788618493772@example.com
user2124_1788618493772,password123,STUDENT,Generated User 2124,user2124_1788618493772@example.com
user2125_1788618493772,password123,STUDENT,Generated User 2125,user2125_1788618493772@example.com
user2126_1788618493772,password123,STUDENT,Generated User 2126,user2126_1788618493772@example.com
user2127_1788618493772,password123,STUDENT,Generated User 2127,user2127_1788618493772@example.com
user2128_1788618493772,password123,PARENT,Generated User 2128,user2128_1788618493772@example.com
user2129_1788618493772,password123,TEACHER,Generated User 2129,user2129_1788618493772@example.com
user2130_1788618493772,password123,STUDENT,Generated User 2130,user2130_1788618493772@example.com
user2131_1788618493772,password123,STUDENT,Generated User 2131,user2131_1788618493772@example.com
user2132_1788618493772,password123,STUDENT,Generated User 2132,user2132_1788618493772@example.com
user2133_1788618493772,password123,STUDENT,Generated User 2133,user2133_1788618493772@example.com
user2134_1788618493772,password123,STUDENT,Generated User 2134,user2134_1788618493772@example.com
user2135_1788618493772,password123,TEACHER,Generated User 2135,user2135_1788618493772@example.com
user2136_1788618493772,password123,PARENT,Generated User 2136,user2136_1788618493772@example.com
user2137_1788618493772,password123,STUDENT,Generated User 2137,user2137_1788618493772@example.com
user2138_1788618493772,password123,STUDENT,Generated User 2138,user2138_1788618493772@example.com
user2139_1788618493772,password123,STUDENT,Generated User 2139,user2139_1788618493772@example.com
user2140_1788618493772,password123,STUDENT,Generated User 2140,user2140_1788618493772@example.com
user2141_1788618493772,password123,TEACHER,Generated User 2141,user2141_1788618493772@example.com
user2142_1788618493772,password123,STUDENT,Generated User 2142,user2142_1788618493772@example.com
user2143_1788618493772,password123,STUDENT,Generated User 2143,user2143_1788618493772@example.com
user2144_1788618493772,password123,STUDENT,Generated User 2144,user2144_1788618493772@example.com
user2145_1788618493772,password123,STUDENT,Generated User 2145,user2145_1788618493772@example.com
user2146_1788618493772,password123,STUDENT,Generated User 2146,user2146_1788618493772@example.com
user2147_1788618493772,password123,STUDENT,Generated User 2147,user2147_1788618493772@example.com
user2148_1788618493772,password123,STUDENT,Generated User 2148,user2148_1788618493772@example.com
user2149_1788618493772,password123,TEACHER,Generated User 2149,user2149_1788618493772@example.com
user2150_1788618493772,password123,STUDENT,Generated User 2150,user2150_1788618493772@example.com
user2151_1788618493772,password123,TEACHER,Generated User 2151,user2151_1788618493772@example.com
user2152_1788618493772,password123,STUDENT,Generated User 2152,user2152_1788618493772@example.com
user2153_1788618493772,password123,STUDENT,Generated User 2153,user2153_1788618493772@example.com
user2154_1788618493772,password123,STUDENT,Generated User 2154,user2154_1788618493772@example.com
user2155_1788618493772,password123,STUDENT,Generated User 2155,user2155_1788618493772@example.com
user2156_1788618493772,password123,STUDENT,Generated User 2156,user2156_1788618493772@example.com
user2157_1788618493772,password123,STUDENT,Generated User 2157,user2157_1788618493772@example.com
user2158_1788618493772,password123,STUDENT,Generated User 2158,user2158_1788618493772@example.com
user2159_1788618493772,password123,STUDENT,Generated User 2159,user2159_1788618493772@example.com
user2160_1788618493772,password123,STUDENT,Generated User 2160,user2160_1788618493772@example.com
user2161_1788618493772,password123,TEACHER,Generated User 2161,user2161_1788618493772@example.com
user2162_1788618493772,password123,TEACHER,Generated User 2162,user2162_1788618493772@example.com
user2163_1788618493772,password123,STUDENT,Generated User 2163,user2163_1788618493772@example.com
user2164_1788618493772,password123,STUDENT,Generated User 2164,user2164_1788618493772@example.com
user2165_1788618493772,password123,STUDENT,Generated User 2165,user2165_1788618493772@example.com
user2166_1788618493772,password123,STUDENT,Generated User 2166,user2166_1788618493772@example.com
user2167_1788618493772,password123,TEACHER,Generated User 2167,user2167_1788618493772@example.com
user2168_1788618493772,password123,STUDENT,Generated User 2168,user2168_1788618493772@example.com
user2169_1788618493772,password123,STUDENT,Generated User 2169,user2169_1788618493772@example.com
user2170_1788618493772,password123,STUDENT,Generated User 2170,user2170_1788618493772@example.com
user2171_1788618493772,password123,STUDENT,Generated User 2171,user2171_1788618493772@example.com
user2172_1788618493772,password123,TEACHER,Generated User 2172,user2172_1788618493772@example.com
user2173_1788618493772,password123,STUDENT,Generated User 2173,user2173_1788618493772@example.com
user2174_1788618493772,password123,STUDENT,Generated User 2174,user2174_1788618493772@example.com
user2175_1788618493772,password123,STUDENT,Generated User 2175,user2175_1788618493772@example.com
user2176_1788618493772,password123,STUDENT,Generated User 2176,user2176_1788618493772@example.com
user2177_1788618493772,password123,STUDENT,Generated User 2177,user2177_1788618493772@example.com
user2178_1788618493772,password123,PARENT,Generated User 2178,user2178_1788618493772@example.com
user2179_1788618493772,password123,STUDENT,Generated User 2179,user2179_1788618493772@example.com
user2180_1788618493772,password123,STUDENT,Generated User 2180,user2180_1788618493772@example.com
user2181_1788618493772,password123,STUDENT,Generated User 2181,user2181_1788618493772@example.com
user2182_1788618493772,password123,STUDENT,Generated User 2182,user2182_1788618493772@example.com
user2183_1788618493772,password123,STUDENT,Generated User 2183,user2183_1788618493772@example.com
user2184_1788618493772,password123,STUDENT,Generated User 2184,user2184_1788618493772@example.com
user2185_1788618493772,password123,STUDENT,Generated User 2185,user2185_1788618493772@example.com
user2186_1788618493772,password123,TEACHER,Generated User 2186,user2186_1788618493772@example.com
user2187_1788618493772,password123,STUDENT,Generated User 2187,user2187_1788618493772@example.com
user2188_1788618493772,password123,STUDENT,Generated User 2188,user2188_1788618493772@example.com
user2189_1788618493772,password123,TEACHER,Generated User 2189,user2189_1788618493772@example.com
user2190_1788618493772,password123,STUDENT,Generated User 2190,user2190_1788618493772@example.com
user2191_1788618493772,password123,TEACHER,Generated User 2191,user2191_1788618493772@example.com
user2192_1788618493772,password123,STUDENT,Generated User 2192,user2192_1788618493772@example.com
user2193_1788618493772,password123,STUDENT,Generated User 2193,user2193_1788618493772@example.com
user2194_1788618493772,password123,STUDENT,Generated User 2194,user2194_1788618493772@example.com
user2195_1788618493772,password123,STUDENT,Generated User 2195,user2195_1788618493772@example.com
user2196_1788618493772,password123,STUDENT,Generated User 2196,user2196_1788618493772@example.com
user2197_1788618493772,password123,STUDENT,Generated User 2197,user2197_1788618493772@example.com
user2198_1788618493772,password123,STUDENT,Generated User 2198,user2198_1788618493772@example.com
user2199_1788618493772,password123,STUDENT,Generated User 2199,user2199_1788618493772@example.com
user2200_1788618493772,password123,STUDENT,Generated User 2200,user2200_1788618493772@example.com
user2201_1788618493772,password123,STUDENT,Generated User 2201,user2201_1788618493772@example.com
user2202_1788618493772,password123,STUDENT,Generated User 2202,user2202_1788618493772@example.com
user2203_1788618493772,password123,STUDENT,Generated User 2203,user2203_1788618493772@example.com
user2204_1788618493772,password123,TEACHER,Generated User 2204,user2204_1788618493772@example.com
user2205_1788618493772,password123,STUDENT,Generated User 2205,user2205_1788618493772@example.com
user2206_1788618493772,password123,STUDENT,Generated User 2206,user2206_1788618493772@example.com
user2207_1788618493772,password123,STUDENT,Generated User 2207,user2207_1788618493772@example.com
user2208_1788618493772,password123,STUDENT,Generated User 2208,user2208_1788618493772@example.com
user2209_1788618493772,password123,STUDENT,Generated User 2209,user2209_1788618493772@example.com
user2210_1788618493772,password123,STUDENT,Generated User 2210,user2210_1788618493772@example.com
user2211_1788618493772,password123,PARENT,Generated User 2211,user2211_1788618493772@example.com
user2212_1788618493772,password123,STUDENT,Generated User 2212,user2212_1788618493772@example.com
user2213_1788618493772,password123,STUDENT,Generated User 2213,user2213_1788618493772@example.com
user2214_1788618493772,password123,STUDENT,Generated User 2214,user2214_1788618493772@example.com
user2215_1788618493772,password123,STUDENT,Generated User 2215,user2215_1788618493772@example.com
user2216_1788618493772,password123,STUDENT,Generated User 2216,user2216_1788618493772@example.com
user2217_1788618493772,password123,STUDENT,Generated User 2217,user2217_1788618493772@example.com
user2218_1788618493772,password123,STUDENT,Generated User 2218,user2218_1788618493772@example.com
user2219_1788618493772,password123,STUDENT,Generated User 2219,user2219_1788618493772@example.com
user2220_1788618493772,password123,STUDENT,Generated User 2220,user2220_1788618493772@example.com
user2221_1788618493772,password123,STUDENT,Generated User 2221,user2221_1788618493772@example.com
user2222_1788618493772,password123,STUDENT,Generated User 2222,user2222_1788618493772@example.com
user2223_1788618493772,password123,STUDENT,Generated User 2223,user2223_1788618493772@example.com
user2224_1788618493772,password123,STUDENT,Generated User 2224,user2224_1788618493772@example.com
user2225_1788618493772,password123,STUDENT,Generated User 2225,user2225_1788618493772@example.com
user2226_1788618493772,password123,STUDENT,Generated User 2226,user2226_1788618493772@example.com
user2227_1788618493772,password123,STUDENT,Generated User 2227,user2227_1788618493772@example.com
user2228_1788618493772,password123,STUDENT,Generated User 2228,user2228_1788618493772@example.com
user2229_1788618493772,password123,TEACHER,Generated User 2229,user2229_1788618493772@example.com
user2230_1788618493772,password123,STUDENT,Generated User 2230,user2230_1788618493772@example.com
user2231_1788618493772,password123,STUDENT,Generated User 2231,user2231_1788618493772@example.com
user2232_1788618493772,password123,STUDENT,Generated User 2232,user2232_1788618493772@example.com
user2233_1788618493772,password123,STUDENT,Generated User 2233,user2233_1788618493772@example.com
user2234_1788618493772,password123,STUDENT,Generated User 2234,user2234_1788618493772@example.com
user2235_1788618493772,password123,STUDENT,Generated User 2235,user2235_1788618493772@example.com
user2236_1788618493772,password123,STUDENT,Generated User 2236,user2236_1788618493772@example.com
user2237_1788618493772,password123,STUDENT,Generated User 2237,user2237_1788618493772@example.com
user2238_1788618493772,password123,STUDENT,Generated User 2238,user2238_1788618493772@example.com
user2239_1788618493772,password123,STUDENT,Generated User 2239,user2239_1788618493772@example.com
user2240_1788618493772,password123,STUDENT,Generated User 2240,user2240_1788618493772@example.com
user2241_1788618493772,password123,STUDENT,Generated User 2241,user2241_1788618493772@example.com
user2242_1788618493772,password123,STUDENT,Generated User 2242,user2242_1788618493772@example.com
user2243_1788618493772,password123,STUDENT,Generated User 2243,user2243_1788618493772@example.com
user2244_1788618493772,password123,PARENT,Generated User 2244,user2244_1788618493772@example.com
user2245_1788618493772,password123,STUDENT,Generated User 2245,user2245_1788618493772@example.com
user2246_1788618493772,password123,STUDENT,Generated User 2246,user2246_1788618493772@example.com
user2247_1788618493772,password123,STUDENT,Generated User 2247,user2247_1788618493772@example.com
user2248_1788618493772,password123,STUDENT,Generated User 2248,user2248_1788618493772@example.com
user2249_1788618493772,password123,STUDENT,Generated User 2249,user2249_1788618493772@example.com
user2250_1788618493772,password123,STUDENT,Generated User 2250,user2250_1788618493772@example.com
user2251_1788618493772,password123,STUDENT,Generated User 2251,user2251_1788618493772@example.com
user2252_1788618493772,password123,STUDENT,Generated User 2252,user2252_1788618493772@example.com
user2253_1788618493772,password123,STUDENT,Generated User 2253,user2253_1788618493772@example.com
user2254_1788618493772,password123,STUDENT,Generated User 2254,user2254_1788618493772@example.com
user2255_1788618493772,password123,STUDENT,Generated User 2255,user2255_1788618493772@example.com
user2256_1788618493772,password123,STUDENT,Generated User 2256,user2256_1788618493772@example.com
user2257_1788618493772,password123,PARENT,Generated User 2257,user2257_1788618493772@example.com
user2258_1788618493772,password123,STUDENT,Generated User 2258,user2258_1788618493772@example.com
user2259_1788618493772,password123,STUDENT,Generated User 2259,user2259_1788618493772@example.com
user2260_1788618493772,password123,STUDENT,Generated User 2260,user2260_1788618493772@example.com
user2261_1788618493772,password123,STUDENT,Generated User 2261,user2261_1788618493772@example.com
user2262_1788618493772,password123,STUDENT,Generated User 2262,user2262_1788618493772@example.com
user2263_1788618493772,password123,STUDENT,Generated User 2263,user2263_1788618493772@example.com
user2264_1788618493772,password123,STUDENT,Generated User 2264,user2264_1788618493772@example.com
user2265_1788618493772,password123,PARENT,Generated User 2265,user2265_1788618493772@example.com
user2266_1788618493772,password123,STUDENT,Generated User 2266,user2266_1788618493772@example.com
user2267_1788618493772,password123,PARENT,Generated User 2267,user2267_1788618493772@example.com
user2268_1788618493772,password123,STUDENT,Generated User 2268,user2268_1788618493772@example.com
user2269_1788618493772,password123,TEACHER,Generated User 2269,user2269_1788618493772@example.com
user2270_1788618493772,password123,STUDENT,Generated User 2270,user2270_1788618493772@example.com
user2271_1788618493772,password123,TEACHER,Generated User 2271,user2271_1788618493772@example.com
user2272_1788618493772,password123,STUDENT,Generated User 2272,user2272_1788618493772@example.com
user2273_1788618493772,password123,STUDENT,Generated User 2273,user2273_1788618493772@example.com
user2274_1788618493772,password123,STUDENT,Generated User 2274,user2274_1788618493772@example.com
user2275_1788618493772,password123,STUDENT,Generated User 2275,user2275_1788618493772@example.com
user2276_1788618493772,password123,STUDENT,Generated User 2276,user2276_1788618493772@example.com
user2277_1788618493772,password123,PARENT,Generated User 2277,user2277_1788618493772@example.com
user2278_1788618493772,password123,PARENT,Generated User 2278,user2278_1788618493772@example.com
user2279_1788618493772,password123,STUDENT,Generated User 2279,user2279_1788618493772@example.com
user2280_1788618493772,password123,STUDENT,Generated User 2280,user2280_1788618493772@example.com
user2281_1788618493772,password123,STUDENT,Generated User 2281,user2281_1788618493772@example.com
user2282_1788618493772,password123,STUDENT,Generated User 2282,user2282_1788618493772@example.com
user2283_1788618493772,password123,STUDENT,Generated User 2283,user2283_1788618493772@example.com
user2284_1788618493772,password123,STUDENT,Generated User 2284,user2284_1788618493772@example.com
user2285_1788618493772,password123,STUDENT,Generated User 2285,user2285_1788618493772@example.com
user2286_1788618493772,password123,STUDENT,Generated User 2286,user2286_1788618493772@example.com
user2287_1788618493772,password123,STUDENT,Generated User 2287,user2287_1788618493772@example.com
user2288_1788618493772,password123,STUDENT,Generated User 2288,user2288_1788618493772@example.com
user2289_1788618493772,password123,TEACHER,Generated User 2289,user2289_1788618493772@example.com
user2290_1788618493772,password123,STUDENT,Generated User 2290,user2290_1788618493772@example.com
user2291_1788618493772,password123,STUDENT,Generated User 2291,user2291_1788618493772@example.com
user2292_1788618493772,password123,STUDENT,Generated User 2292,user2292_1788618493772@example.com
user2293_1788618493772,password123,STUDENT,Generated User 2293,user2293_1788618493772@example.com
user2294_1788618493772,password123,STUDENT,Generated User 2294,user2294_1788618493772@example.com
user2295_1788618493772,password123,STUDENT,Generated User 2295,user2295_1788618493772@example.com
user2296_1788618493772,password123,PARENT,Generated User 2296,user2296_1788618493772@example.com
user2297_1788618493772,password123,STUDENT,Generated User 2297,user2297_1788618493772@example.com
user2298_1788618493772,password123,PARENT,Generated User 2298,user2298_1788618493772@example.com
user2299_1788618493772,password123,TEACHER,Generated User 2299,user2299_1788618493772@example.com
user2300_1788618493772,password123,STUDENT,Generated User 2300,user2300_1788618493772@example.com
user2301_1788618493772,password123,PARENT,Generated User 2301,user2301_1788618493772@example.com
user2302_1788618493772,password123,STUDENT,Generated User 2302,user2302_1788618493772@example.com
user2303_1788618493772,password123,STUDENT,Generated User 2303,user2303_1788618493772@example.com
user2304_1788618493772,password123,STUDENT,Generated User 2304,user2304_1788618493772@example.com
user2305_1788618493772,password123,STUDENT,Generated User 2305,user2305_1788618493772@example.com
user2306_1788618493772,password123,STUDENT,Generated User 2306,user2306_1788618493772@example.com
user2307_1788618493772,password123,STUDENT,Generated User 2307,user2307_1788618493772@example.com
user2308_1788618493772,password123,STUDENT,Generated User 2308,user2308_1788618493772@example.com
user2309_1788618493772,password123,TEACHER,Generated User 2309,user2309_1788618493772@example.com
user2310_1788618493772,password123,STUDENT,Generated User 2310,user2310_1788618493772@example.com
user2311_1788618493772,password123,STUDENT,Generated User 2311,user2311_1788618493772@example.com
user2312_1788618493772,password123,STUDENT,Generated User 2312,user2312_1788618493772@example.com
user2313_1788618493772,password123,STUDENT,Generated User 2313,user2313_1788618493772@example.com
user2314_1788618493772,password123,TEACHER,Generated User 2314,user2314_1788618493772@example.com
user2315_1788618493772,password123,STUDENT,Generated User 2315,user2315_1788618493772@example.com
user2316_1788618493772,password123,STUDENT,Generated User 2316,user2316_1788618493772@example.com
user2317_1788618493772,password123,STUDENT,Generated User 2317,user2317_1788618493772@example.com
user2318_1788618493772,password123,STUDENT,Generated User 2318,user2318_1788618493772@example.com
user2319_1788618493772,password123,STUDENT,Generated User 2319,user2319_1788618493772@example.com
user2320_1788618493772,password123,STUDENT,Generated User 2320,user2320_1788618493772@example.com
user2321_1788618493772,password123,PARENT,Generated User 2321,user2321_1788618493772@example.com
user2322_1788618493772,password123,STUDENT,Generated User 2322,user2322_1788618493772@example.com
user2323_1788618493772,password123,STUDENT,Generated User 2323,user2323_1788618493772@example.com
user2324_1788618493772,password123,STUDENT,Generated User 2324,user2324_1788618493772@example.com
user2325_1788618493772,password123,STUDENT,Generated User 2325,user2325_1788618493772@example.com
user2326_1788618493772,password123,STUDENT,Generated User 2326,user2326_1788618493772@example.com
user2327_1788618493772,password123,STUDENT,Generated User 2327,user2327_1788618493772@example.com
user2328_1788618493772,password123,TEACHER,Generated User 2328,user2328_1788618493772@example.com
user2329_1788618493772,password123,STUDENT,Generated User 2329,user2329_1788618493772@example.com
user2330_1788618493772,password123,STUDENT,Generated User 2330,user2330_1788618493772@example.com
user2331_1788618493772,password123,STUDENT,Generated User 2331,user2331_1788618493772@example.com
user2332_1788618493772,password123,STUDENT,Generated User 2332,user2332_1788618493772@example.com
user2333_1788618493772,password123,STUDENT,Generated User 2333,user2333_1788618493772@example.com
user2334_1788618493772,password123,STUDENT,Generated User 2334,user2334_1788618493772@example.com
user2335_1788618493772,password123,TEACHER,Generated User 2335,user2335_1788618493772@example.com
user2336_1788618493772,password123,STUDENT,Generated User 2336,user2336_1788618493772@example.com
user2337_1788618493772,password123,STUDENT,Generated User 2337,user2337_1788618493772@example.com
user2338_1788618493772,password123,STUDENT,Generated User 2338,user2338_1788618493772@example.com
user2339_1788618493772,password123,STUDENT,Generated User 2339,user2339_1788618493772@example.com
user2340_1788618493772,password123,TEACHER,Generated User 2340,user2340_1788618493772@example.com
user2341_1788618493772,password123,STUDENT,Generated User 2341,user2341_1788618493772@example.com
user2342_1788618493772,password123,PARENT,Generated User 2342,user2342_1788618493772@example.com
user2343_1788618493772,password123,STUDENT,Generated User 2343,user2343_1788618493772@example.com
user2344_1788618493772,password123,STUDENT,Generated User 2344,user2344_1788618493772@example.com
user2345_1788618493772,password123,STUDENT,Generated User 2345,user2345_1788618493772@example.com
user2346_1788618493772,password123,TEACHER,Generated User 2346,user2346_1788618493772@example.com
user2347_1788618493772,password123,STUDENT,Generated User 2347,user2347_1788618493772@example.com
user2348_1788618493772,password123,PARENT,Generated User 2348,user2348_1788618493772@example.com
user2349_1788618493772,password123,STUDENT,Generated User 2349,user2349_1788618493772@example.com
user2350_1788618493772,password123,STUDENT,Generated User 2350,user2350_1788618493772@example.com
user2351_1788618493772,password123,TEACHER,Generated User 2351,user2351_1788618493772@example.com
user2352_1788618493772,password123,STUDENT,Generated User 2352,user2352_1788618493772@example.com
user2353_1788618493772,password123,STUDENT,Generated User 2353,user2353_1788618493772@example.com
user2354_1788618493772,password123,PARENT,Generated User 2354,user2354_1788618493772@example.com
user2355_1788618493772,password123,STUDENT,Generated User 2355,user2355_1788618493772@example.com
user2356_1788618493772,password123,TEACHER,Generated User 2356,user2356_1788618493772@example.com
user2357_1788618493772,password123,STUDENT,Generated User 2357,user2357_1788618493772@example.com
user2358_1788618493772,password123,STUDENT,Generated User 2358,user2358_1788618493772@example.com
user2359_1788618493772,password123,STUDENT,Generated User 2359,user2359_1788618493772@example.com
user2360_1788618493772,password123,STUDENT,Generated User 2360,user2360_1788618493772@example.com
user2361_1788618493772,password123,STUDENT,Generated User 2361,user2361_1788618493772@example.com
user2362_1788618493772,password123,STUDENT,Generated User 2362,user2362_1788618493772@example.com
user2363_1788618493772,password123,STUDENT,Generated User 2363,user2363_1788618493772@example.com
user2364_1788618493772,password123,STUDENT,Generated User 2364,user2364_1788618493772@example.com
user2365_1788618493772,password123,STUDENT,Generated User 2365,user2365_1788618493772@example.com
user2366_1788618493772,password123,STUDENT,Generated User 2366,user2366_1788618493772@example.com
user2367_1788618493772,password123,TEACHER,Generated User 2367,user2367_1788618493772@example.com
user2368_1788618493772,password123,STUDENT,Generated User 2368,user2368_1788618493772@example.com
user2369_1788618493772,password123,TEACHER,Generated User 2369,user2369_1788618493772@example.com
user2370_1788618493772,password123,STUDENT,Generated User 2370,user2370_1788618493772@example.com
user2371_1788618493772,password123,STUDENT,Generated User 2371,user2371_1788618493772@example.com
user2372_1788618493772,password123,STUDENT,Generated User 2372,user2372_1788618493772@example.com
user2373_1788618493772,password123,STUDENT,Generated User 2373,user2373_1788618493772@example.com
user2374_1788618493772,password123,STUDENT,Generated User 2374,user2374_1788618493772@example.com
user2375_1788618493772,password123,STUDENT,Generated User 2375,user2375_1788618493772@example.com
user2376_1788618493772,password123,STUDENT,Generated User 2376,user2376_1788618493772@example.com
user2377_1788618493772,password123,STUDENT,Generated User 2377,user2377_1788618493772@example.com
user2378_1788618493772,password123,PARENT,Generated User 2378,user2378_1788618493772@example.com
user2379_1788618493772,password123,STUDENT,Generated User 2379,user2379_1788618493772@example.com
user2380_1788618493772,password123,STUDENT,Generated User 2380,user2380_1788618493772@example.com
user2381_1788618493772,password123,STUDENT,Generated User 2381,user2381_1788618493772@example.com
user2382_1788618493772,password123,STUDENT,Generated User 2382,user2382_1788618493772@example.com
user2383_1788618493772,password123,STUDENT,Generated User 2383,user2383_1788618493772@example.com
user2384_1788618493772,password123,PARENT,Generated User 2384,user2384_1788618493772@example.com
user2385_1788618493772,password123,STUDENT,Generated User 2385,user2385_1788618493772@example.com
user2386_1788618493772,password123,STUDENT,Generated User 2386,user2386_1788618493772@example.com
user2387_1788618493772,password123,STUDENT,Generated User 2387,user2387_1788618493772@example.com
user2388_1788618493772,password123,STUDENT,Generated User 2388,user2388_1788618493772@example.com
user2389_1788618493772,password123,STUDENT,Generated User 2389,user2389_1788618493772@example.com
user2390_1788618493772,password123,STUDENT,Generated User 2390,user2390_1788618493772@example.com
user2391_1788618493772,password123,STUDENT,Generated User 2391,user2391_1788618493772@example.com
user2392_1788618493772,password123,STUDENT,Generated User 2392,user2392_1788618493772@example.com
user2393_1788618493772,password123,STUDENT,Generated User 2393,user2393_1788618493772@example.com
user2394_1788618493772,password123,TEACHER,Generated User 2394,user2394_1788618493772@example.com
user2395_1788618493772,password123,STUDENT,Generated User 2395,user2395_1788618493772@example.com
user2396_1788618493772,password123,STUDENT,Generated User 2396,user2396_1788618493772@example.com
user2397_1788618493772,password123,PARENT,Generated User 2397,user2397_1788618493772@example.com
user2398_1788618493772,password123,STUDENT,Generated User 2398,user2398_1788618493772@example.com
user2399_1788618493772,password123,STUDENT,Generated User 2399,user2399_1788618493772@example.com
user2400_1788618493772,password123,STUDENT,Generated User 2400,user2400_1788618493772@example.com
user2401_1788618493772,password123,PARENT,Generated User 2401,user2401_1788618493772@example.com
user2402_1788618493772,password123,PARENT,Generated User 2402,user2402_1788618493772@example.com
user2403_1788618493772,password123,STUDENT,Generated User 2403,user2403_1788618493772@example.com
user2404_1788618493772,password123,STUDENT,Generated User 2404,user2404_1788618493772@example.com
user2405_1788618493772,password123,STUDENT,Generated User 2405,user2405_1788618493772@example.com
user2406_1788618493772,password123,STUDENT,Generated User 2406,user2406_1788618493772@example.com
user2407_1788618493772,password123,STUDENT,Generated User 2407,user2407_1788618493772@example.com
user2408_1788618493772,password123,STUDENT,Generated User 2408,user2408_1788618493772@example.com
user2409_1788618493772,password123,STUDENT,Generated User 2409,user2409_1788618493772@example.com
user2410_1788618493772,password123,PARENT,Generated User 2410,user2410_1788618493772@example.com
user2411_1788618493772,password123,STUDENT,Generated User 2411,user2411_1788618493772@example.com
user2412_1788618493772,password123,PARENT,Generated User 2412,user2412_1788618493772@example.com
user2413_1788618493772,password123,STUDENT,Generated User 2413,user2413_1788618493772@example.com
user2414_1788618493772,password123,STUDENT,Generated User 2414,user2414_1788618493772@example.com
user2415_1788618493772,password123,STUDENT,Generated User 2415,user2415_1788618493772@example.com
user2416_1788618493772,password123,STUDENT,Generated User 2416,user2416_1788618493772@example.com
user2417_1788618493772,password123,PARENT,Generated User 2417,user2417_1788618493772@example.com
user2418_1788618493772,password123,STUDENT,Generated User 2418,user2418_1788618493772@example.com
user2419_1788618493772,password123,STUDENT,Generated User 2419,user2419_1788618493772@example.com
user2420_1788618493772,password123,STUDENT,Generated User 2420,user2420_1788618493772@example.com
user2421_1788618493772,password123,STUDENT,Generated User 2421,user2421_1788618493772@example.com
user2422_1788618493772,password123,STUDENT,Generated User 2422,user2422_1788618493772@example.com
user2423_1788618493772,password123,STUDENT,Generated User 2423,user2423_1788618493772@example.com
user2424_1788618493772,password123,STUDENT,Generated User 2424,user2424_1788618493772@example.com
user2425_1788618493772,password123,STUDENT,Generated User 2425,user2425_1788618493772@example.com
user2426_1788618493772,password123,STUDENT,Generated User 2426,user2426_1788618493772@example.com
user2427_1788618493772,password123,STUDENT,Generated User 2427,user2427_1788618493772@example.com
user2428_1788618493772,password123,STUDENT,Generated User 2428,user2428_1788618493772@example.com
user2429_1788618493772,password123,STUDENT,Generated User 2429,user2429_1788618493772@example.com
user2430_1788618493772,password123,STUDENT,Generated User 2430,user2430_1788618493772@example.com
user2431_1788618493772,password123,STUDENT,Generated User 2431,user2431_1788618493772@example.com
user2432_1788618493772,password123,STUDENT,Generated User 2432,user2432_1788618493772@example.com
user2433_1788618493772,password123,STUDENT,Generated User 2433,user2433_1788618493772@example.com
user2434_1788618493772,password123,STUDENT,Generated User 2434,user2434_1788618493772@example.com
user2435_1788618493772,password123,STUDENT,Generated User 2435,user2435_1788618493772@example.com
user2436_1788618493772,password123,STUDENT,Generated User 2436,user2436_1788618493772@example.com
user2437_1788618493772,password123,STUDENT,Generated User 2437,user2437_1788618493772@example.com
user2438_1788618493772,password123,STUDENT,Generated User 2438,user2438_1788618493772@example.com
user2439_1788618493772,password123,STUDENT,Generated User 2439,user2439_1788618493772@example.com
user2440_1788618493772,password123,STUDENT,Generated User 2440,user2440_1788618493772@example.com
user2441_1788618493772,password123,STUDENT,Generated User 2441,user2441_1788618493772@example.com
user2442_1788618493772,password123,PARENT,Generated User 2442,user2442_1788618493772@example.com
user2443_1788618493772,password123,STUDENT,Generated User 2443,user2443_1788618493772@example.com
user2444_1788618493772,password123,TEACHER,Generated User 2444,user2444_1788618493772@example.com
user2445_1788618493772,password123,PARENT,Generated User 2445,user2445_1788618493772@example.com
user2446_1788618493772,password123,STUDENT,Generated User 2446,user2446_1788618493772@example.com
user2447_1788618493772,password123,STUDENT,Generated User 2447,user2447_1788618493772@example.com
user2448_1788618493772,password123,PARENT,Generated User 2448,user2448_1788618493772@example.com
user2449_1788618493772,password123,STUDENT,Generated User 2449,user2449_1788618493772@example.com
user2450_1788618493772,password123,STUDENT,Generated User 2450,user2450_1788618493772@example.com
user2451_1788618493772,password123,STUDENT,Generated User 2451,user2451_1788618493772@example.com
user2452_1788618493772,password123,PARENT,Generated User 2452,user2452_1788618493772@example.com
user2453_1788618493772,password123,STUDENT,Generated User 2453,user2453_1788618493772@example.com
user2454_1788618493772,password123,STUDENT,Generated User 2454,user2454_1788618493772@example.com
user2455_1788618493772,password123,STUDENT,Generated User 2455,user2455_1788618493772@example.com
user2456_1788618493772,password123,STUDENT,Generated User 2456,user2456_1788618493772@example.com
user2457_1788618493772,password123,PARENT,Generated User 2457,user2457_1788618493772@example.com
user2458_1788618493772,password123,STUDENT,Generated User 2458,user2458_1788618493772@example.com
user2459_1788618493772,password123,STUDENT,Generated User 2459,user2459_1788618493772@example.com
user2460_1788618493772,password123,STUDENT,Generated User 2460,user2460_1788618493772@example.com
user2461_1788618493772,password123,STUDENT,Generated User 2461,user2461_1788618493772@example.com
user2462_1788618493772,password123,STUDENT,Generated User 2462,user2462_1788618493772@example.com
user2463_1788618493772,password123,STUDENT,Generated User 2463,user2463_1788618493772@example.com
user2464_1788618493772,password123,STUDENT,Generated User 2464,user2464_1788618493772@example.com
user2465_1788618493772,password123,TEACHER,Generated User 2465,user2465_1788618493772@example.com
user2466_1788618493772,password123,STUDENT,Generated User 2466,user2466_1788618493772@example.com
user2467_1788618493772,password123,STUDENT,Generated User 2467,user2467_1788618493772@example.com
user2468_1788618493772,password123,STUDENT,Generated User 2468,user2468_1788618493772@example.com
user2469_1788618493772,password123,STUDENT,Generated User 2469,user2469_1788618493772@example.com
user2470_1788618493772,password123,STUDENT,Generated User 2470,user2470_1788618493772@example.com
user2471_1788618493772,password123,STUDENT,Generated User 2471,user2471_1788618493772@example.com
user2472_1788618493772,password123,PARENT,Generated User 2472,user2472_1788618493772@example.com
user2473_1788618493772,password123,STUDENT,Generated User 2473,user2473_1788618493772@example.com
user2474_1788618493772,password123,STUDENT,Generated User 2474,user2474_1788618493772@example.com
user2475_1788618493772,password123,STUDENT,Generated User 2475,user2475_1788618493772@example.com
user2476_1788618493772,password123,PARENT,Generated User 2476,user2476_1788618493772@example.com
user2477_1788618493772,password123,STUDENT,Generated User 2477,user2477_1788618493772@example.com
user2478_1788618493772,password123,PARENT,Generated User 2478,user2478_1788618493772@example.com
user2479_1788618493772,password123,STUDENT,Generated User 2479,user2479_1788618493772@example.com
user2480_1788618493772,password123,STUDENT,Generated User 2480,user2480_1788618493772@example.com
user2481_1788618493772,password123,STUDENT,Generated User 2481,user2481_1788618493772@example.com
user2482_1788618493772,password123,STUDENT,Generated User 2482,user2482_1788618493772@example.com
user2483_1788618493772,password123,STUDENT,Generated User 2483,user2483_1788618493772@example.com
user2484_1788618493772,password123,STUDENT,Generated User 2484,user2484_1788618493772@example.com
user2485_1788618493772,password123,STUDENT,Generated User 2485,user2485_1788618493772@example.com
user2486_1788618493772,password123,STUDENT,Generated User 2486,user2486_1788618493772@example.com
user2487_1788618493772,password123,STUDENT,Generated User 2487,user2487_1788618493772@example.com
user2488_1788618493772,password123,STUDENT,Generated User 2488,user2488_1788618493772@example.com
user2489_1788618493772,password123,STUDENT,Generated User 2489,user2489_1788618493772@example.com
user2490_1788618493772,password123,STUDENT,Generated User 2490,user2490_1788618493772@example.com
user2491_1788618493772,password123,TEACHER,Generated User 2491,user2491_1788618493772@example.com
user2492_1788618493772,password123,STUDENT,Generated User 2492,user2492_1788618493772@example.com
user2493_1788618493772,password123,STUDENT,Generated User 2493,user2493_1788618493772@example.com
user2494_1788618493772,password123,STUDENT,Generated User 2494,user2494_1788618493772@example.com
user2495_1788618493772,password123,PARENT,Generated User 2495,user2495_1788618493772@example.com
user2496_1788618493772,password123,STUDENT,Generated User 2496,user2496_1788618493772@example.com
user2497_1788618493772,password123,STUDENT,Generated User 2497,user2497_1788618493772@example.com
user2498_1788618493772,password123,STUDENT,Generated User 2498,user2498_1788618493772@example.com
user2499_1788618493772,password123,STUDENT,Generated User 2499,user2499_1788618493772@example.com
user2500_1788618493772,password123,STUDENT,Generated User 2500,user2500_1788618493772@example.com
user2501_1788618493772,password123,PARENT,Generated User 2501,user2501_1788618493772@example.com
user2502_1788618493772,password123,STUDENT,Generated User 2502,user2502_1788618493772@example.com
user2503_1788618493772,password123,STUDENT,Generated User 2503,user2503_1788618493772@example.com
user2504_1788618493772,password123,STUDENT,Generated User 2504,user2504_1788618493772@example.com
user2505_1788618493772,password123,STUDENT,Generated User 2505,user2505_1788618493772@example.com
user2506_1788618493772,password123,STUDENT,Generated User 2506,user2506_1788618493772@example.com
user2507_1788618493772,password123,STUDENT,Generated User 2507,user2507_1788618493772@example.com
user2508_1788618493772,password123,STUDENT,Generated User 2508,user2508_1788618493772@example.com
user2509_1788618493772,password123,STUDENT,Generated User 2509,user2509_1788618493772@example.com
user2510_1788618493772,password123,STUDENT,Generated User 2510,user2510_1788618493772@example.com
user2511_1788618493772,password123,STUDENT,Generated User 2511,user2511_1788618493772@example.com
user2512_1788618493772,password123,STUDENT,Generated User 2512,user2512_1788618493772@example.com
user2513_1788618493772,password123,STUDENT,Generated User 2513,user2513_1788618493772@example.com
user2514_1788618493772,password123,STUDENT,Generated User 2514,user2514_1788618493772@example.com
user2515_1788618493772,password123,STUDENT,Generated User 2515,user2515_1788618493772@example.com
user2516_1788618493772,password123,STUDENT,Generated User 2516,user2516_1788618493772@example.com
user2517_1788618493772,password123,STUDENT,Generated User 2517,user2517_1788618493772@example.com
user2518_1788618493772,password123,STUDENT,Generated User 2518,user2518_1788618493772@example.com
user2519_1788618493772,password123,STUDENT,Generated User 2519,user2519_1788618493772@example.com
user2520_1788618493772,password123,STUDENT,Generated User 2520,user2520_1788618493772@example.com
user2521_1788618493772,password123,STUDENT,Generated User 2521,user2521_1788618493772@example.com
user2522_1788618493772,password123,STUDENT,Generated User 2522,user2522_1788618493772@example.com
user2523_1788618493772,password123,STUDENT,Generated User 2523,user2523_1788618493772@example.com
user2524_1788618493772,password123,TEACHER,Generated User 2524,user2524_1788618493772@example.com
user2525_1788618493772,password123,STUDENT,Generated User 2525,user2525_1788618493772@example.com
user2526_1788618493772,password123,PARENT,Generated User 2526,user2526_1788618493772@example.com
user2527_1788618493772,password123,STUDENT,Generated User 2527,user2527_1788618493772@example.com
user2528_1788618493772,password123,STUDENT,Generated User 2528,user2528_1788618493772@example.com
user2529_1788618493772,password123,STUDENT,Generated User 2529,user2529_1788618493772@example.com
user2530_1788618493772,password123,PARENT,Generated User 2530,user2530_1788618493772@example.com
user2531_1788618493772,password123,STUDENT,Generated User 2531,user2531_1788618493772@example.com
user2532_1788618493772,password123,STUDENT,Generated User 2532,user2532_1788618493772@example.com
user2533_1788618493772,password123,STUDENT,Generated User 2533,user2533_1788618493772@example.com
user2534_1788618493772,password123,STUDENT,Generated User 2534,user2534_1788618493772@example.com
user2535_1788618493772,password123,STUDENT,Generated User 2535,user2535_1788618493772@example.com
user2536_1788618493772,password123,STUDENT,Generated User 2536,user2536_1788618493772@example.com
user2537_1788618493772,password123,STUDENT,Generated User 2537,user2537_1788618493772@example.com
user2538_1788618493772,password123,STUDENT,Generated User 2538,user2538_1788618493772@example.com
user2539_1788618493772,password123,STUDENT,Generated User 2539,user2539_1788618493772@example.com
user2540_1788618493772,password123,STUDENT,Generated User 2540,user2540_1788618493772@example.com
user2541_1788618493772,password123,STUDENT,Generated User 2541,user2541_1788618493772@example.com
user2542_1788618493772,password123,PARENT,Generated User 2542,user2542_1788618493772@example.com
user2543_1788618493772,password123,STUDENT,Generated User 2543,user2543_1788618493772@example.com
user2544_1788618493772,password123,STUDENT,Generated User 2544,user2544_1788618493772@example.com
user2545_1788618493772,password123,TEACHER,Generated User 2545,user2545_1788618493772@example.com
user2546_1788618493772,password123,STUDENT,Generated User 2546,user2546_1788618493772@example.com
user2547_1788618493772,password123,STUDENT,Generated User 2547,user2547_1788618493772@example.com
user2548_1788618493772,password123,TEACHER,Generated User 2548,user2548_1788618493772@example.com
user2549_1788618493772,password123,STUDENT,Generated User 2549,user2549_1788618493772@example.com
user2550_1788618493772,password123,STUDENT,Generated User 2550,user2550_1788618493772@example.com
user2551_1788618493772,password123,STUDENT,Generated User 2551,user2551_1788618493772@example.com
user2552_1788618493772,password123,TEACHER,Generated User 2552,user2552_1788618493772@example.com
user2553_1788618493772,password123,STUDENT,Generated User 2553,user2553_1788618493772@example.com
user2554_1788618493772,password123,STUDENT,Generated User 2554,user2554_1788618493772@example.com
user2555_1788618493772,password123,STUDENT,Generated User 2555,user2555_1788618493772@example.com
user2556_1788618493772,password123,STUDENT,Generated User 2556,user2556_1788618493772@example.com
user2557_1788618493772,password123,TEACHER,Generated User 2557,user2557_1788618493772@example.com
user2558_1788618493772,password123,STUDENT,Generated User 2558,user2558_1788618493772@example.com
user2559_1788618493772,password123,STUDENT,Generated User 2559,user2559_1788618493772@example.com
user2560_1788618493772,password123,PARENT,Generated User 2560,user2560_1788618493772@example.com
user2561_1788618493772,password123,STUDENT,Generated User 2561,user2561_1788618493772@example.com
user2562_1788618493772,password123,STUDENT,Generated User 2562,user2562_1788618493772@example.com
user2563_1788618493772,password123,STUDENT,Generated User 2563,user2563_1788618493772@example.com
user2564_1788618493772,password123,STUDENT,Generated User 2564,user2564_1788618493772@example.com
user2565_1788618493772,password123,TEACHER,Generated User 2565,user2565_1788618493772@example.com
user2566_1788618493772,password123,STUDENT,Generated User 2566,user2566_1788618493772@example.com
user2567_1788618493772,password123,STUDENT,Generated User 2567,user2567_1788618493772@example.com
user2568_1788618493772,password123,STUDENT,Generated User 2568,user2568_1788618493772@example.com
user2569_1788618493772,password123,STUDENT,Generated User 2569,user2569_1788618493772@example.com
user2570_1788618493772,password123,STUDENT,Generated User 2570,user2570_1788618493772@example.com
user2571_1788618493772,password123,STUDENT,Generated User 2571,user2571_1788618493772@example.com
user2572_1788618493772,password123,STUDENT,Generated User 2572,user2572_1788618493772@example.com
user2573_1788618493772,password123,STUDENT,Generated User 2573,user2573_1788618493772@example.com
user2574_1788618493772,password123,STUDENT,Generated User 2574,user2574_1788618493772@example.com
user2575_1788618493772,password123,PARENT,Generated User 2575,user2575_1788618493772@example.com
user2576_1788618493772,password123,STUDENT,Generated User 2576,user2576_1788618493772@example.com
user2577_1788618493772,password123,STUDENT,Generated User 2577,user2577_1788618493772@example.com
user2578_1788618493772,password123,STUDENT,Generated User 2578,user2578_1788618493772@example.com
user2579_1788618493772,password123,STUDENT,Generated User 2579,user2579_1788618493772@example.com
user2580_1788618493772,password123,STUDENT,Generated User 2580,user2580_1788618493772@example.com
user2581_1788618493772,password123,PARENT,Generated User 2581,user2581_1788618493772@example.com
user2582_1788618493772,password123,TEACHER,Generated User 2582,user2582_1788618493772@example.com
user2583_1788618493772,password123,TEACHER,Generated User 2583,user2583_1788618493772@example.com
user2584_1788618493772,password123,STUDENT,Generated User 2584,user2584_1788618493772@example.com
user2585_1788618493772,password123,STUDENT,Generated User 2585,user2585_1788618493772@example.com
user2586_1788618493772,password123,STUDENT,Generated User 2586,user2586_1788618493772@example.com
user2587_1788618493772,password123,PARENT,Generated User 2587,user2587_1788618493772@example.com
user2588_1788618493772,password123,STUDENT,Generated User 2588,user2588_1788618493772@example.com
user2589_1788618493772,password123,TEACHER,Generated User 2589,user2589_1788618493772@example.com
user2590_1788618493772,password123,STUDENT,Generated User 2590,user2590_1788618493772@example.com
user2591_1788618493772,password123,STUDENT,Generated User 2591,user2591_1788618493772@example.com
user2592_1788618493772,password123,STUDENT,Generated User 2592,user2592_1788618493772@example.com
user2593_1788618493772,password123,STUDENT,Generated User 2593,user2593_1788618493772@example.com
user2594_1788618493772,password123,STUDENT,Generated User 2594,user2594_1788618493772@example.com
user2595_1788618493772,password123,PARENT,Generated User 2595,user2595_1788618493772@example.com
user2596_1788618493772,password123,STUDENT,Generated User 2596,user2596_1788618493772@example.com
user2597_1788618493772,password123,PARENT,Generated User 2597,user2597_1788618493772@example.com
user2598_1788618493772,password123,STUDENT,Generated User 2598,user2598_1788618493772@example.com
user2599_1788618493772,password123,STUDENT,Generated User 2599,user2599_1788618493772@example.com
user2600_1788618493772,password123,STUDENT,Generated User 2600,user2600_1788618493772@example.com
user2601_1788618493772,password123,TEACHER,Generated User 2601,user2601_1788618493772@example.com
user2602_1788618493772,password123,PARENT,Generated User 2602,user2602_1788618493772@example.com
user2603_1788618493772,password123,STUDENT,Generated User 2603,user2603_1788618493772@example.com
user2604_1788618493772,password123,STUDENT,Generated User 2604,user2604_1788618493772@example.com
user2605_1788618493772,password123,PARENT,Generated User 2605,user2605_1788618493772@example.com
user2606_1788618493772,password123,STUDENT,Generated User 2606,user2606_1788618493772@example.com
user2607_1788618493772,password123,PARENT,Generated User 2607,user2607_1788618493772@example.com
user2608_1788618493772,password123,STUDENT,Generated User 2608,user2608_1788618493772@example.com
user2609_1788618493772,password123,STUDENT,Generated User 2609,user2609_1788618493772@example.com
user2610_1788618493772,password123,PARENT,Generated User 2610,user2610_1788618493772@example.com
user2611_1788618493772,password123,STUDENT,Generated User 2611,user2611_1788618493772@example.com
user2612_1788618493772,password123,STUDENT,Generated User 2612,user2612_1788618493772@example.com
user2613_1788618493772,password123,STUDENT,Generated User 2613,user2613_1788618493772@example.com
user2614_1788618493772,password123,STUDENT,Generated User 2614,user2614_1788618493772@example.com
user2615_1788618493772,password123,TEACHER,Generated User 2615,user2615_1788618493772@example.com
user2616_1788618493772,password123,STUDENT,Generated User 2616,user2616_1788618493772@example.com
user2617_1788618493772,password123,PARENT,Generated User 2617,user2617_1788618493772@example.com
user2618_1788618493772,password123,STUDENT,Generated User 2618,user2618_1788618493772@example.com
user2619_1788618493772,password123,STUDENT,Generated User 2619,user2619_1788618493772@example.com
user2620_1788618493772,password123,STUDENT,Generated User 2620,user2620_1788618493772@example.com
user2621_1788618493772,password123,TEACHER,Generated User 2621,user2621_1788618493772@example.com
user2622_1788618493772,password123,STUDENT,Generated User 2622,user2622_1788618493772@example.com
user2623_1788618493772,password123,STUDENT,Generated User 2623,user2623_1788618493772@example.com
user2624_1788618493772,password123,STUDENT,Generated User 2624,user2624_1788618493772@example.com
user2625_1788618493772,password123,STUDENT,Generated User 2625,user2625_1788618493772@example.com
user2626_1788618493772,password123,TEACHER,Generated User 2626,user2626_1788618493772@example.com
user2627_1788618493772,password123,TEACHER,Generated User 2627,user2627_1788618493772@example.com
user2628_1788618493772,password123,STUDENT,Generated User 2628,user2628_1788618493772@example.com
user2629_1788618493772,password123,PARENT,Generated User 2629,user2629_1788618493772@example.com
user2630_1788618493772,password123,STUDENT,Generated User 2630,user2630_1788618493772@example.com
user2631_1788618493772,password123,STUDENT,Generated User 2631,user2631_1788618493772@example.com
user2632_1788618493772,password123,STUDENT,Generated User 2632,user2632_1788618493772@example.com
user2633_1788618493772,password123,STUDENT,Generated User 2633,user2633_1788618493772@example.com
user2634_1788618493772,password123,TEACHER,Generated User 2634,user2634_1788618493772@example.com
user2635_1788618493772,password123,PARENT,Generated User 2635,user2635_1788618493772@example.com
user2636_1788618493772,password123,STUDENT,Generated User 2636,user2636_1788618493772@example.com
user2637_1788618493772,password123,STUDENT,Generated User 2637,user2637_1788618493772@example.com
user2638_1788618493772,password123,STUDENT,Generated User 2638,user2638_1788618493772@example.com
user2639_1788618493772,password123,STUDENT,Generated User 2639,user2639_1788618493772@example.com
user2640_1788618493772,password123,STUDENT,Generated User 2640,user2640_1788618493772@example.com
user2641_1788618493772,password123,STUDENT,Generated User 2641,user2641_1788618493772@example.com
user2642_1788618493772,password123,STUDENT,Generated User 2642,user2642_1788618493772@example.com
user2643_1788618493772,password123,STUDENT,Generated User 2643,user2643_1788618493772@example.com
user2644_1788618493772,password123,STUDENT,Generated User 2644,user2644_1788618493772@example.com
user2645_1788618493772,password123,STUDENT,Generated User 2645,user2645_1788618493772@example.com
user2646_1788618493772,password123,STUDENT,Generated User 2646,user2646_1788618493772@example.com
user2647_1788618493772,password123,STUDENT,Generated User 2647,user2647_1788618493772@example.com
user2648_1788618493772,password123,TEACHER,Generated User 2648,user2648_1788618493772@example.com
user2649_1788618493772,password123,STUDENT,Generated User 2649,user2649_1788618493772@example.com
user2650_1788618493772,password123,STUDENT,Generated User 2650,user2650_1788618493772@example.com
user2651_1788618493772,password123,TEACHER,Generated User 2651,user2651_1788618493772@example.com
user2652_1788618493772,password123,TEACHER,Generated User 2652,user2652_1788618493772@example.com
user2653_1788618493772,password123,STUDENT,Generated User 2653,user2653_1788618493772@example.com
user2654_1788618493772,password123,STUDENT,Generated User 2654,user2654_1788618493772@example.com
user2655_1788618493772,password123,STUDENT,Generated User 2655,user2655_1788618493772@example.com
user2656_1788618493772,password123,PARENT,Generated User 2656,user2656_1788618493772@example.com
user2657_1788618493772,password123,STUDENT,Generated User 2657,user2657_1788618493772@example.com
user2658_1788618493772,password123,STUDENT,Generated User 2658,user2658_1788618493772@example.com
user2659_1788618493772,password123,STUDENT,Generated User 2659,user2659_1788618493772@example.com
user2660_1788618493772,password123,STUDENT,Generated User 2660,user2660_1788618493772@example.com
user2661_1788618493772,password123,STUDENT,Generated User 2661,user2661_1788618493772@example.com
user2662_1788618493772,password123,STUDENT,Generated User 2662,user2662_1788618493772@example.com
user2663_1788618493772,password123,STUDENT,Generated User 2663,user2663_1788618493772@example.com
user2664_1788618493772,password123,STUDENT,Generated User 2664,user2664_1788618493772@example.com
user2665_1788618493772,password123,STUDENT,Generated User 2665,user2665_1788618493772@example.com
user2666_1788618493772,password123,STUDENT,Generated User 2666,user2666_1788618493772@example.com
user2667_1788618493772,password123,STUDENT,Generated User 2667,user2667_1788618493772@example.com
user2668_1788618493772,password123,STUDENT,Generated User 2668,user2668_1788618493772@example.com
user2669_1788618493772,password123,STUDENT,Generated User 2669,user2669_1788618493772@example.com
user2670_1788618493772,password123,PARENT,Generated User 2670,user2670_1788618493772@example.com
user2671_1788618493772,password123,PARENT,Generated User 2671,user2671_1788618493772@example.com
user2672_1788618493772,password123,TEACHER,Generated User 2672,user2672_1788618493772@example.com
user2673_1788618493772,password123,STUDENT,Generated User 2673,user2673_1788618493772@example.com
user2674_1788618493772,password123,PARENT,Generated User 2674,user2674_1788618493772@example.com
user2675_1788618493772,password123,STUDENT,Generated User 2675,user2675_1788618493772@example.com
user2676_1788618493772,password123,STUDENT,Generated User 2676,user2676_1788618493772@example.com
user2677_1788618493772,password123,STUDENT,Generated User 2677,user2677_1788618493772@example.com
user2678_1788618493772,password123,STUDENT,Generated User 2678,user2678_1788618493772@example.com
user2679_1788618493772,password123,STUDENT,Generated User 2679,user2679_1788618493772@example.com
user2680_1788618493772,password123,STUDENT,Generated User 2680,user2680_1788618493772@example.com
user2681_1788618493772,password123,STUDENT,Generated User 2681,user2681_1788618493772@example.com
user2682_1788618493772,password123,PARENT,Generated User 2682,user2682_1788618493772@example.com
user2683_1788618493772,password123,STUDENT,Generated User 2683,user2683_1788618493772@example.com
user2684_1788618493772,password123,STUDENT,Generated User 2684,user2684_1788618493772@example.com
user2685_1788618493772,password123,STUDENT,Generated User 2685,user2685_1788618493772@example.com
user2686_1788618493772,password123,STUDENT,Generated User 2686,user2686_1788618493772@example.com
user2687_1788618493772,password123,TEACHER,Generated User 2687,user2687_1788618493772@example.com
user2688_1788618493772,password123,STUDENT,Generated User 2688,user2688_1788618493772@example.com
user2689_1788618493772,password123,STUDENT,Generated User 2689,user2689_1788618493772@example.com
user2690_1788618493772,password123,STUDENT,Generated User 2690,user2690_1788618493772@example.com
user2691_1788618493772,password123,STUDENT,Generated User 2691,user2691_1788618493772@example.com
user2692_1788618493772,password123,STUDENT,Generated User 2692,user2692_1788618493772@example.com
user2693_1788618493772,password123,STUDENT,Generated User 2693,user2693_1788618493772@example.com
user2694_1788618493772,password123,STUDENT,Generated User 2694,user2694_1788618493772@example.com
user2695_1788618493772,password123,STUDENT,Generated User 2695,user2695_1788618493772@example.com
user2696_1788618493772,password123,STUDENT,Generated User 2696,user2696_1788618493772@example.com
user2697_1788618493772,password123,STUDENT,Generated User 2697,user2697_1788618493772@example.com
user2698_1788618493772,password123,TEACHER,Generated User 2698,user2698_1788618493772@example.com
user2699_1788618493772,password123,TEACHER,Generated User 2699,user2699_1788618493772@example.com
user2700_1788618493772,password123,STUDENT,Generated User 2700,user2700_1788618493772@example.com
user2701_1788618493772,password123,TEACHER,Generated User 2701,user2701_1788618493772@example.com
user2702_1788618493772,password123,TEACHER,Generated User 2702,user2702_1788618493772@example.com
user2703_1788618493772,password123,STUDENT,Generated User 2703,user2703_1788618493772@example.com
user2704_1788618493772,password123,STUDENT,Generated User 2704,user2704_1788618493772@example.com
user2705_1788618493772,password123,STUDENT,Generated User 2705,user2705_1788618493772@example.com
user2706_1788618493772,password123,STUDENT,Generated User 2706,user2706_1788618493772@example.com
user2707_1788618493772,password123,STUDENT,Generated User 2707,user2707_1788618493772@example.com
user2708_1788618493772,password123,STUDENT,Generated User 2708,user2708_1788618493772@example.com
user2709_1788618493772,password123,PARENT,Generated User 2709,user2709_1788618493772@example.com
user2710_1788618493772,password123,STUDENT,Generated User 2710,user2710_1788618493772@example.com
user2711_1788618493772,password123,STUDENT,Generated User 2711,user2711_1788618493772@example.com
user2712_1788618493772,password123,STUDENT,Generated User 2712,user2712_1788618493772@example.com
user2713_1788618493772,password123,STUDENT,Generated User 2713,user2713_1788618493772@example.com
user2714_1788618493772,password123,STUDENT,Generated User 2714,user2714_1788618493772@example.com
user2715_1788618493772,password123,STUDENT,Generated User 2715,user2715_1788618493772@example.com
user2716_1788618493772,password123,STUDENT,Generated User 2716,user2716_1788618493772@example.com
user2717_1788618493772,password123,TEACHER,Generated User 2717,user2717_1788618493772@example.com
user2718_1788618493772,password123,STUDENT,Generated User 2718,user2718_1788618493772@example.com
user2719_1788618493772,password123,PARENT,Generated User 2719,user2719_1788618493772@example.com
user2720_1788618493772,password123,STUDENT,Generated User 2720,user2720_1788618493772@example.com
user2721_1788618493772,password123,STUDENT,Generated User 2721,user2721_1788618493772@example.com
user2722_1788618493772,password123,STUDENT,Generated User 2722,user2722_1788618493772@example.com
user2723_1788618493772,password123,STUDENT,Generated User 2723,user2723_1788618493772@example.com
user2724_1788618493772,password123,STUDENT,Generated User 2724,user2724_1788618493772@example.com
user2725_1788618493772,password123,STUDENT,Generated User 2725,user2725_1788618493772@example.com
user2726_1788618493772,password123,STUDENT,Generated User 2726,user2726_1788618493772@example.com
user2727_1788618493772,password123,STUDENT,Generated User 2727,user2727_1788618493772@example.com
user2728_1788618493772,password123,STUDENT,Generated User 2728,user2728_1788618493772@example.com
user2729_1788618493772,password123,PARENT,Generated User 2729,user2729_1788618493772@example.com
user2730_1788618493772,password123,STUDENT,Generated User 2730,user2730_1788618493772@example.com
user2731_1788618493772,password123,TEACHER,Generated User 2731,user2731_1788618493772@example.com
user2732_1788618493772,password123,STUDENT,Generated User 2732,user2732_1788618493772@example.com
user2733_1788618493772,password123,PARENT,Generated User 2733,user2733_1788618493772@example.com
user2734_1788618493772,password123,STUDENT,Generated User 2734,user2734_1788618493772@example.com
user2735_1788618493772,password123,STUDENT,Generated User 2735,user2735_1788618493772@example.com
user2736_1788618493772,password123,STUDENT,Generated User 2736,user2736_1788618493772@example.com
user2737_1788618493772,password123,STUDENT,Generated User 2737,user2737_1788618493772@example.com
user2738_1788618493772,password123,STUDENT,Generated User 2738,user2738_1788618493772@example.com
user2739_1788618493772,password123,STUDENT,Generated User 2739,user2739_1788618493772@example.com
user2740_1788618493772,password123,STUDENT,Generated User 2740,user2740_1788618493772@example.com
user2741_1788618493772,password123,STUDENT,Generated User 2741,user2741_1788618493772@example.com
user2742_1788618493772,password123,STUDENT,Generated User 2742,user2742_1788618493772@example.com
user2743_1788618493772,password123,STUDENT,Generated User 2743,user2743_1788618493772@example.com
user2744_1788618493772,password123,PARENT,Generated User 2744,user2744_1788618493772@example.com
user2745_1788618493772,password123,PARENT,Generated User 2745,user2745_1788618493772@example.com
user2746_1788618493772,password123,STUDENT,Generated User 2746,user2746_1788618493772@example.com
user2747_1788618493772,password123,STUDENT,Generated User 2747,user2747_1788618493772@example.com
user2748_1788618493772,password123,STUDENT,Generated User 2748,user2748_1788618493772@example.com
user2749_1788618493772,password123,STUDENT,Generated User 2749,user2749_1788618493772@example.com
user2750_1788618493772,password123,TEACHER,Generated User 2750,user2750_1788618493772@example.com
user2751_1788618493772,password123,STUDENT,Generated User 2751,user2751_1788618493772@example.com
user2752_1788618493772,password123,STUDENT,Generated User 2752,user2752_1788618493772@example.com
user2753_1788618493772,password123,STUDENT,Generated User 2753,user2753_1788618493772@example.com
user2754_1788618493772,password123,TEACHER,Generated User 2754,user2754_1788618493772@example.com
user2755_1788618493772,password123,STUDENT,Generated User 2755,user2755_1788618493772@example.com
user2756_1788618493772,password123,PARENT,Generated User 2756,user2756_1788618493772@example.com
user2757_1788618493772,password123,STUDENT,Generated User 2757,user2757_1788618493772@example.com
user2758_1788618493772,password123,STUDENT,Generated User 2758,user2758_1788618493772@example.com
user2759_1788618493772,password123,STUDENT,Generated User 2759,user2759_1788618493772@example.com
user2760_1788618493772,password123,STUDENT,Generated User 2760,user2760_1788618493772@example.com
user2761_1788618493772,password123,STUDENT,Generated User 2761,user2761_1788618493772@example.com
user2762_1788618493772,password123,STUDENT,Generated User 2762,user2762_1788618493772@example.com
user2763_1788618493772,password123,STUDENT,Generated User 2763,user2763_1788618493772@example.com
user2764_1788618493772,password123,STUDENT,Generated User 2764,user2764_1788618493772@example.com
user2765_1788618493772,password123,STUDENT,Generated User 2765,user2765_1788618493772@example.com
user2766_1788618493772,password123,STUDENT,Generated User 2766,user2766_1788618493772@example.com
user2767_1788618493772,password123,STUDENT,Generated User 2767,user2767_1788618493772@example.com
user2768_1788618493772,password123,STUDENT,Generated User 2768,user2768_1788618493772@example.com
user2769_1788618493772,password123,STUDENT,Generated User 2769,user2769_1788618493772@example.com
user2770_1788618493772,password123,STUDENT,Generated User 2770,user2770_1788618493772@example.com
user2771_1788618493772,password123,STUDENT,Generated User 2771,user2771_1788618493772@example.com
user2772_1788618493772,password123,STUDENT,Generated User 2772,user2772_1788618493772@example.com
user2773_1788618493772,password123,STUDENT,Generated User 2773,user2773_1788618493772@example.com
user2774_1788618493772,password123,STUDENT,Generated User 2774,user2774_1788618493772@example.com
user2775_1788618493772,password123,STUDENT,Generated User 2775,user2775_1788618493772@example.com
user2776_1788618493772,password123,STUDENT,Generated User 2776,user2776_1788618493772@example.com
user2777_1788618493772,password123,STUDENT,Generated User 2777,user2777_1788618493772@example.com
user2778_1788618493772,password123,STUDENT,Generated User 2778,user2778_1788618493772@example.com
user2779_1788618493772,password123,STUDENT,Generated User 2779,user2779_1788618493772@example.com
user2780_1788618493772,password123,STUDENT,Generated User 2780,user2780_1788618493772@example.com
user2781_1788618493772,password123,STUDENT,Generated User 2781,user2781_1788618493772@example.com
user2782_1788618493772,password123,STUDENT,Generated User 2782,user2782_1788618493772@example.com
user2783_1788618493772,password123,STUDENT,Generated User 2783,user2783_1788618493772@example.com
user2784_1788618493772,password123,PARENT,Generated User 2784,user2784_1788618493772@example.com
user2785_1788618493772,password123,STUDENT,Generated User 2785,user2785_1788618493772@example.com
user2786_1788618493772,password123,STUDENT,Generated User 2786,user2786_1788618493772@example.com
user2787_1788618493772,password123,STUDENT,Generated User 2787,user2787_1788618493772@example.com
user2788_1788618493772,password123,TEACHER,Generated User 2788,user2788_1788618493772@example.com
user2789_1788618493772,password123,STUDENT,Generated User 2789,user2789_1788618493772@example.com
user2790_1788618493772,password123,STUDENT,Generated User 2790,user2790_1788618493772@example.com
user2791_1788618493772,password123,STUDENT,Generated User 2791,user2791_1788618493772@example.com
user2792_1788618493772,password123,STUDENT,Generated User 2792,user2792_1788618493772@example.com
user2793_1788618493772,password123,STUDENT,Generated User 2793,user2793_1788618493772@example.com
user2794_1788618493772,password123,STUDENT,Generated User 2794,user2794_1788618493772@example.com
user2795_1788618493772,password123,STUDENT,Generated User 2795,user2795_1788618493772@example.com
user2796_1788618493772,password123,STUDENT,Generated User 2796,user2796_1788618493772@example.com
user2797_1788618493772,password123,STUDENT,Generated User 2797,user2797_1788618493772@example.com
user2798_1788618493772,password123,STUDENT,Generated User 2798,user2798_1788618493772@example.com
user2799_1788618493772,password123,STUDENT,Generated User 2799,user2799_1788618493772@example.com
user2800_1788618493772,password123,STUDENT,Generated User 2800,user2800_1788618493772@example.com
user2801_1788618493772,password123,STUDENT,Generated User 2801,user2801_1788618493772@example.com
user2802_1788618493772,password123,STUDENT,Generated User 2802,user2802_1788618493772@example.com
user2803_1788618493772,password123,TEACHER,Generated User 2803,user2803_1788618493772@example.com
user2804_1788618493772,password123,STUDENT,Generated User 2804,user2804_1788618493772@example.com
user2805_1788618493772,password123,STUDENT,Generated User 2805,user2805_1788618493772@example.com
user2806_1788618493772,password123,STUDENT,Generated User 2806,user2806_1788618493772@example.com
user2807_1788618493772,password123,TEACHER,Generated User 2807,user2807_1788618493772@example.com
user2808_1788618493772,password123,TEACHER,Generated User 2808,user2808_1788618493772@example.com
user2809_1788618493772,password123,STUDENT,Generated User 2809,user2809_1788618493772@example.com
user2810_1788618493772,password123,STUDENT,Generated User 2810,user2810_1788618493772@example.com
user2811_1788618493772,password123,STUDENT,Generated User 2811,user2811_1788618493772@example.com
user2812_1788618493772,password123,STUDENT,Generated User 2812,user2812_1788618493772@example.com
user2813_1788618493772,password123,STUDENT,Generated User 2813,user2813_1788618493772@example.com
user2814_1788618493772,password123,STUDENT,Generated User 2814,user2814_1788618493772@example.com
user2815_1788618493772,password123,STUDENT,Generated User 2815,user2815_1788618493772@example.com
user2816_1788618493772,password123,STUDENT,Generated User 2816,user2816_1788618493772@example.com
user2817_1788618493772,password123,TEACHER,Generated User 2817,user2817_1788618493772@example.com
user2818_1788618493772,password123,STUDENT,Generated User 2818,user2818_1788618493772@example.com
user2819_1788618493772,password123,STUDENT,Generated User 2819,user2819_1788618493772@example.com
user2820_1788618493772,password123,STUDENT,Generated User 2820,user2820_1788618493772@example.com
user2821_1788618493772,password123,STUDENT,Generated User 2821,user2821_1788618493772@example.com
user2822_1788618493772,password123,STUDENT,Generated User 2822,user2822_1788618493772@example.com
user2823_1788618493772,password123,TEACHER,Generated User 2823,user2823_1788618493772@example.com
user2824_1788618493772,password123,STUDENT,Generated User 2824,user2824_1788618493772@example.com
user2825_1788618493772,password123,STUDENT,Generated User 2825,user2825_1788618493772@example.com
user2826_1788618493772,password123,STUDENT,Generated User 2826,user2826_1788618493772@example.com
user2827_1788618493772,password123,STUDENT,Generated User 2827,user2827_1788618493772@example.com
user2828_1788618493772,password123,STUDENT,Generated User 2828,user2828_1788618493772@example.com
user2829_1788618493772,password123,TEACHER,Generated User 2829,user2829_1788618493772@example.com
user2830_1788618493772,password123,STUDENT,Generated User 2830,user2830_1788618493772@example.com
user2831_1788618493772,password123,STUDENT,Generated User 2831,user2831_1788618493772@example.com
user2832_1788618493772,password123,STUDENT,Generated User 2832,user2832_1788618493772@example.com
user2833_1788618493772,password123,STUDENT,Generated User 2833,user2833_1788618493772@example.com
user2834_1788618493772,password123,STUDENT,Generated User 2834,user2834_1788618493772@example.com
user2835_1788618493772,password123,STUDENT,Generated User 2835,user2835_1788618493772@example.com
user2836_1788618493772,password123,STUDENT,Generated User 2836,user2836_1788618493772@example.com
user2837_1788618493772,password123,STUDENT,Generated User 2837,user2837_1788618493772@example.com
user2838_1788618493772,password123,STUDENT,Generated User 2838,user2838_1788618493772@example.com
user2839_1788618493772,password123,PARENT,Generated User 2839,user2839_1788618493772@example.com
user2840_1788618493772,password123,STUDENT,Generated User 2840,user2840_1788618493772@example.com
user2841_1788618493772,password123,STUDENT,Generated User 2841,user2841_1788618493772@example.com
user2842_1788618493772,password123,STUDENT,Generated User 2842,user2842_1788618493772@example.com
user2843_1788618493772,password123,STUDENT,Generated User 2843,user2843_1788618493772@example.com
user2844_1788618493772,password123,STUDENT,Generated User 2844,user2844_1788618493772@example.com
user2845_1788618493772,password123,STUDENT,Generated User 2845,user2845_1788618493772@example.com
user2846_1788618493772,password123,STUDENT,Generated User 2846,user2846_1788618493772@example.com
user2847_1788618493772,password123,STUDENT,Generated User 2847,user2847_1788618493772@example.com
user2848_1788618493772,password123,STUDENT,Generated User 2848,user2848_1788618493772@example.com
user2849_1788618493772,password123,STUDENT,Generated User 2849,user2849_1788618493772@example.com
user2850_1788618493772,password123,TEACHER,Generated User 2850,user2850_1788618493772@example.com
user2851_1788618493772,password123,STUDENT,Generated User 2851,user2851_1788618493772@example.com
user2852_1788618493772,password123,STUDENT,Generated User 2852,user2852_1788618493772@example.com
user2853_1788618493772,password123,PARENT,Generated User 2853,user2853_1788618493772@example.com
user2854_1788618493772,password123,STUDENT,Generated User 2854,user2854_1788618493772@example.com
user2855_1788618493772,password123,TEACHER,Generated User 2855,user2855_1788618493772@example.com
user2856_1788618493772,password123,STUDENT,Generated User 2856,user2856_1788618493772@example.com
user2857_1788618493772,password123,STUDENT,Generated User 2857,user2857_1788618493772@example.com
user2858_1788618493772,password123,STUDENT,Generated User 2858,user2858_1788618493772@example.com
user2859_1788618493772,password123,STUDENT,Generated User 2859,user2859_1788618493772@example.com
user2860_1788618493772,password123,STUDENT,Generated User 2860,user2860_1788618493772@example.com
user2861_1788618493772,password123,STUDENT,Generated User 2861,user2861_1788618493772@example.com
user2862_1788618493772,password123,STUDENT,Generated User 2862,user2862_1788618493772@example.com
user2863_1788618493772,password123,STUDENT,Generated User 2863,user2863_1788618493772@example.com
user2864_1788618493772,password123,STUDENT,Generated User 2864,user2864_1788618493772@example.com
user2865_1788618493772,password123,PARENT,Generated User 2865,user2865_1788618493772@example.com
user2866_1788618493772,password123,PARENT,Generated User 2866,user2866_1788618493772@example.com
user2867_1788618493772,password123,STUDENT,Generated User 2867,user2867_1788618493772@example.com
user2868_1788618493772,password123,STUDENT,Generated User 2868,user2868_1788618493772@example.com
user2869_1788618493772,password123,STUDENT,Generated User 2869,user2869_1788618493772@example.com
user2870_1788618493772,password123,PARENT,Generated User 2870,user2870_1788618493772@example.com
user2871_1788618493772,password123,STUDENT,Generated User 2871,user2871_1788618493772@example.com
user2872_1788618493772,password123,STUDENT,Generated User 2872,user2872_1788618493772@example.com
user2873_1788618493772,password123,STUDENT,Generated User 2873,user2873_1788618493772@example.com
user2874_1788618493772,password123,STUDENT,Generated User 2874,user2874_1788618493772@example.com
user2875_1788618493772,password123,STUDENT,Generated User 2875,user2875_1788618493772@example.com
user2876_1788618493772,password123,STUDENT,Generated User 2876,user2876_1788618493772@example.com
user2877_1788618493772,password123,STUDENT,Generated User 2877,user2877_1788618493772@example.com
user2878_1788618493772,password123,STUDENT,Generated User 2878,user2878_1788618493772@example.com
user2879_1788618493772,password123,STUDENT,Generated User 2879,user2879_1788618493772@example.com
user2880_1788618493772,password123,STUDENT,Generated User 2880,user2880_1788618493772@example.com
user2881_1788618493772,password123,STUDENT,Generated User 2881,user2881_1788618493772@example.com
user2882_1788618493772,password123,TEACHER,Generated User 2882,user2882_1788618493772@example.com
user2883_1788618493772,password123,STUDENT,Generated User 2883,user2883_1788618493772@example.com
user2884_1788618493772,password123,STUDENT,Generated User 2884,user2884_1788618493772@example.com
user2885_1788618493772,password123,STUDENT,Generated User 2885,user2885_1788618493772@example.com
user2886_1788618493772,password123,PARENT,Generated User 2886,user2886_1788618493772@example.com
user2887_1788618493772,password123,STUDENT,Generated User 2887,user2887_1788618493772@example.com
user2888_1788618493772,password123,STUDENT,Generated User 2888,user2888_1788618493772@example.com
user2889_1788618493772,password123,STUDENT,Generated User 2889,user2889_1788618493772@example.com
user2890_1788618493772,password123,STUDENT,Generated User 2890,user2890_1788618493772@example.com
user2891_1788618493772,password123,STUDENT,Generated User 2891,user2891_1788618493772@example.com
user2892_1788618493772,password123,STUDENT,Generated User 2892,user2892_1788618493772@example.com
user2893_1788618493772,password123,TEACHER,Generated User 2893,user2893_1788618493772@example.com
user2894_1788618493772,password123,STUDENT,Generated User 2894,user2894_1788618493772@example.com
user2895_1788618493772,password123,PARENT,Generated User 2895,user2895_1788618493772@example.com
user2896_1788618493772,password123,PARENT,Generated User 2896,user2896_1788618493772@example.com
user2897_1788618493772,password123,STUDENT,Generated User 2897,user2897_1788618493772@example.com
user2898_1788618493772,password123,STUDENT,Generated User 2898,user2898_1788618493772@example.com
user2899_1788618493772,password123,STUDENT,Generated User 2899,user2899_1788618493772@example.com
user2900_1788618493772,password123,STUDENT,Generated User 2900,user2900_1788618493772@example.com
user2901_1788618493772,password123,PARENT,Generated User 2901,user2901_1788618493772@example.com
user2902_1788618493772,password123,STUDENT,Generated User 2902,user2902_1788618493772@example.com
user2903_1788618493772,password123,STUDENT,Generated User 2903,user2903_1788618493772@example.com
user2904_1788618493772,password123,STUDENT,Generated User 2904,user2904_1788618493772@example.com
user2905_1788618493772,password123,STUDENT,Generated User 2905,user2905_1788618493772@example.com
user2906_1788618493772,password123,STUDENT,Generated User 2906,user2906_1788618493772@example.com
user2907_1788618493772,password123,STUDENT,Generated User 2907,user2907_1788618493772@example.com
user2908_1788618493772,password123,STUDENT,Generated User 2908,user2908_1788618493772@example.com
user2909_1788618493772,password123,STUDENT,Generated User 2909,user2909_1788618493772@example.com
user2910_1788618493772,password123,STUDENT,Generated User 2910,user2910_1788618493772@example.com
user2911_1788618493772,password123,STUDENT,Generated User 2911,user2911_1788618493772@example.com
user2912_1788618493772,password123,PARENT,Generated User 2912,user2912_1788618493772@example.com
user2913_1788618493772,password123,STUDENT,Generated User 2913,user2913_1788618493772@example.com
user2914_1788618493772,password123,STUDENT,Generated User 2914,user2914_1788618493772@example.com
user2915_1788618493772,password123,TEACHER,Generated User 2915,user2915_1788618493772@example.com
user2916_1788618493772,password123,STUDENT,Generated User 2916,user2916_1788618493772@example.com
user2917_1788618493772,password123,STUDENT,Generated User 2917,user2917_1788618493772@example.com
user2918_1788618493772,password123,TEACHER,Generated User 2918,user2918_1788618493772@example.com
user2919_1788618493772,password123,PARENT,Generated User 2919,user2919_1788618493772@example.com
user2920_1788618493772,password123,STUDENT,Generated User 2920,user2920_1788618493772@example.com
user2921_1788618493772,password123,PARENT,Generated User 2921,user2921_1788618493772@example.com
user2922_1788618493772,password123,STUDENT,Generated User 2922,user2922_1788618493772@example.com
user2923_1788618493772,password123,STUDENT,Generated User 2923,user2923_1788618493772@example.com
user2924_1788618493772,password123,STUDENT,Generated User 2924,user2924_1788618493772@example.com
user2925_1788618493772,password123,STUDENT,Generated User 2925,user2925_1788618493772@example.com
user2926_1788618493772,password123,TEACHER,Generated User 2926,user2926_1788618493772@example.com
user2927_1788618493772,password123,STUDENT,Generated User 2927,user2927_1788618493772@example.com
user2928_1788618493772,password123,STUDENT,Generated User 2928,user2928_1788618493772@example.com
user2929_1788618493772,password123,TEACHER,Generated User 2929,user2929_1788618493772@example.com
user2930_1788618493772,password123,STUDENT,Generated User 2930,user2930_1788618493772@example.com
user2931_1788618493772,password123,STUDENT,Generated User 2931,user2931_1788618493772@example.com
user2932_1788618493772,password123,STUDENT,Generated User 2932,user2932_1788618493772@example.com
user2933_1788618493772,password123,STUDENT,Generated User 2933,user2933_1788618493772@example.com
user2934_1788618493772,password123,STUDENT,Generated User 2934,user2934_1788618493772@example.com
user2935_1788618493772,password123,PARENT,Generated User 2935,user2935_1788618493772@example.com
user2936_1788618493772,password123,STUDENT,Generated User 2936,user2936_1788618493772@example.com
user2937_1788618493772,password123,STUDENT,Generated User 2937,user2937_1788618493772@example.com
user2938_1788618493772,password123,STUDENT,Generated User 2938,user2938_1788618493772@example.com
user2939_1788618493772,password123,TEACHER,Generated User 2939,user2939_1788618493772@example.com
user2940_1788618493772,password123,TEACHER,Generated User 2940,user2940_1788618493772@example.com
user2941_1788618493772,password123,TEACHER,Generated User 2941,user2941_1788618493772@example.com
user2942_1788618493772,password123,STUDENT,Generated User 2942,user2942_1788618493772@example.com
user2943_1788618493772,password123,STUDENT,Generated User 2943,user2943_1788618493772@example.com
user2944_1788618493772,password123,STUDENT,Generated User 2944,user2944_1788618493772@example.com
user2945_1788618493772,password123,STUDENT,Generated User 2945,user2945_1788618493772@example.com
user2946_1788618493772,password123,STUDENT,Generated User 2946,user2946_1788618493772@example.com
user2947_1788618493772,password123,STUDENT,Generated User 2947,user2947_1788618493772@example.com
user2948_1788618493772,password123,STUDENT,Generated User 2948,user2948_1788618493772@example.com
user2949_1788618493772,password123,STUDENT,Generated User 2949,user2949_1788618493772@example.com
user2950_1788618493772,password123,STUDENT,Generated User 2950,user2950_1788618493772@example.com
user2951_1788618493772,password123,STUDENT,Generated User 2951,user2951_1788618493772@example.com
user2952_1788618493772,password123,STUDENT,Generated User 2952,user2952_1788618493772@example.com
user2953_1788618493772,password123,TEACHER,Generated User 2953,user2953_1788618493772@example.com
user2954_1788618493772,password123,STUDENT,Generated User 2954,user2954_1788618493772@example.com
user2955_1788618493772,password123,STUDENT,Generated User 2955,user2955_1788618493772@example.com
user2956_1788618493772,password123,STUDENT,Generated User 2956,user2956_1788618493772@example.com
user2957_1788618493772,password123,STUDENT,Generated User 2957,user2957_1788618493772@example.com
user2958_1788618493772,password123,STUDENT,Generated User 2958,user2958_1788618493772@example.com
user2959_1788618493772,password123,STUDENT,Generated User 2959,user2959_1788618493772@example.com
user2960_1788618493772,password123,STUDENT,Generated User 2960,user2960_1788618493772@example.com
user2961_1788618493772,password123,STUDENT,Generated User 2961,user2961_1788618493772@example.com
user2962_1788618493772,password123,STUDENT,Generated User 2962,user2962_1788618493772@example.com
user2963_1788618493772,password123,STUDENT,Generated User 2963,user2963_1788618493772@example.com
user2964_1788618493772,password123,STUDENT,Generated User 2964,user2964_1788618493772@example.com
user2965_1788618493772,password123,STUDENT,Generated User 2965,user2965_1788618493772@example.com
user2966_1788618493772,password123,STUDENT,Generated User 2966,user2966_1788618493772@example.com
user2967_1788618493772,password123,STUDENT,Generated User 2967,user2967_1788618493772@example.com
user2968_1788618493772,password123,STUDENT,Generated User 2968,user2968_1788618493772@example.com
user2969_1788618493772,password123,STUDENT,Generated User 2969,user2969_1788618493772@example.com
user2970_1788618493772,password123,STUDENT,Generated User 2970,user2970_1788618493772@example.com
user2971_1788618493772,password123,STUDENT,Generated User 2971,user2971_1788618493772@example.com
user2972_1788618493772,password123,STUDENT,Generated User 2972,user2972_1788618493772@example.com
user2973_1788618493772,password123,TEACHER,Generated User 2973,user2973_1788618493772@example.com
user2974_1788618493772,password123,TEACHER,Generated User 2974,user2974_1788618493772@example.com
user2975_1788618493772,password123,STUDENT,Generated User 2975,user2975_1788618493772@example.com
user2976_1788618493772,password123,STUDENT,Generated User 2976,user2976_1788618493772@example.com
user2977_1788618493772,password123,STUDENT,Generated User 2977,user2977_1788618493772@example.com
user2978_1788618493772,password123,PARENT,Generated User 2978,user2978_1788618493772@example.com
user2979_1788618493772,password123,STUDENT,Generated User 2979,user2979_1788618493772@example.com
user2980_1788618493772,password123,STUDENT,Generated User 2980,user2980_1788618493772@example.com
user2981_1788618493772,password123,PARENT,Generated User 2981,user2981_1788618493772@example.com
user2982_1788618493772,password123,STUDENT,Generated User 2982,user2982_1788618493772@example.com
user2983_1788618493772,password123,STUDENT,Generated User 2983,user2983_1788618493772@example.com
user2984_1788618493772,password123,STUDENT,Generated User 2984,user2984_1788618493772@example.com
user2985_1788618493772,password123,STUDENT,Generated User 2985,user2985_1788618493772@example.com
user2986_1788618493772,password123,STUDENT,Generated User 2986,user2986_1788618493772@example.com
user2987_1788618493772,password123,STUDENT,Generated User 2987,user2987_1788618493772@example.com
user2988_1788618493772,password123,STUDENT,Generated User 2988,user2988_1788618493772@example.com
user2989_1788618493772,password123,STUDENT,Generated User 2989,user2989_1788618493772@example.com
user2990_1788618493772,password123,STUDENT,Generated User 2990,user2990_1788618493772@example.com
user2991_1788618493772,password123,TEACHER,Generated User 2991,user2991_1788618493772@example.com
user2992_1788618493772,password123,STUDENT,Generated User 2992,user2992_1788618493772@example.com
user2993_1788618493772,password123,STUDENT,Generated User 2993,user2993_1788618493772@example.com
user2994_1788618493772,password123,STUDENT,Generated User 2994,user2994_1788618493772@example.com
user2995_1788618493772,password123,STUDENT,Generated User 2995,user2995_1788618493772@example.com
user2996_1788618493772,password123,STUDENT,Generated User 2996,user2996_1788618493772@example.com
user2997_1788618493772,password123,STUDENT,Generated User 2997,user2997_1788618493772@example.com
user2998_1788618493772,password123,PARENT,Generated User 2998,user2998_1788618493772@example.com
user2999_1788618493772,password123,STUDENT,Generated User 2999,user2999_1788618493772@example.com
user3000_1788618493772,password123,STUDENT,Generated User 3000,user3000_1788618493772@example.com
user3001_1788618493772,password123,STUDENT,Generated User 3001,user3001_1788618493772@example.com
user3002_1788618493772,password123,STUDENT,Generated User 3002,user3002_1788618493772@example.com
user3003_1788618493772,password123,STUDENT,Generated User 3003,user3003_1788618493772@example.com
user3004_1788618493772,password123,STUDENT,Generated User 3004,user3004_1788618493772@example.com
user3005_1788618493772,password123,STUDENT,Generated User 3005,user3005_1788618493772@example.com
user3006_1788618493772,password123,STUDENT,Generated User 3006,user3006_1788618493772@example.com
user3007_1788618493772,password123,TEACHER,Generated User 3007,user3007_1788618493772@example.com
user3008_1788618493772,password123,STUDENT,Generated User 3008,user3008_1788618493772@example.com
user3009_1788618493772,password123,TEACHER,Generated User 3009,user3009_1788618493772@example.com
user3010_1788618493772,password123,STUDENT,Generated User 3010,user3010_1788618493772@example.com
user3011_1788618493772,password123,TEACHER,Generated User 3011,user3011_1788618493772@example.com
user3012_1788618493772,password123,PARENT,Generated User 3012,user3012_1788618493772@example.com
user3013_1788618493772,password123,TEACHER,Generated User 3013,user3013_1788618493772@example.com
user3014_1788618493772,password123,STUDENT,Generated User 3014,user3014_1788618493772@example.com
user3015_1788618493772,password123,STUDENT,Generated User 3015,user3015_1788618493772@example.com
user3016_1788618493772,password123,STUDENT,Generated User 3016,user3016_1788618493772@example.com
user3017_1788618493772,password123,STUDENT,Generated User 3017,user3017_1788618493772@example.com
user3018_1788618493772,password123,STUDENT,Generated User 3018,user3018_1788618493772@example.com
user3019_1788618493772,password123,STUDENT,Generated User 3019,user3019_1788618493772@example.com
user3020_1788618493772,password123,PARENT,Generated User 3020,user3020_1788618493772@example.com
user3021_1788618493772,password123,STUDENT,Generated User 3021,user3021_1788618493772@example.com
user3022_1788618493772,password123,STUDENT,Generated User 3022,user3022_1788618493772@example.com
user3023_1788618493772,password123,TEACHER,Generated User 3023,user3023_1788618493772@example.com
user3024_1788618493772,password123,STUDENT,Generated User 3024,user3024_1788618493772@example.com
user3025_1788618493772,password123,STUDENT,Generated User 3025,user3025_1788618493772@example.com
user3026_1788618493772,password123,PARENT,Generated User 3026,user3026_1788618493772@example.com
user3027_1788618493772,password123,PARENT,Generated User 3027,user3027_1788618493772@example.com
user3028_1788618493772,password123,STUDENT,Generated User 3028,user3028_1788618493772@example.com
user3029_1788618493772,password123,STUDENT,Generated User 3029,user3029_1788618493772@example.com
user3030_1788618493772,password123,STUDENT,Generated User 3030,user3030_1788618493772@example.com
user3031_1788618493772,password123,STUDENT,Generated User 3031,user3031_1788618493772@example.com
user3032_1788618493772,password123,STUDENT,Generated User 3032,user3032_1788618493772@example.com
user3033_1788618493772,password123,STUDENT,Generated User 3033,user3033_1788618493772@example.com
user3034_1788618493772,password123,STUDENT,Generated User 3034,user3034_1788618493772@example.com
user3035_1788618493772,password123,STUDENT,Generated User 3035,user3035_1788618493772@example.com
user3036_1788618493772,password123,STUDENT,Generated User 3036,user3036_1788618493772@example.com
user3037_1788618493772,password123,STUDENT,Generated User 3037,user3037_1788618493772@example.com
user3038_1788618493772,password123,STUDENT,Generated User 3038,user3038_1788618493772@example.com
user3039_1788618493772,password123,STUDENT,Generated User 3039,user3039_1788618493772@example.com
user3040_1788618493772,password123,STUDENT,Generated User 3040,user3040_1788618493772@example.com
user3041_1788618493772,password123,STUDENT,Generated User 3041,user3041_1788618493772@example.com
user3042_1788618493772,password123,STUDENT,Generated User 3042,user3042_1788618493772@example.com
user3043_1788618493772,password123,STUDENT,Generated User 3043,user3043_1788618493772@example.com
user3044_1788618493772,password123,STUDENT,Generated User 3044,user3044_1788618493772@example.com
user3045_1788618493772,password123,STUDENT,Generated User 3045,user3045_1788618493772@example.com
user3046_1788618493772,password123,STUDENT,Generated User 3046,user3046_1788618493772@example.com
user3047_1788618493772,password123,STUDENT,Generated User 3047,user3047_1788618493772@example.com
user3048_1788618493772,password123,STUDENT,Generated User 3048,user3048_1788618493772@example.com
user3049_1788618493772,password123,STUDENT,Generated User 3049,user3049_1788618493772@example.com
user3050_1788618493772,password123,STUDENT,Generated User 3050,user3050_1788618493772@example.com
user3051_1788618493772,password123,STUDENT,Generated User 3051,user3051_1788618493772@example.com
user3052_1788618493772,password123,TEACHER,Generated User 3052,user3052_1788618493772@example.com
user3053_1788618493772,password123,STUDENT,Generated User 3053,user3053_1788618493772@example.com
user3054_1788618493772,password123,STUDENT,Generated User 3054,user3054_1788618493772@example.com
user3055_1788618493772,password123,STUDENT,Generated User 3055,user3055_1788618493772@example.com
user3056_1788618493772,password123,STUDENT,Generated User 3056,user3056_1788618493772@example.com
user3057_1788618493772,password123,STUDENT,Generated User 3057,user3057_1788618493772@example.com
user3058_1788618493772,password123,STUDENT,Generated User 3058,user3058_1788618493772@example.com
user3059_1788618493772,password123,STUDENT,Generated User 3059,user3059_1788618493772@example.com
user3060_1788618493772,password123,STUDENT,Generated User 3060,user3060_1788618493772@example.com
user3061_1788618493772,password123,STUDENT,Generated User 3061,user3061_1788618493772@example.com
user3062_1788618493772,password123,STUDENT,Generated User 3062,user3062_1788618493772@example.com
user3063_1788618493772,password123,TEACHER,Generated User 3063,user3063_1788618493772@example.com
user3064_1788618493772,password123,PARENT,Generated User 3064,user3064_1788618493772@example.com
user3065_1788618493772,password123,STUDENT,Generated User 3065,user3065_1788618493772@example.com
user3066_1788618493772,password123,STUDENT,Generated User 3066,user3066_1788618493772@example.com
user3067_1788618493772,password123,STUDENT,Generated User 3067,user3067_1788618493772@example.com
user3068_1788618493772,password123,TEACHER,Generated User 3068,user3068_1788618493772@example.com
user3069_1788618493772,password123,STUDENT,Generated User 3069,user3069_1788618493772@example.com
user3070_1788618493772,password123,STUDENT,Generated User 3070,user3070_1788618493772@example.com
user3071_1788618493772,password123,STUDENT,Generated User 3071,user3071_1788618493772@example.com
user3072_1788618493772,password123,STUDENT,Generated User 3072,user3072_1788618493772@example.com
user3073_1788618493772,password123,STUDENT,Generated User 3073,user3073_1788618493772@example.com
user3074_1788618493772,password123,STUDENT,Generated User 3074,user3074_1788618493772@example.com
user3075_1788618493772,password123,STUDENT,Generated User 3075,user3075_1788618493772@example.com
user3076_1788618493772,password123,PARENT,Generated User 3076,user3076_1788618493772@example.com
user3077_1788618493772,password123,STUDENT,Generated User 3077,user3077_1788618493772@example.com
user3078_1788618493772,password123,TEACHER,Generated User 3078,user3078_1788618493772@example.com
user3079_1788618493772,password123,TEACHER,Generated User 3079,user3079_1788618493772@example.com
user3080_1788618493772,password123,STUDENT,Generated User 3080,user3080_1788618493772@example.com
user3081_1788618493772,password123,PARENT,Generated User 3081,user3081_1788618493772@example.com
user3082_1788618493772,password123,STUDENT,Generated User 3082,user3082_1788618493772@example.com
user3083_1788618493772,password123,PARENT,Generated User 3083,user3083_1788618493772@example.com
user3084_1788618493772,password123,TEACHER,Generated User 3084,user3084_1788618493772@example.com
user3085_1788618493772,password123,STUDENT,Generated User 3085,user3085_1788618493772@example.com
user3086_1788618493772,password123,STUDENT,Generated User 3086,user3086_1788618493772@example.com
user3087_1788618493772,password123,STUDENT,Generated User 3087,user3087_1788618493772@example.com
user3088_1788618493772,password123,STUDENT,Generated User 3088,user3088_1788618493772@example.com
user3089_1788618493772,password123,STUDENT,Generated User 3089,user3089_1788618493772@example.com
user3090_1788618493772,password123,STUDENT,Generated User 3090,user3090_1788618493772@example.com
user3091_1788618493772,password123,STUDENT,Generated User 3091,user3091_1788618493772@example.com
user3092_1788618493772,password123,STUDENT,Generated User 3092,user3092_1788618493772@example.com
user3093_1788618493772,password123,TEACHER,Generated User 3093,user3093_1788618493772@example.com
user3094_1788618493772,password123,STUDENT,Generated User 3094,user3094_1788618493772@example.com
user3095_1788618493772,password123,TEACHER,Generated User 3095,user3095_1788618493772@example.com
user3096_1788618493772,password123,STUDENT,Generated User 3096,user3096_1788618493772@example.com
user3097_1788618493772,password123,STUDENT,Generated User 3097,user3097_1788618493772@example.com
user3098_1788618493772,password123,PARENT,Generated User 3098,user3098_1788618493772@example.com
user3099_1788618493772,password123,STUDENT,Generated User 3099,user3099_1788618493772@example.com
user3100_1788618493772,password123,STUDENT,Generated User 3100,user3100_1788618493772@example.com
user3101_1788618493772,password123,STUDENT,Generated User 3101,user3101_1788618493772@example.com
user3102_1788618493772,password123,TEACHER,Generated User 3102,user3102_1788618493772@example.com
user3103_1788618493772,password123,STUDENT,Generated User 3103,user3103_1788618493772@example.com
user3104_1788618493772,password123,STUDENT,Generated User 3104,user3104_1788618493772@example.com
user3105_1788618493772,password123,STUDENT,Generated User 3105,user3105_1788618493772@example.com
user3106_1788618493772,password123,STUDENT,Generated User 3106,user3106_1788618493772@example.com
user3107_1788618493772,password123,STUDENT,Generated User 3107,user3107_1788618493772@example.com
user3108_1788618493772,password123,TEACHER,Generated User 3108,user3108_1788618493772@example.com
user3109_1788618493772,password123,STUDENT,Generated User 3109,user3109_1788618493772@example.com
user3110_1788618493772,password123,STUDENT,Generated User 3110,user3110_1788618493772@example.com
user3111_1788618493772,password123,TEACHER,Generated User 3111,user3111_1788618493772@example.com
user3112_1788618493772,password123,STUDENT,Generated User 3112,user3112_1788618493772@example.com
user3113_1788618493772,password123,STUDENT,Generated User 3113,user3113_1788618493772@example.com
user3114_1788618493772,password123,STUDENT,Generated User 3114,user3114_1788618493772@example.com
user3115_1788618493772,password123,STUDENT,Generated User 3115,user3115_1788618493772@example.com
user3116_1788618493772,password123,STUDENT,Generated User 3116,user3116_1788618493772@example.com
user3117_1788618493772,password123,STUDENT,Generated User 3117,user3117_1788618493772@example.com
user3118_1788618493772,password123,TEACHER,Generated User 3118,user3118_1788618493772@example.com
user3119_1788618493772,password123,STUDENT,Generated User 3119,user3119_1788618493772@example.com
user3120_1788618493772,password123,STUDENT,Generated User 3120,user3120_1788618493772@example.com
user3121_1788618493772,password123,STUDENT,Generated User 3121,user3121_1788618493772@example.com
user3122_1788618493772,password123,STUDENT,Generated User 3122,user3122_1788618493772@example.com
user3123_1788618493772,password123,STUDENT,Generated User 3123,user3123_1788618493772@example.com
user3124_1788618493772,password123,STUDENT,Generated User 3124,user3124_1788618493772@example.com
user3125_1788618493772,password123,STUDENT,Generated User 3125,user3125_1788618493772@example.com
user3126_1788618493772,password123,STUDENT,Generated User 3126,user3126_1788618493772@example.com
user3127_1788618493772,password123,STUDENT,Generated User 3127,user3127_1788618493772@example.com
user3128_1788618493772,password123,PARENT,Generated User 3128,user3128_1788618493772@example.com
user3129_1788618493772,password123,STUDENT,Generated User 3129,user3129_1788618493772@example.com
user3130_1788618493772,password123,STUDENT,Generated User 3130,user3130_1788618493772@example.com
user3131_1788618493772,password123,STUDENT,Generated User 3131,user3131_1788618493772@example.com
user3132_1788618493772,password123,TEACHER,Generated User 3132,user3132_1788618493772@example.com
user3133_1788618493772,password123,STUDENT,Generated User 3133,user3133_1788618493772@example.com
user3134_1788618493772,password123,STUDENT,Generated User 3134,user3134_1788618493772@example.com
user3135_1788618493772,password123,STUDENT,Generated User 3135,user3135_1788618493772@example.com
user3136_1788618493772,password123,STUDENT,Generated User 3136,user3136_1788618493772@example.com
user3137_1788618493772,password123,STUDENT,Generated User 3137,user3137_1788618493772@example.com
user3138_1788618493772,password123,STUDENT,Generated User 3138,user3138_1788618493772@example.com
user3139_1788618493772,password123,STUDENT,Generated User 3139,user3139_1788618493772@example.com
user3140_1788618493772,password123,TEACHER,Generated User 3140,user3140_1788618493772@example.com
user3141_1788618493772,password123,TEACHER,Generated User 3141,user3141_1788618493772@example.com
user3142_1788618493772,password123,STUDENT,Generated User 3142,user3142_1788618493772@example.com
user3143_1788618493772,password123,STUDENT,Generated User 3143,user3143_1788618493772@example.com
user3144_1788618493772,password123,STUDENT,Generated User 3144,user3144_1788618493772@example.com
user3145_1788618493772,password123,STUDENT,Generated User 3145,user3145_1788618493772@example.com
user3146_1788618493772,password123,STUDENT,Generated User 3146,user3146_1788618493772@example.com
user3147_1788618493772,password123,STUDENT,Generated User 3147,user3147_1788618493772@example.com
user3148_1788618493772,password123,STUDENT,Generated User 3148,user3148_1788618493772@example.com
user3149_1788618493772,password123,STUDENT,Generated User 3149,user3149_1788618493772@example.com
user3150_1788618493772,password123,TEACHER,Generated User 3150,user3150_1788618493772@example.com
user3151_1788618493772,password123,PARENT,Generated User 3151,user3151_1788618493772@example.com
user3152_1788618493772,password123,STUDENT,Generated User 3152,user3152_1788618493772@example.com
user3153_1788618493772,password123,STUDENT,Generated User 3153,user3153_1788618493772@example.com
user3154_1788618493772,password123,STUDENT,Generated User 3154,user3154_1788618493772@example.com
user3155_1788618493772,password123,STUDENT,Generated User 3155,user3155_1788618493772@example.com
user3156_1788618493772,password123,STUDENT,Generated User 3156,user3156_1788618493772@example.com
user3157_1788618493772,password123,STUDENT,Generated User 3157,user3157_1788618493772@example.com
user3158_1788618493772,password123,STUDENT,Generated User 3158,user3158_1788618493772@example.com
user3159_1788618493772,password123,TEACHER,Generated User 3159,user3159_1788618493772@example.com
user3160_1788618493772,password123,PARENT,Generated User 3160,user3160_1788618493772@example.com
user3161_1788618493772,password123,STUDENT,Generated User 3161,user3161_1788618493772@example.com
user3162_1788618493772,password123,STUDENT,Generated User 3162,user3162_1788618493772@example.com
user3163_1788618493772,password123,STUDENT,Generated User 3163,user3163_1788618493772@example.com
user3164_1788618493772,password123,STUDENT,Generated User 3164,user3164_1788618493772@example.com
user3165_1788618493772,password123,STUDENT,Generated User 3165,user3165_1788618493772@example.com
user3166_1788618493772,password123,TEACHER,Generated User 3166,user3166_1788618493772@example.com
user3167_1788618493772,password123,STUDENT,Generated User 3167,user3167_1788618493772@example.com
user3168_1788618493772,password123,STUDENT,Generated User 3168,user3168_1788618493772@example.com
user3169_1788618493772,password123,STUDENT,Generated User 3169,user3169_1788618493772@example.com
user3170_1788618493772,password123,STUDENT,Generated User 3170,user3170_1788618493772@example.com
user3171_1788618493772,password123,STUDENT,Generated User 3171,user3171_1788618493772@example.com
user3172_1788618493772,password123,PARENT,Generated User 3172,user3172_1788618493772@example.com
user3173_1788618493772,password123,STUDENT,Generated User 3173,user3173_1788618493772@example.com
user3174_1788618493772,password123,STUDENT,Generated User 3174,user3174_1788618493772@example.com
user3175_1788618493772,password123,STUDENT,Generated User 3175,user3175_1788618493772@example.com
user3176_1788618493772,password123,STUDENT,Generated User 3176,user3176_1788618493772@example.com
user3177_1788618493772,password123,STUDENT,Generated User 3177,user3177_1788618493772@example.com
user3178_1788618493772,password123,TEACHER,Generated User 3178,user3178_1788618493772@example.com
user3179_1788618493772,password123,STUDENT,Generated User 3179,user3179_1788618493772@example.com
user3180_1788618493772,password123,STUDENT,Generated User 3180,user3180_1788618493772@example.com
user3181_1788618493772,password123,STUDENT,Generated User 3181,user3181_1788618493772@example.com
user3182_1788618493772,password123,STUDENT,Generated User 3182,user3182_1788618493772@example.com
user3183_1788618493772,password123,STUDENT,Generated User 3183,user3183_1788618493772@example.com
user3184_1788618493772,password123,STUDENT,Generated User 3184,user3184_1788618493772@example.com
user3185_1788618493772,password123,PARENT,Generated User 3185,user3185_1788618493772@example.com
user3186_1788618493772,password123,STUDENT,Generated User 3186,user3186_1788618493772@example.com
user3187_1788618493772,password123,STUDENT,Generated User 3187,user3187_1788618493772@example.com
user3188_1788618493772,password123,PARENT,Generated User 3188,user3188_1788618493772@example.com
user3189_1788618493772,password123,STUDENT,Generated User 3189,user3189_1788618493772@example.com
user3190_1788618493772,password123,STUDENT,Generated User 3190,user3190_1788618493772@example.com
user3191_1788618493772,password123,PARENT,Generated User 3191,user3191_1788618493772@example.com
user3192_1788618493772,password123,STUDENT,Generated User 3192,user3192_1788618493772@example.com
user3193_1788618493772,password123,STUDENT,Generated User 3193,user3193_1788618493772@example.com
user3194_1788618493772,password123,PARENT,Generated User 3194,user3194_1788618493772@example.com
user3195_1788618493772,password123,STUDENT,Generated User 3195,user3195_1788618493772@example.com
user3196_1788618493772,password123,STUDENT,Generated User 3196,user3196_1788618493772@example.com
user3197_1788618493772,password123,STUDENT,Generated User 3197,user3197_1788618493772@example.com
user3198_1788618493772,password123,STUDENT,Generated User 3198,user3198_1788618493772@example.com
user3199_1788618493772,password123,TEACHER,Generated User 3199,user3199_1788618493772@example.com
user3200_1788618493772,password123,PARENT,Generated User 3200,user3200_1788618493772@example.com
user3201_1788618493772,password123,STUDENT,Generated User 3201,user3201_1788618493772@example.com
user3202_1788618493772,password123,STUDENT,Generated User 3202,user3202_1788618493772@example.com
user3203_1788618493772,password123,STUDENT,Generated User 3203,user3203_1788618493772@example.com
user3204_1788618493772,password123,STUDENT,Generated User 3204,user3204_1788618493772@example.com
user3205_1788618493772,password123,STUDENT,Generated User 3205,user3205_1788618493772@example.com
user3206_1788618493772,password123,STUDENT,Generated User 3206,user3206_1788618493772@example.com
user3207_1788618493772,password123,PARENT,Generated User 3207,user3207_1788618493772@example.com
user3208_1788618493772,password123,STUDENT,Generated User 3208,user3208_1788618493772@example.com
user3209_1788618493772,password123,STUDENT,Generated User 3209,user3209_1788618493772@example.com
user3210_1788618493772,password123,STUDENT,Generated User 3210,user3210_1788618493772@example.com
user3211_1788618493772,password123,STUDENT,Generated User 3211,user3211_1788618493772@example.com
user3212_1788618493772,password123,STUDENT,Generated User 3212,user3212_1788618493772@example.com
user3213_1788618493772,password123,STUDENT,Generated User 3213,user3213_1788618493772@example.com
user3214_1788618493772,password123,STUDENT,Generated User 3214,user3214_1788618493772@example.com
user3215_1788618493772,password123,PARENT,Generated User 3215,user3215_1788618493772@example.com
user3216_1788618493772,password123,STUDENT,Generated User 3216,user3216_1788618493772@example.com
user3217_1788618493772,password123,STUDENT,Generated User 3217,user3217_1788618493772@example.com
user3218_1788618493772,password123,STUDENT,Generated User 3218,user3218_1788618493772@example.com
user3219_1788618493772,password123,STUDENT,Generated User 3219,user3219_1788618493772@example.com
user3220_1788618493772,password123,STUDENT,Generated User 3220,user3220_1788618493772@example.com
user3221_1788618493772,password123,STUDENT,Generated User 3221,user3221_1788618493772@example.com
user3222_1788618493772,password123,STUDENT,Generated User 3222,user3222_1788618493772@example.com
user3223_1788618493772,password123,STUDENT,Generated User 3223,user3223_1788618493772@example.com
user3224_1788618493772,password123,STUDENT,Generated User 3224,user3224_1788618493772@example.com
user3225_1788618493772,password123,TEACHER,Generated User 3225,user3225_1788618493772@example.com
user3226_1788618493772,password123,STUDENT,Generated User 3226,user3226_1788618493772@example.com
user3227_1788618493772,password123,STUDENT,Generated User 3227,user3227_1788618493772@example.com
user3228_1788618493772,password123,STUDENT,Generated User 3228,user3228_1788618493772@example.com
user3229_1788618493772,password123,STUDENT,Generated User 3229,user3229_1788618493772@example.com
user3230_1788618493772,password123,STUDENT,Generated User 3230,user3230_1788618493772@example.com
user3231_1788618493772,password123,STUDENT,Generated User 3231,user3231_1788618493772@example.com
user3232_1788618493772,password123,STUDENT,Generated User 3232,user3232_1788618493772@example.com
user3233_1788618493772,password123,STUDENT,Generated User 3233,user3233_1788618493772@example.com
user3234_1788618493772,password123,STUDENT,Generated User 3234,user3234_1788618493772@example.com
user3235_1788618493772,password123,STUDENT,Generated User 3235,user3235_1788618493772@example.com
user3236_1788618493772,password123,STUDENT,Generated User 3236,user3236_1788618493772@example.com
user3237_1788618493772,password123,STUDENT,Generated User 3237,user3237_1788618493772@example.com
user3238_1788618493772,password123,STUDENT,Generated User 3238,user3238_1788618493772@example.com
user3239_1788618493772,password123,TEACHER,Generated User 3239,user3239_1788618493772@example.com
user3240_1788618493772,password123,PARENT,Generated User 3240,user3240_1788618493772@example.com
user3241_1788618493772,password123,STUDENT,Generated User 3241,user3241_1788618493772@example.com
user3242_1788618493772,password123,STUDENT,Generated User 3242,user3242_1788618493772@example.com
user3243_1788618493772,password123,STUDENT,Generated User 3243,user3243_1788618493772@example.com
user3244_1788618493772,password123,STUDENT,Generated User 3244,user3244_1788618493772@example.com
user3245_1788618493772,password123,TEACHER,Generated User 3245,user3245_1788618493772@example.com
user3246_1788618493772,password123,STUDENT,Generated User 3246,user3246_1788618493772@example.com
user3247_1788618493772,password123,STUDENT,Generated User 3247,user3247_1788618493772@example.com
user3248_1788618493772,password123,STUDENT,Generated User 3248,user3248_1788618493772@example.com
user3249_1788618493772,password123,STUDENT,Generated User 3249,user3249_1788618493772@example.com
user3250_1788618493772,password123,PARENT,Generated User 3250,user3250_1788618493772@example.com
user3251_1788618493772,password123,STUDENT,Generated User 3251,user3251_1788618493772@example.com
user3252_1788618493772,password123,STUDENT,Generated User 3252,user3252_1788618493772@example.com
user3253_1788618493772,password123,STUDENT,Generated User 3253,user3253_1788618493772@example.com
user3254_1788618493772,password123,STUDENT,Generated User 3254,user3254_1788618493772@example.com
user3255_1788618493772,password123,STUDENT,Generated User 3255,user3255_1788618493772@example.com
user3256_1788618493772,password123,STUDENT,Generated User 3256,user3256_1788618493772@example.com
user3257_1788618493772,password123,STUDENT,Generated User 3257,user3257_1788618493772@example.com
user3258_1788618493772,password123,STUDENT,Generated User 3258,user3258_1788618493772@example.com
user3259_1788618493772,password123,STUDENT,Generated User 3259,user3259_1788618493772@example.com
user3260_1788618493772,password123,STUDENT,Generated User 3260,user3260_1788618493772@example.com
user3261_1788618493772,password123,STUDENT,Generated User 3261,user3261_1788618493772@example.com
user3262_1788618493772,password123,STUDENT,Generated User 3262,user3262_1788618493772@example.com
user3263_1788618493772,password123,STUDENT,Generated User 3263,user3263_1788618493772@example.com
user3264_1788618493772,password123,STUDENT,Generated User 3264,user3264_1788618493772@example.com
user3265_1788618493772,password123,TEACHER,Generated User 3265,user3265_1788618493772@example.com
user3266_1788618493772,password123,STUDENT,Generated User 3266,user3266_1788618493772@example.com
user3267_1788618493772,password123,PARENT,Generated User 3267,user3267_1788618493772@example.com
user3268_1788618493772,password123,TEACHER,Generated User 3268,user3268_1788618493772@example.com
user3269_1788618493772,password123,STUDENT,Generated User 3269,user3269_1788618493772@example.com
user3270_1788618493772,password123,STUDENT,Generated User 3270,user3270_1788618493772@example.com
user3271_1788618493772,password123,STUDENT,Generated User 3271,user3271_1788618493772@example.com
user3272_1788618493772,password123,STUDENT,Generated User 3272,user3272_1788618493772@example.com
user3273_1788618493772,password123,STUDENT,Generated User 3273,user3273_1788618493772@example.com
user3274_1788618493772,password123,STUDENT,Generated User 3274,user3274_1788618493772@example.com
user3275_1788618493772,password123,STUDENT,Generated User 3275,user3275_1788618493772@example.com
user3276_1788618493772,password123,STUDENT,Generated User 3276,user3276_1788618493772@example.com
user3277_1788618493772,password123,STUDENT,Generated User 3277,user3277_1788618493772@example.com
user3278_1788618493772,password123,STUDENT,Generated User 3278,user3278_1788618493772@example.com
user3279_1788618493772,password123,STUDENT,Generated User 3279,user3279_1788618493772@example.com
user3280_1788618493772,password123,STUDENT,Generated User 3280,user3280_1788618493772@example.com
user3281_1788618493772,password123,STUDENT,Generated User 3281,user3281_1788618493772@example.com
user3282_1788618493772,password123,STUDENT,Generated User 3282,user3282_1788618493772@example.com
user3283_1788618493772,password123,STUDENT,Generated User 3283,user3283_1788618493772@example.com
user3284_1788618493772,password123,STUDENT,Generated User 3284,user3284_1788618493772@example.com
user3285_1788618493772,password123,STUDENT,Generated User 3285,user3285_1788618493772@example.com
user3286_1788618493772,password123,STUDENT,Generated User 3286,user3286_1788618493772@example.com
user3287_1788618493772,password123,STUDENT,Generated User 3287,user3287_1788618493772@example.com
user3288_1788618493772,password123,TEACHER,Generated User 3288,user3288_1788618493772@example.com
user3289_1788618493772,password123,STUDENT,Generated User 3289,user3289_1788618493772@example.com
user3290_1788618493772,password123,STUDENT,Generated User 3290,user3290_1788618493772@example.com
user3291_1788618493772,password123,STUDENT,Generated User 3291,user3291_1788618493772@example.com
user3292_1788618493772,password123,STUDENT,Generated User 3292,user3292_1788618493772@example.com
user3293_1788618493772,password123,STUDENT,Generated User 3293,user3293_1788618493772@example.com
user3294_1788618493772,password123,STUDENT,Generated User 3294,user3294_1788618493772@example.com
user3295_1788618493772,password123,STUDENT,Generated User 3295,user3295_1788618493772@example.com
user3296_1788618493772,password123,PARENT,Generated User 3296,user3296_1788618493772@example.com
user3297_1788618493772,password123,STUDENT,Generated User 3297,user3297_1788618493772@example.com
user3298_1788618493772,password123,STUDENT,Generated User 3298,user3298_1788618493772@example.com
user3299_1788618493772,password123,STUDENT,Generated User 3299,user3299_1788618493772@example.com
user3300_1788618493772,password123,STUDENT,Generated User 3300,user3300_1788618493772@example.com
user3301_1788618493772,password123,STUDENT,Generated User 3301,user3301_1788618493772@example.com
user3302_1788618493772,password123,STUDENT,Generated User 3302,user3302_1788618493772@example.com
user3303_1788618493772,password123,STUDENT,Generated User 3303,user3303_1788618493772@example.com
user3304_1788618493772,password123,STUDENT,Generated User 3304,user3304_1788618493772@example.com
user3305_1788618493772,password123,TEACHER,Generated User 3305,user3305_1788618493772@example.com
user3306_1788618493772,password123,STUDENT,Generated User 3306,user3306_1788618493772@example.com
user3307_1788618493772,password123,STUDENT,Generated User 3307,user3307_1788618493772@example.com
user3308_1788618493772,password123,STUDENT,Generated User 3308,user3308_1788618493772@example.com
user3309_1788618493772,password123,STUDENT,Generated User 3309,user3309_1788618493772@example.com
user3310_1788618493772,password123,TEACHER,Generated User 3310,user3310_1788618493772@example.com
user3311_1788618493772,password123,STUDENT,Generated User 3311,user3311_1788618493772@example.com
user3312_1788618493772,password123,STUDENT,Generated User 3312,user3312_1788618493772@example.com
user3313_1788618493772,password123,TEACHER,Generated User 3313,user3313_1788618493772@example.com
user3314_1788618493772,password123,STUDENT,Generated User 3314,user3314_1788618493772@example.com
user3315_1788618493772,password123,STUDENT,Generated User 3315,user3315_1788618493772@example.com
user3316_1788618493772,password123,STUDENT,Generated User 3316,user3316_1788618493772@example.com
user3317_1788618493772,password123,STUDENT,Generated User 3317,user3317_1788618493772@example.com
user3318_1788618493772,password123,STUDENT,Generated User 3318,user3318_1788618493772@example.com
user3319_1788618493772,password123,STUDENT,Generated User 3319,user3319_1788618493772@example.com
user3320_1788618493772,password123,STUDENT,Generated User 3320,user3320_1788618493772@example.com
user3321_1788618493772,password123,STUDENT,Generated User 3321,user3321_1788618493772@example.com
user3322_1788618493772,password123,STUDENT,Generated User 3322,user3322_1788618493772@example.com
user3323_1788618493772,password123,STUDENT,Generated User 3323,user3323_1788618493772@example.com
user3324_1788618493772,password123,STUDENT,Generated User 3324,user3324_1788618493772@example.com
user3325_1788618493772,password123,STUDENT,Generated User 3325,user3325_1788618493772@example.com
user3326_1788618493772,password123,PARENT,Generated User 3326,user3326_1788618493772@example.com
user3327_1788618493772,password123,PARENT,Generated User 3327,user3327_1788618493772@example.com
user3328_1788618493772,password123,STUDENT,Generated User 3328,user3328_1788618493772@example.com
user3329_1788618493772,password123,STUDENT,Generated User 3329,user3329_1788618493772@example.com
user3330_1788618493772,password123,STUDENT,Generated User 3330,user3330_1788618493772@example.com
user3331_1788618493772,password123,STUDENT,Generated User 3331,user3331_1788618493772@example.com
user3332_1788618493772,password123,STUDENT,Generated User 3332,user3332_1788618493772@example.com
user3333_1788618493772,password123,STUDENT,Generated User 3333,user3333_1788618493772@example.com
user3334_1788618493772,password123,STUDENT,Generated User 3334,user3334_1788618493772@example.com
user3335_1788618493772,password123,PARENT,Generated User 3335,user3335_1788618493772@example.com
user3336_1788618493772,password123,STUDENT,Generated User 3336,user3336_1788618493772@example.com
user3337_1788618493772,password123,STUDENT,Generated User 3337,user3337_1788618493772@example.com
user3338_1788618493772,password123,TEACHER,Generated User 3338,user3338_1788618493772@example.com
user3339_1788618493772,password123,STUDENT,Generated User 3339,user3339_1788618493772@example.com
user3340_1788618493772,password123,STUDENT,Generated User 3340,user3340_1788618493772@example.com
user3341_1788618493772,password123,TEACHER,Generated User 3341,user3341_1788618493772@example.com
user3342_1788618493772,password123,STUDENT,Generated User 3342,user3342_1788618493772@example.com
user3343_1788618493772,password123,PARENT,Generated User 3343,user3343_1788618493772@example.com
user3344_1788618493772,password123,PARENT,Generated User 3344,user3344_1788618493772@example.com
user3345_1788618493772,password123,STUDENT,Generated User 3345,user3345_1788618493772@example.com
user3346_1788618493772,password123,STUDENT,Generated User 3346,user3346_1788618493772@example.com
user3347_1788618493772,password123,STUDENT,Generated User 3347,user3347_1788618493772@example.com
user3348_1788618493772,password123,TEACHER,Generated User 3348,user3348_1788618493772@example.com
user3349_1788618493772,password123,STUDENT,Generated User 3349,user3349_1788618493772@example.com
user3350_1788618493772,password123,PARENT,Generated User 3350,user3350_1788618493772@example.com
user3351_1788618493772,password123,STUDENT,Generated User 3351,user3351_1788618493772@example.com
user3352_1788618493772,password123,STUDENT,Generated User 3352,user3352_1788618493772@example.com
user3353_1788618493772,password123,STUDENT,Generated User 3353,user3353_1788618493772@example.com
user3354_1788618493772,password123,STUDENT,Generated User 3354,user3354_1788618493772@example.com
user3355_1788618493772,password123,STUDENT,Generated User 3355,user3355_1788618493772@example.com
user3356_1788618493772,password123,STUDENT,Generated User 3356,user3356_1788618493772@example.com
user3357_1788618493772,password123,STUDENT,Generated User 3357,user3357_1788618493772@example.com
user3358_1788618493772,password123,STUDENT,Generated User 3358,user3358_1788618493772@example.com
user3359_1788618493772,password123,STUDENT,Generated User 3359,user3359_1788618493772@example.com
user3360_1788618493772,password123,STUDENT,Generated User 3360,user3360_1788618493772@example.com
user3361_1788618493772,password123,STUDENT,Generated User 3361,user3361_1788618493772@example.com
user3362_1788618493772,password123,STUDENT,Generated User 3362,user3362_1788618493772@example.com
user3363_1788618493772,password123,STUDENT,Generated User 3363,user3363_1788618493772@example.com
user3364_1788618493772,password123,STUDENT,Generated User 3364,user3364_1788618493772@example.com
user3365_1788618493772,password123,STUDENT,Generated User 3365,user3365_1788618493772@example.com
user3366_1788618493772,password123,STUDENT,Generated User 3366,user3366_1788618493772@example.com
user3367_1788618493772,password123,STUDENT,Generated User 3367,user3367_1788618493772@example.com
user3368_1788618493772,password123,STUDENT,Generated User 3368,user3368_1788618493772@example.com
user3369_1788618493772,password123,STUDENT,Generated User 3369,user3369_1788618493772@example.com
user3370_1788618493772,password123,STUDENT,Generated User 3370,user3370_1788618493772@example.com
user3371_1788618493772,password123,STUDENT,Generated User 3371,user3371_1788618493772@example.com
user3372_1788618493772,password123,STUDENT,Generated User 3372,user3372_1788618493772@example.com
user3373_1788618493772,password123,PARENT,Generated User 3373,user3373_1788618493772@example.com
user3374_1788618493772,password123,STUDENT,Generated User 3374,user3374_1788618493772@example.com
user3375_1788618493772,password123,TEACHER,Generated User 3375,user3375_1788618493772@example.com
user3376_1788618493772,password123,STUDENT,Generated User 3376,user3376_1788618493772@example.com
user3377_1788618493772,password123,TEACHER,Generated User 3377,user3377_1788618493772@example.com
user3378_1788618493772,password123,STUDENT,Generated User 3378,user3378_1788618493772@example.com
user3379_1788618493772,password123,TEACHER,Generated User 3379,user3379_1788618493772@example.com
user3380_1788618493772,password123,TEACHER,Generated User 3380,user3380_1788618493772@example.com
user3381_1788618493772,password123,STUDENT,Generated User 3381,user3381_1788618493772@example.com
user3382_1788618493772,password123,STUDENT,Generated User 3382,user3382_1788618493772@example.com
user3383_1788618493772,password123,TEACHER,Generated User 3383,user3383_1788618493772@example.com
user3384_1788618493772,password123,STUDENT,Generated User 3384,user3384_1788618493772@example.com
user3385_1788618493772,password123,STUDENT,Generated User 3385,user3385_1788618493772@example.com
user3386_1788618493772,password123,STUDENT,Generated User 3386,user3386_1788618493772@example.com
user3387_1788618493772,password123,PARENT,Generated User 3387,user3387_1788618493772@example.com
user3388_1788618493772,password123,TEACHER,Generated User 3388,user3388_1788618493772@example.com
user3389_1788618493772,password123,STUDENT,Generated User 3389,user3389_1788618493772@example.com
user3390_1788618493772,password123,STUDENT,Generated User 3390,user3390_1788618493772@example.com
user3391_1788618493772,password123,STUDENT,Generated User 3391,user3391_1788618493772@example.com
user3392_1788618493772,password123,PARENT,Generated User 3392,user3392_1788618493772@example.com
user3393_1788618493772,password123,PARENT,Generated User 3393,user3393_1788618493772@example.com
user3394_1788618493772,password123,TEACHER,Generated User 3394,user3394_1788618493772@example.com
user3395_1788618493772,password123,STUDENT,Generated User 3395,user3395_1788618493772@example.com
user3396_1788618493772,password123,PARENT,Generated User 3396,user3396_1788618493772@example.com
user3397_1788618493772,password123,TEACHER,Generated User 3397,user3397_1788618493772@example.com
user3398_1788618493772,password123,TEACHER,Generated User 3398,user3398_1788618493772@example.com
user3399_1788618493772,password123,STUDENT,Generated User 3399,user3399_1788618493772@example.com
user3400_1788618493772,password123,STUDENT,Generated User 3400,user3400_1788618493772@example.com
user3401_1788618493772,password123,STUDENT,Generated User 3401,user3401_1788618493772@example.com
user3402_1788618493772,password123,STUDENT,Generated User 3402,user3402_1788618493772@example.com
user3403_1788618493772,password123,STUDENT,Generated User 3403,user3403_1788618493772@example.com
user3404_1788618493772,password123,STUDENT,Generated User 3404,user3404_1788618493772@example.com
user3405_1788618493772,password123,STUDENT,Generated User 3405,user3405_1788618493772@example.com
user3406_1788618493772,password123,STUDENT,Generated User 3406,user3406_1788618493772@example.com
user3407_1788618493772,password123,PARENT,Generated User 3407,user3407_1788618493772@example.com
user3408_1788618493772,password123,STUDENT,Generated User 3408,user3408_1788618493772@example.com
user3409_1788618493772,password123,STUDENT,Generated User 3409,user3409_1788618493772@example.com
user3410_1788618493772,password123,STUDENT,Generated User 3410,user3410_1788618493772@example.com
user3411_1788618493772,password123,STUDENT,Generated User 3411,user3411_1788618493772@example.com
user3412_1788618493772,password123,STUDENT,Generated User 3412,user3412_1788618493772@example.com
user3413_1788618493772,password123,STUDENT,Generated User 3413,user3413_1788618493772@example.com
user3414_1788618493772,password123,STUDENT,Generated User 3414,user3414_1788618493772@example.com
user3415_1788618493772,password123,TEACHER,Generated User 3415,user3415_1788618493772@example.com
user3416_1788618493772,password123,STUDENT,Generated User 3416,user3416_1788618493772@example.com
user3417_1788618493772,password123,STUDENT,Generated User 3417,user3417_1788618493772@example.com
user3418_1788618493772,password123,STUDENT,Generated User 3418,user3418_1788618493772@example.com
user3419_1788618493772,password123,STUDENT,Generated User 3419,user3419_1788618493772@example.com
user3420_1788618493772,password123,STUDENT,Generated User 3420,user3420_1788618493772@example.com
user3421_1788618493772,password123,STUDENT,Generated User 3421,user3421_1788618493772@example.com
user3422_1788618493772,password123,STUDENT,Generated User 3422,user3422_1788618493772@example.com
user3423_1788618493772,password123,STUDENT,Generated User 3423,user3423_1788618493772@example.com
user3424_1788618493772,password123,STUDENT,Generated User 3424,user3424_1788618493772@example.com
user3425_1788618493772,password123,STUDENT,Generated User 3425,user3425_1788618493772@example.com
user3426_1788618493772,password123,STUDENT,Generated User 3426,user3426_1788618493772@example.com
user3427_1788618493772,password123,STUDENT,Generated User 3427,user3427_1788618493772@example.com
user3428_1788618493772,password123,STUDENT,Generated User 3428,user3428_1788618493772@example.com
user3429_1788618493772,password123,PARENT,Generated User 3429,user3429_1788618493772@example.com
user3430_1788618493772,password123,STUDENT,Generated User 3430,user3430_1788618493772@example.com
user3431_1788618493772,password123,STUDENT,Generated User 3431,user3431_1788618493772@example.com
user3432_1788618493772,password123,STUDENT,Generated User 3432,user3432_1788618493772@example.com
user3433_1788618493772,password123,STUDENT,Generated User 3433,user3433_1788618493772@example.com
user3434_1788618493772,password123,STUDENT,Generated User 3434,user3434_1788618493772@example.com
user3435_1788618493772,password123,STUDENT,Generated User 3435,user3435_1788618493772@example.com
user3436_1788618493772,password123,STUDENT,Generated User 3436,user3436_1788618493772@example.com
user3437_1788618493772,password123,STUDENT,Generated User 3437,user3437_1788618493772@example.com
user3438_1788618493772,password123,STUDENT,Generated User 3438,user3438_1788618493772@example.com
user3439_1788618493772,password123,STUDENT,Generated User 3439,user3439_1788618493772@example.com
user3440_1788618493772,password123,PARENT,Generated User 3440,user3440_1788618493772@example.com
user3441_1788618493772,password123,TEACHER,Generated User 3441,user3441_1788618493772@example.com
user3442_1788618493772,password123,STUDENT,Generated User 3442,user3442_1788618493772@example.com
user3443_1788618493772,password123,STUDENT,Generated User 3443,user3443_1788618493772@example.com
user3444_1788618493772,password123,STUDENT,Generated User 3444,user3444_1788618493772@example.com
user3445_1788618493772,password123,STUDENT,Generated User 3445,user3445_1788618493772@example.com
user3446_1788618493772,password123,STUDENT,Generated User 3446,user3446_1788618493772@example.com
user3447_1788618493772,password123,STUDENT,Generated User 3447,user3447_1788618493772@example.com
user3448_1788618493772,password123,STUDENT,Generated User 3448,user3448_1788618493772@example.com
user3449_1788618493772,password123,STUDENT,Generated User 3449,user3449_1788618493772@example.com
user3450_1788618493772,password123,STUDENT,Generated User 3450,user3450_1788618493772@example.com
user3451_1788618493772,password123,STUDENT,Generated User 3451,user3451_1788618493772@example.com
user3452_1788618493772,password123,STUDENT,Generated User 3452,user3452_1788618493772@example.com
user3453_1788618493772,password123,STUDENT,Generated User 3453,user3453_1788618493772@example.com
user3454_1788618493772,password123,STUDENT,Generated User 3454,user3454_1788618493772@example.com
user3455_1788618493772,password123,STUDENT,Generated User 3455,user3455_1788618493772@example.com
user3456_1788618493772,password123,STUDENT,Generated User 3456,user3456_1788618493772@example.com
user3457_1788618493772,password123,STUDENT,Generated User 3457,user3457_1788618493772@example.com
user3458_1788618493772,password123,TEACHER,Generated User 3458,user3458_1788618493772@example.com
user3459_1788618493772,password123,STUDENT,Generated User 3459,user3459_1788618493772@example.com
user3460_1788618493772,password123,PARENT,Generated User 3460,user3460_1788618493772@example.com
user3461_1788618493772,password123,STUDENT,Generated User 3461,user3461_1788618493772@example.com
user3462_1788618493772,password123,STUDENT,Generated User 3462,user3462_1788618493772@example.com
user3463_1788618493772,password123,STUDENT,Generated User 3463,user3463_1788618493772@example.com
user3464_1788618493772,password123,TEACHER,Generated User 3464,user3464_1788618493772@example.com
user3465_1788618493772,password123,STUDENT,Generated User 3465,user3465_1788618493772@example.com
user3466_1788618493772,password123,STUDENT,Generated User 3466,user3466_1788618493772@example.com
user3467_1788618493772,password123,PARENT,Generated User 3467,user3467_1788618493772@example.com
user3468_1788618493772,password123,STUDENT,Generated User 3468,user3468_1788618493772@example.com
user3469_1788618493772,password123,STUDENT,Generated User 3469,user3469_1788618493772@example.com
user3470_1788618493772,password123,STUDENT,Generated User 3470,user3470_1788618493772@example.com
user3471_1788618493772,password123,STUDENT,Generated User 3471,user3471_1788618493772@example.com
user3472_1788618493772,password123,STUDENT,Generated User 3472,user3472_1788618493772@example.com
user3473_1788618493772,password123,STUDENT,Generated User 3473,user3473_1788618493772@example.com
user3474_1788618493772,password123,STUDENT,Generated User 3474,user3474_1788618493772@example.com
user3475_1788618493772,password123,STUDENT,Generated User 3475,user3475_1788618493772@example.com
user3476_1788618493772,password123,PARENT,Generated User 3476,user3476_1788618493772@example.com
user3477_1788618493772,password123,STUDENT,Generated User 3477,user3477_1788618493772@example.com
user3478_1788618493772,password123,TEACHER,Generated User 3478,user3478_1788618493772@example.com
user3479_1788618493772,password123,PARENT,Generated User 3479,user3479_1788618493772@example.com
user3480_1788618493772,password123,STUDENT,Generated User 3480,user3480_1788618493772@example.com
user3481_1788618493772,password123,STUDENT,Generated User 3481,user3481_1788618493772@example.com
user3482_1788618493772,password123,STUDENT,Generated User 3482,user3482_1788618493772@example.com
user3483_1788618493772,password123,STUDENT,Generated User 3483,user3483_1788618493772@example.com
user3484_1788618493772,password123,STUDENT,Generated User 3484,user3484_1788618493772@example.com
user3485_1788618493772,password123,STUDENT,Generated User 3485,user3485_1788618493772@example.com
user3486_1788618493772,password123,TEACHER,Generated User 3486,user3486_1788618493772@example.com
user3487_1788618493772,password123,TEACHER,Generated User 3487,user3487_1788618493772@example.com
user3488_1788618493772,password123,PARENT,Generated User 3488,user3488_1788618493772@example.com
user3489_1788618493772,password123,STUDENT,Generated User 3489,user3489_1788618493772@example.com
user3490_1788618493772,password123,PARENT,Generated User 3490,user3490_1788618493772@example.com
user3491_1788618493772,password123,STUDENT,Generated User 3491,user3491_1788618493772@example.com
user3492_1788618493772,password123,STUDENT,Generated User 3492,user3492_1788618493772@example.com
user3493_1788618493772,password123,STUDENT,Generated User 3493,user3493_1788618493772@example.com
user3494_1788618493772,password123,STUDENT,Generated User 3494,user3494_1788618493772@example.com
user3495_1788618493772,password123,PARENT,Generated User 3495,user3495_1788618493772@example.com
user3496_1788618493772,password123,STUDENT,Generated User 3496,user3496_1788618493772@example.com
user3497_1788618493772,password123,STUDENT,Generated User 3497,user3497_1788618493772@example.com
user3498_1788618493772,password123,STUDENT,Generated User 3498,user3498_1788618493772@example.com
user3499_1788618493772,password123,PARENT,Generated User 3499,user3499_1788618493772@example.com
user3500_1788618493772,password123,PARENT,Generated User 3500,user3500_1788618493772@example.com
user3501_1788618493772,password123,PARENT,Generated User 3501,user3501_1788618493772@example.com
user3502_1788618493772,password123,STUDENT,Generated User 3502,user3502_1788618493772@example.com
user3503_1788618493772,password123,STUDENT,Generated User 3503,user3503_1788618493772@example.com
user3504_1788618493772,password123,PARENT,Generated User 3504,user3504_1788618493772@example.com
user3505_1788618493772,password123,STUDENT,Generated User 3505,user3505_1788618493772@example.com
user3506_1788618493772,password123,STUDENT,Generated User 3506,user3506_1788618493772@example.com
user3507_1788618493772,password123,STUDENT,Generated User 3507,user3507_1788618493772@example.com
user3508_1788618493772,password123,TEACHER,Generated User 3508,user3508_1788618493772@example.com
user3509_1788618493772,password123,STUDENT,Generated User 3509,user3509_1788618493772@example.com
user3510_1788618493772,password123,TEACHER,Generated User 3510,user3510_1788618493772@example.com
user3511_1788618493772,password123,STUDENT,Generated User 3511,user3511_1788618493772@example.com
user3512_1788618493772,password123,STUDENT,Generated User 3512,user3512_1788618493772@example.com
user3513_1788618493772,password123,PARENT,Generated User 3513,user3513_1788618493772@example.com
user3514_1788618493772,password123,STUDENT,Generated User 3514,user3514_1788618493772@example.com
user3515_1788618493772,password123,STUDENT,Generated User 3515,user3515_1788618493772@example.com
user3516_1788618493772,password123,STUDENT,Generated User 3516,user3516_1788618493772@example.com
user3517_1788618493772,password123,TEACHER,Generated User 3517,user3517_1788618493772@example.com
user3518_1788618493772,password123,STUDENT,Generated User 3518,user3518_1788618493772@example.com
user3519_1788618493772,password123,STUDENT,Generated User 3519,user3519_1788618493772@example.com
user3520_1788618493772,password123,STUDENT,Generated User 3520,user3520_1788618493772@example.com
user3521_1788618493772,password123,STUDENT,Generated User 3521,user3521_1788618493772@example.com
user3522_1788618493772,password123,STUDENT,Generated User 3522,user3522_1788618493772@example.com
user3523_1788618493772,password123,STUDENT,Generated User 3523,user3523_1788618493772@example.com
user3524_1788618493772,password123,STUDENT,Generated User 3524,user3524_1788618493772@example.com
user3525_1788618493772,password123,STUDENT,Generated User 3525,user3525_1788618493772@example.com
user3526_1788618493772,password123,PARENT,Generated User 3526,user3526_1788618493772@example.com
user3527_1788618493772,password123,PARENT,Generated User 3527,user3527_1788618493772@example.com
user3528_1788618493772,password123,TEACHER,Generated User 3528,user3528_1788618493772@example.com
user3529_1788618493772,password123,STUDENT,Generated User 3529,user3529_1788618493772@example.com
user3530_1788618493772,password123,STUDENT,Generated User 3530,user3530_1788618493772@example.com
user3531_1788618493772,password123,STUDENT,Generated User 3531,user3531_1788618493772@example.com
user3532_1788618493772,password123,STUDENT,Generated User 3532,user3532_1788618493772@example.com
user3533_1788618493772,password123,STUDENT,Generated User 3533,user3533_1788618493772@example.com
user3534_1788618493772,password123,PARENT,Generated User 3534,user3534_1788618493772@example.com
user3535_1788618493772,password123,STUDENT,Generated User 3535,user3535_1788618493772@example.com
user3536_1788618493772,password123,STUDENT,Generated User 3536,user3536_1788618493772@example.com
user3537_1788618493772,password123,STUDENT,Generated User 3537,user3537_1788618493772@example.com
user3538_1788618493772,password123,TEACHER,Generated User 3538,user3538_1788618493772@example.com
user3539_1788618493772,password123,PARENT,Generated User 3539,user3539_1788618493772@example.com
user3540_1788618493772,password123,STUDENT,Generated User 3540,user3540_1788618493772@example.com
user3541_1788618493772,password123,PARENT,Generated User 3541,user3541_1788618493772@example.com
user3542_1788618493772,password123,STUDENT,Generated User 3542,user3542_1788618493772@example.com
user3543_1788618493772,password123,STUDENT,Generated User 3543,user3543_1788618493772@example.com
user3544_1788618493772,password123,STUDENT,Generated User 3544,user3544_1788618493772@example.com
user3545_1788618493772,password123,STUDENT,Generated User 3545,user3545_1788618493772@example.com
user3546_1788618493772,password123,PARENT,Generated User 3546,user3546_1788618493772@example.com
user3547_1788618493772,password123,STUDENT,Generated User 3547,user3547_1788618493772@example.com
user3548_1788618493772,password123,STUDENT,Generated User 3548,user3548_1788618493772@example.com
user3549_1788618493772,password123,TEACHER,Generated User 3549,user3549_1788618493772@example.com
user3550_1788618493772,password123,STUDENT,Generated User 3550,user3550_1788618493772@example.com
user3551_1788618493772,password123,STUDENT,Generated User 3551,user3551_1788618493772@example.com
user3552_1788618493772,password123,STUDENT,Generated User 3552,user3552_1788618493772@example.com
user3553_1788618493772,password123,STUDENT,Generated User 3553,user3553_1788618493772@example.com
user3554_1788618493772,password123,STUDENT,Generated User 3554,user3554_1788618493772@example.com
user3555_1788618493772,password123,STUDENT,Generated User 3555,user3555_1788618493772@example.com
user3556_1788618493772,password123,STUDENT,Generated User 3556,user3556_1788618493772@example.com
user3557_1788618493772,password123,STUDENT,Generated User 3557,user3557_1788618493772@example.com
user3558_1788618493772,password123,STUDENT,Generated User 3558,user3558_1788618493772@example.com
user3559_1788618493772,password123,STUDENT,Generated User 3559,user3559_1788618493772@example.com
user3560_1788618493772,password123,STUDENT,Generated User 3560,user3560_1788618493772@example.com
user3561_1788618493772,password123,STUDENT,Generated User 3561,user3561_1788618493772@example.com
user3562_1788618493772,password123,STUDENT,Generated User 3562,user3562_1788618493772@example.com
user3563_1788618493772,password123,STUDENT,Generated User 3563,user3563_1788618493772@example.com
user3564_1788618493772,password123,PARENT,Generated User 3564,user3564_1788618493772@example.com
user3565_1788618493772,password123,TEACHER,Generated User 3565,user3565_1788618493772@example.com
user3566_1788618493772,password123,PARENT,Generated User 3566,user3566_1788618493772@example.com
user3567_1788618493772,password123,STUDENT,Generated User 3567,user3567_1788618493772@example.com
user3568_1788618493772,password123,STUDENT,Generated User 3568,user3568_1788618493772@example.com
user3569_1788618493772,password123,STUDENT,Generated User 3569,user3569_1788618493772@example.com
user3570_1788618493772,password123,STUDENT,Generated User 3570,user3570_1788618493772@example.com
user3571_1788618493772,password123,STUDENT,Generated User 3571,user3571_1788618493772@example.com
user3572_1788618493772,password123,STUDENT,Generated User 3572,user3572_1788618493772@example.com
user3573_1788618493772,password123,STUDENT,Generated User 3573,user3573_1788618493772@example.com
user3574_1788618493772,password123,STUDENT,Generated User 3574,user3574_1788618493772@example.com
user3575_1788618493772,password123,STUDENT,Generated User 3575,user3575_1788618493772@example.com
user3576_1788618493772,password123,STUDENT,Generated User 3576,user3576_1788618493772@example.com
user3577_1788618493772,password123,TEACHER,Generated User 3577,user3577_1788618493772@example.com
user3578_1788618493772,password123,STUDENT,Generated User 3578,user3578_1788618493772@example.com
user3579_1788618493772,password123,STUDENT,Generated User 3579,user3579_1788618493772@example.com
user3580_1788618493772,password123,STUDENT,Generated User 3580,user3580_1788618493772@example.com
user3581_1788618493772,password123,STUDENT,Generated User 3581,user3581_1788618493772@example.com
user3582_1788618493772,password123,STUDENT,Generated User 3582,user3582_1788618493772@example.com
user3583_1788618493772,password123,STUDENT,Generated User 3583,user3583_1788618493772@example.com
user3584_1788618493772,password123,STUDENT,Generated User 3584,user3584_1788618493772@example.com
user3585_1788618493772,password123,STUDENT,Generated User 3585,user3585_1788618493772@example.com
user3586_1788618493772,password123,TEACHER,Generated User 3586,user3586_1788618493772@example.com
user3587_1788618493772,password123,STUDENT,Generated User 3587,user3587_1788618493772@example.com
user3588_1788618493772,password123,STUDENT,Generated User 3588,user3588_1788618493772@example.com
user3589_1788618493772,password123,STUDENT,Generated User 3589,user3589_1788618493772@example.com
user3590_1788618493772,password123,STUDENT,Generated User 3590,user3590_1788618493772@example.com
user3591_1788618493772,password123,TEACHER,Generated User 3591,user3591_1788618493772@example.com
user3592_1788618493772,password123,STUDENT,Generated User 3592,user3592_1788618493772@example.com
user3593_1788618493772,password123,STUDENT,Generated User 3593,user3593_1788618493772@example.com
user3594_1788618493772,password123,STUDENT,Generated User 3594,user3594_1788618493772@example.com
user3595_1788618493772,password123,STUDENT,Generated User 3595,user3595_1788618493772@example.com
user3596_1788618493772,password123,STUDENT,Generated User 3596,user3596_1788618493772@example.com
user3597_1788618493772,password123,STUDENT,Generated User 3597,user3597_1788618493772@example.com
user3598_1788618493772,password123,STUDENT,Generated User 3598,user3598_1788618493772@example.com
user3599_1788618493772,password123,STUDENT,Generated User 3599,user3599_1788618493772@example.com
user3600_1788618493772,password123,STUDENT,Generated User 3600,user3600_1788618493772@example.com
user3601_1788618493772,password123,STUDENT,Generated User 3601,user3601_1788618493772@example.com
user3602_1788618493772,password123,STUDENT,Generated User 3602,user3602_1788618493772@example.com
user3603_1788618493772,password123,STUDENT,Generated User 3603,user3603_1788618493772@example.com
user3604_1788618493772,password123,TEACHER,Generated User 3604,user3604_1788618493772@example.com
user3605_1788618493772,password123,STUDENT,Generated User 3605,user3605_1788618493772@example.com
user3606_1788618493772,password123,STUDENT,Generated User 3606,user3606_1788618493772@example.com
user3607_1788618493772,password123,STUDENT,Generated User 3607,user3607_1788618493772@example.com
user3608_1788618493772,password123,STUDENT,Generated User 3608,user3608_1788618493772@example.com
user3609_1788618493772,password123,STUDENT,Generated User 3609,user3609_1788618493772@example.com
user3610_1788618493772,password123,STUDENT,Generated User 3610,user3610_1788618493772@example.com
user3611_1788618493772,password123,STUDENT,Generated User 3611,user3611_1788618493772@example.com
user3612_1788618493772,password123,STUDENT,Generated User 3612,user3612_1788618493772@example.com
user3613_1788618493772,password123,PARENT,Generated User 3613,user3613_1788618493772@example.com
user3614_1788618493772,password123,STUDENT,Generated User 3614,user3614_1788618493772@example.com
user3615_1788618493772,password123,STUDENT,Generated User 3615,user3615_1788618493772@example.com
user3616_1788618493772,password123,STUDENT,Generated User 3616,user3616_1788618493772@example.com
user3617_1788618493772,password123,STUDENT,Generated User 3617,user3617_1788618493772@example.com
user3618_1788618493772,password123,PARENT,Generated User 3618,user3618_1788618493772@example.com
user3619_1788618493772,password123,STUDENT,Generated User 3619,user3619_1788618493772@example.com
user3620_1788618493772,password123,STUDENT,Generated User 3620,user3620_1788618493772@example.com
user3621_1788618493772,password123,STUDENT,Generated User 3621,user3621_1788618493772@example.com
user3622_1788618493772,password123,STUDENT,Generated User 3622,user3622_1788618493772@example.com
user3623_1788618493772,password123,STUDENT,Generated User 3623,user3623_1788618493772@example.com
user3624_1788618493772,password123,PARENT,Generated User 3624,user3624_1788618493772@example.com
user3625_1788618493772,password123,STUDENT,Generated User 3625,user3625_1788618493772@example.com
user3626_1788618493772,password123,STUDENT,Generated User 3626,user3626_1788618493772@example.com
user3627_1788618493772,password123,STUDENT,Generated User 3627,user3627_1788618493772@example.com
user3628_1788618493772,password123,STUDENT,Generated User 3628,user3628_1788618493772@example.com
user3629_1788618493772,password123,STUDENT,Generated User 3629,user3629_1788618493772@example.com
user3630_1788618493772,password123,STUDENT,Generated User 3630,user3630_1788618493772@example.com
user3631_1788618493772,password123,STUDENT,Generated User 3631,user3631_1788618493772@example.com
user3632_1788618493772,password123,STUDENT,Generated User 3632,user3632_1788618493772@example.com
user3633_1788618493772,password123,STUDENT,Generated User 3633,user3633_1788618493772@example.com
user3634_1788618493772,password123,TEACHER,Generated User 3634,user3634_1788618493772@example.com
user3635_1788618493772,password123,STUDENT,Generated User 3635,user3635_1788618493772@example.com
user3636_1788618493772,password123,STUDENT,Generated User 3636,user3636_1788618493772@example.com
user3637_1788618493772,password123,STUDENT,Generated User 3637,user3637_1788618493772@example.com
user3638_1788618493772,password123,PARENT,Generated User 3638,user3638_1788618493772@example.com
user3639_1788618493772,password123,STUDENT,Generated User 3639,user3639_1788618493772@example.com
user3640_1788618493772,password123,STUDENT,Generated User 3640,user3640_1788618493772@example.com
user3641_1788618493772,password123,STUDENT,Generated User 3641,user3641_1788618493772@example.com
user3642_1788618493772,password123,STUDENT,Generated User 3642,user3642_1788618493772@example.com
user3643_1788618493772,password123,STUDENT,Generated User 3643,user3643_1788618493772@example.com
user3644_1788618493772,password123,STUDENT,Generated User 3644,user3644_1788618493772@example.com
user3645_1788618493772,password123,STUDENT,Generated User 3645,user3645_1788618493772@example.com
user3646_1788618493772,password123,STUDENT,Generated User 3646,user3646_1788618493772@example.com
user3647_1788618493772,password123,STUDENT,Generated User 3647,user3647_1788618493772@example.com
user3648_1788618493772,password123,PARENT,Generated User 3648,user3648_1788618493772@example.com
user3649_1788618493772,password123,STUDENT,Generated User 3649,user3649_1788618493772@example.com
user3650_1788618493772,password123,STUDENT,Generated User 3650,user3650_1788618493772@example.com
user3651_1788618493772,password123,STUDENT,Generated User 3651,user3651_1788618493772@example.com
user3652_1788618493772,password123,STUDENT,Generated User 3652,user3652_1788618493772@example.com
user3653_1788618493772,password123,STUDENT,Generated User 3653,user3653_1788618493772@example.com
user3654_1788618493772,password123,STUDENT,Generated User 3654,user3654_1788618493772@example.com
user3655_1788618493772,password123,STUDENT,Generated User 3655,user3655_1788618493772@example.com
user3656_1788618493772,password123,TEACHER,Generated User 3656,user3656_1788618493772@example.com
user3657_1788618493772,password123,STUDENT,Generated User 3657,user3657_1788618493772@example.com
user3658_1788618493772,password123,TEACHER,Generated User 3658,user3658_1788618493772@example.com
user3659_1788618493772,password123,STUDENT,Generated User 3659,user3659_1788618493772@example.com
user3660_1788618493772,password123,PARENT,Generated User 3660,user3660_1788618493772@example.com
user3661_1788618493772,password123,STUDENT,Generated User 3661,user3661_1788618493772@example.com
user3662_1788618493772,password123,STUDENT,Generated User 3662,user3662_1788618493772@example.com
user3663_1788618493772,password123,TEACHER,Generated User 3663,user3663_1788618493772@example.com
user3664_1788618493772,password123,TEACHER,Generated User 3664,user3664_1788618493772@example.com
user3665_1788618493772,password123,STUDENT,Generated User 3665,user3665_1788618493772@example.com
user3666_1788618493772,password123,STUDENT,Generated User 3666,user3666_1788618493772@example.com
user3667_1788618493772,password123,STUDENT,Generated User 3667,user3667_1788618493772@example.com
user3668_1788618493772,password123,STUDENT,Generated User 3668,user3668_1788618493772@example.com
user3669_1788618493772,password123,STUDENT,Generated User 3669,user3669_1788618493772@example.com
user3670_1788618493772,password123,STUDENT,Generated User 3670,user3670_1788618493772@example.com
user3671_1788618493772,password123,STUDENT,Generated User 3671,user3671_1788618493772@example.com
user3672_1788618493772,password123,STUDENT,Generated User 3672,user3672_1788618493772@example.com
user3673_1788618493772,password123,STUDENT,Generated User 3673,user3673_1788618493772@example.com
user3674_1788618493772,password123,STUDENT,Generated User 3674,user3674_1788618493772@example.com
user3675_1788618493772,password123,STUDENT,Generated User 3675,user3675_1788618493772@example.com
user3676_1788618493772,password123,STUDENT,Generated User 3676,user3676_1788618493772@example.com
user3677_1788618493772,password123,PARENT,Generated User 3677,user3677_1788618493772@example.com
user3678_1788618493772,password123,STUDENT,Generated User 3678,user3678_1788618493772@example.com
user3679_1788618493772,password123,STUDENT,Generated User 3679,user3679_1788618493772@example.com
user3680_1788618493772,password123,STUDENT,Generated User 3680,user3680_1788618493772@example.com
user3681_1788618493772,password123,STUDENT,Generated User 3681,user3681_1788618493772@example.com
user3682_1788618493772,password123,STUDENT,Generated User 3682,user3682_1788618493772@example.com
user3683_1788618493772,password123,STUDENT,Generated User 3683,user3683_1788618493772@example.com
user3684_1788618493772,password123,STUDENT,Generated User 3684,user3684_1788618493772@example.com
user3685_1788618493772,password123,STUDENT,Generated User 3685,user3685_1788618493772@example.com
user3686_1788618493772,password123,STUDENT,Generated User 3686,user3686_1788618493772@example.com
user3687_1788618493772,password123,STUDENT,Generated User 3687,user3687_1788618493772@example.com
user3688_1788618493772,password123,STUDENT,Generated User 3688,user3688_1788618493772@example.com
user3689_1788618493772,password123,TEACHER,Generated User 3689,user3689_1788618493772@example.com
user3690_1788618493772,password123,STUDENT,Generated User 3690,user3690_1788618493772@example.com
user3691_1788618493772,password123,STUDENT,Generated User 3691,user3691_1788618493772@example.com
user3692_1788618493772,password123,PARENT,Generated User 3692,user3692_1788618493772@example.com
user3693_1788618493772,password123,STUDENT,Generated User 3693,user3693_1788618493772@example.com
user3694_1788618493772,password123,STUDENT,Generated User 3694,user3694_1788618493772@example.com
user3695_1788618493772,password123,STUDENT,Generated User 3695,user3695_1788618493772@example.com
user3696_1788618493772,password123,STUDENT,Generated User 3696,user3696_1788618493772@example.com
user3697_1788618493772,password123,STUDENT,Generated User 3697,user3697_1788618493772@example.com
user3698_1788618493772,password123,STUDENT,Generated User 3698,user3698_1788618493772@example.com
user3699_1788618493772,password123,TEACHER,Generated User 3699,user3699_1788618493772@example.com
user3700_1788618493772,password123,STUDENT,Generated User 3700,user3700_1788618493772@example.com
user3701_1788618493772,password123,STUDENT,Generated User 3701,user3701_1788618493772@example.com
user3702_1788618493772,password123,STUDENT,Generated User 3702,user3702_1788618493772@example.com
user3703_1788618493772,password123,STUDENT,Generated User 3703,user3703_1788618493772@example.com
user3704_1788618493772,password123,PARENT,Generated User 3704,user3704_1788618493772@example.com
user3705_1788618493772,password123,STUDENT,Generated User 3705,user3705_1788618493772@example.com
user3706_1788618493772,password123,STUDENT,Generated User 3706,user3706_1788618493772@example.com
user3707_1788618493772,password123,STUDENT,Generated User 3707,user3707_1788618493772@example.com
user3708_1788618493772,password123,PARENT,Generated User 3708,user3708_1788618493772@example.com
user3709_1788618493772,password123,STUDENT,Generated User 3709,user3709_1788618493772@example.com
user3710_1788618493772,password123,TEACHER,Generated User 3710,user3710_1788618493772@example.com
user3711_1788618493772,password123,STUDENT,Generated User 3711,user3711_1788618493772@example.com
user3712_1788618493772,password123,STUDENT,Generated User 3712,user3712_1788618493772@example.com
user3713_1788618493772,password123,STUDENT,Generated User 3713,user3713_1788618493772@example.com
user3714_1788618493772,password123,STUDENT,Generated User 3714,user3714_1788618493772@example.com
user3715_1788618493772,password123,STUDENT,Generated User 3715,user3715_1788618493772@example.com
user3716_1788618493772,password123,STUDENT,Generated User 3716,user3716_1788618493772@example.com
user3717_1788618493772,password123,STUDENT,Generated User 3717,user3717_1788618493772@example.com
user3718_1788618493772,password123,STUDENT,Generated User 3718,user3718_1788618493772@example.com
user3719_1788618493772,password123,STUDENT,Generated User 3719,user3719_1788618493772@example.com
user3720_1788618493772,password123,PARENT,Generated User 3720,user3720_1788618493772@example.com
user3721_1788618493772,password123,STUDENT,Generated User 3721,user3721_1788618493772@example.com
user3722_1788618493772,password123,STUDENT,Generated User 3722,user3722_1788618493772@example.com
user3723_1788618493772,password123,PARENT,Generated User 3723,user3723_1788618493772@example.com
user3724_1788618493772,password123,STUDENT,Generated User 3724,user3724_1788618493772@example.com
user3725_1788618493772,password123,STUDENT,Generated User 3725,user3725_1788618493772@example.com
user3726_1788618493772,password123,TEACHER,Generated User 3726,user3726_1788618493772@example.com
user3727_1788618493772,password123,STUDENT,Generated User 3727,user3727_1788618493772@example.com
user3728_1788618493772,password123,TEACHER,Generated User 3728,user3728_1788618493772@example.com
user3729_1788618493772,password123,STUDENT,Generated User 3729,user3729_1788618493772@example.com
user3730_1788618493772,password123,STUDENT,Generated User 3730,user3730_1788618493772@example.com
user3731_1788618493772,password123,STUDENT,Generated User 3731,user3731_1788618493772@example.com
user3732_1788618493772,password123,STUDENT,Generated User 3732,user3732_1788618493772@example.com
user3733_1788618493772,password123,PARENT,Generated User 3733,user3733_1788618493772@example.com
user3734_1788618493772,password123,STUDENT,Generated User 3734,user3734_1788618493772@example.com
user3735_1788618493772,password123,TEACHER,Generated User 3735,user3735_1788618493772@example.com
user3736_1788618493772,password123,STUDENT,Generated User 3736,user3736_1788618493772@example.com
user3737_1788618493772,password123,STUDENT,Generated User 3737,user3737_1788618493772@example.com
user3738_1788618493772,password123,STUDENT,Generated User 3738,user3738_1788618493772@example.com
user3739_1788618493772,password123,STUDENT,Generated User 3739,user3739_1788618493772@example.com
user3740_1788618493772,password123,STUDENT,Generated User 3740,user3740_1788618493772@example.com
user3741_1788618493772,password123,PARENT,Generated User 3741,user3741_1788618493772@example.com
user3742_1788618493772,password123,TEACHER,Generated User 3742,user3742_1788618493772@example.com
user3743_1788618493772,password123,STUDENT,Generated User 3743,user3743_1788618493772@example.com
user3744_1788618493772,password123,STUDENT,Generated User 3744,user3744_1788618493772@example.com
user3745_1788618493772,password123,PARENT,Generated User 3745,user3745_1788618493772@example.com
user3746_1788618493772,password123,STUDENT,Generated User 3746,user3746_1788618493772@example.com
user3747_1788618493772,password123,STUDENT,Generated User 3747,user3747_1788618493772@example.com
user3748_1788618493772,password123,STUDENT,Generated User 3748,user3748_1788618493772@example.com
user3749_1788618493772,password123,STUDENT,Generated User 3749,user3749_1788618493772@example.com
user3750_1788618493772,password123,STUDENT,Generated User 3750,user3750_1788618493772@example.com
user3751_1788618493772,password123,STUDENT,Generated User 3751,user3751_1788618493772@example.com
user3752_1788618493772,password123,STUDENT,Generated User 3752,user3752_1788618493772@example.com
user3753_1788618493772,password123,STUDENT,Generated User 3753,user3753_1788618493772@example.com
user3754_1788618493772,password123,STUDENT,Generated User 3754,user3754_1788618493772@example.com
user3755_1788618493772,password123,STUDENT,Generated User 3755,user3755_1788618493772@example.com
user3756_1788618493772,password123,STUDENT,Generated User 3756,user3756_1788618493772@example.com
user3757_1788618493772,password123,STUDENT,Generated User 3757,user3757_1788618493772@example.com
user3758_1788618493772,password123,STUDENT,Generated User 3758,user3758_1788618493772@example.com
user3759_1788618493772,password123,STUDENT,Generated User 3759,user3759_1788618493772@example.com
user3760_1788618493772,password123,PARENT,Generated User 3760,user3760_1788618493772@example.com
user3761_1788618493772,password123,STUDENT,Generated User 3761,user3761_1788618493772@example.com
user3762_1788618493772,password123,STUDENT,Generated User 3762,user3762_1788618493772@example.com
user3763_1788618493772,password123,STUDENT,Generated User 3763,user3763_1788618493772@example.com
user3764_1788618493772,password123,STUDENT,Generated User 3764,user3764_1788618493772@example.com
user3765_1788618493772,password123,STUDENT,Generated User 3765,user3765_1788618493772@example.com
user3766_1788618493772,password123,STUDENT,Generated User 3766,user3766_1788618493772@example.com
user3767_1788618493772,password123,STUDENT,Generated User 3767,user3767_1788618493772@example.com
user3768_1788618493772,password123,PARENT,Generated User 3768,user3768_1788618493772@example.com
user3769_1788618493772,password123,STUDENT,Generated User 3769,user3769_1788618493772@example.com
user3770_1788618493772,password123,STUDENT,Generated User 3770,user3770_1788618493772@example.com
user3771_1788618493772,password123,STUDENT,Generated User 3771,user3771_1788618493772@example.com
user3772_1788618493772,password123,STUDENT,Generated User 3772,user3772_1788618493772@example.com
user3773_1788618493772,password123,STUDENT,Generated User 3773,user3773_1788618493772@example.com
user3774_1788618493772,password123,STUDENT,Generated User 3774,user3774_1788618493772@example.com
user3775_1788618493772,password123,STUDENT,Generated User 3775,user3775_1788618493772@example.com
user3776_1788618493772,password123,STUDENT,Generated User 3776,user3776_1788618493772@example.com
user3777_1788618493772,password123,STUDENT,Generated User 3777,user3777_1788618493772@example.com
user3778_1788618493772,password123,STUDENT,Generated User 3778,user3778_1788618493772@example.com
user3779_1788618493772,password123,PARENT,Generated User 3779,user3779_1788618493772@example.com
user3780_1788618493772,password123,STUDENT,Generated User 3780,user3780_1788618493772@example.com
user3781_1788618493772,password123,STUDENT,Generated User 3781,user3781_1788618493772@example.com
user3782_1788618493772,password123,STUDENT,Generated User 3782,user3782_1788618493772@example.com
user3783_1788618493772,password123,PARENT,Generated User 3783,user3783_1788618493772@example.com
user3784_1788618493772,password123,STUDENT,Generated User 3784,user3784_1788618493772@example.com
user3785_1788618493772,password123,STUDENT,Generated User 3785,user3785_1788618493772@example.com
user3786_1788618493772,password123,STUDENT,Generated User 3786,user3786_1788618493772@example.com
user3787_1788618493772,password123,STUDENT,Generated User 3787,user3787_1788618493772@example.com
user3788_1788618493772,password123,STUDENT,Generated User 3788,user3788_1788618493772@example.com
user3789_1788618493772,password123,STUDENT,Generated User 3789,user3789_1788618493772@example.com
user3790_1788618493772,password123,STUDENT,Generated User 3790,user3790_1788618493772@example.com
user3791_1788618493772,password123,STUDENT,Generated User 3791,user3791_1788618493772@example.com
user3792_1788618493772,password123,STUDENT,Generated User 3792,user3792_1788618493772@example.com
user3793_1788618493772,password123,STUDENT,Generated User 3793,user3793_1788618493772@example.com
user3794_1788618493772,password123,STUDENT,Generated User 3794,user3794_1788618493772@example.com
user3795_1788618493772,password123,STUDENT,Generated User 3795,user3795_1788618493772@example.com
user3796_1788618493772,password123,TEACHER,Generated User 3796,user3796_1788618493772@example.com
user3797_1788618493772,password123,STUDENT,Generated User 3797,user3797_1788618493772@example.com
user3798_1788618493772,password123,STUDENT,Generated User 3798,user3798_1788618493772@example.com
user3799_1788618493772,password123,STUDENT,Generated User 3799,user3799_1788618493772@example.com
user3800_1788618493772,password123,STUDENT,Generated User 3800,user3800_1788618493772@example.com
user3801_1788618493772,password123,PARENT,Generated User 3801,user3801_1788618493772@example.com
user3802_1788618493772,password123,STUDENT,Generated User 3802,user3802_1788618493772@example.com
user3803_1788618493772,password123,STUDENT,Generated User 3803,user3803_1788618493772@example.com
user3804_1788618493772,password123,PARENT,Generated User 3804,user3804_1788618493772@example.com
user3805_1788618493772,password123,STUDENT,Generated User 3805,user3805_1788618493772@example.com
user3806_1788618493772,password123,STUDENT,Generated User 3806,user3806_1788618493772@example.com
user3807_1788618493772,password123,PARENT,Generated User 3807,user3807_1788618493772@example.com
user3808_1788618493772,password123,STUDENT,Generated User 3808,user3808_1788618493772@example.com
user3809_1788618493772,password123,PARENT,Generated User 3809,user3809_1788618493772@example.com
user3810_1788618493772,password123,PARENT,Generated User 3810,user3810_1788618493772@example.com
user3811_1788618493772,password123,PARENT,Generated User 3811,user3811_1788618493772@example.com
user3812_1788618493772,password123,STUDENT,Generated User 3812,user3812_1788618493772@example.com
user3813_1788618493772,password123,STUDENT,Generated User 3813,user3813_1788618493772@example.com
user3814_1788618493772,password123,STUDENT,Generated User 3814,user3814_1788618493772@example.com
user3815_1788618493772,password123,PARENT,Generated User 3815,user3815_1788618493772@example.com
user3816_1788618493772,password123,STUDENT,Generated User 3816,user3816_1788618493772@example.com
user3817_1788618493772,password123,STUDENT,Generated User 3817,user3817_1788618493772@example.com
user3818_1788618493772,password123,TEACHER,Generated User 3818,user3818_1788618493772@example.com
user3819_1788618493772,password123,STUDENT,Generated User 3819,user3819_1788618493772@example.com
user3820_1788618493772,password123,STUDENT,Generated User 3820,user3820_1788618493772@example.com
user3821_1788618493772,password123,TEACHER,Generated User 3821,user3821_1788618493772@example.com
user3822_1788618493772,password123,STUDENT,Generated User 3822,user3822_1788618493772@example.com
user3823_1788618493772,password123,STUDENT,Generated User 3823,user3823_1788618493772@example.com
user3824_1788618493772,password123,STUDENT,Generated User 3824,user3824_1788618493772@example.com
user3825_1788618493772,password123,STUDENT,Generated User 3825,user3825_1788618493772@example.com
user3826_1788618493772,password123,STUDENT,Generated User 3826,user3826_1788618493772@example.com
user3827_1788618493772,password123,PARENT,Generated User 3827,user3827_1788618493772@example.com
user3828_1788618493772,password123,STUDENT,Generated User 3828,user3828_1788618493772@example.com
user3829_1788618493772,password123,STUDENT,Generated User 3829,user3829_1788618493772@example.com
user3830_1788618493772,password123,TEACHER,Generated User 3830,user3830_1788618493772@example.com
user3831_1788618493772,password123,STUDENT,Generated User 3831,user3831_1788618493772@example.com
user3832_1788618493772,password123,STUDENT,Generated User 3832,user3832_1788618493772@example.com
user3833_1788618493772,password123,PARENT,Generated User 3833,user3833_1788618493772@example.com
user3834_1788618493772,password123,PARENT,Generated User 3834,user3834_1788618493772@example.com
user3835_1788618493772,password123,STUDENT,Generated User 3835,user3835_1788618493772@example.com
user3836_1788618493772,password123,TEACHER,Generated User 3836,user3836_1788618493772@example.com
user3837_1788618493772,password123,STUDENT,Generated User 3837,user3837_1788618493772@example.com
user3838_1788618493772,password123,STUDENT,Generated User 3838,user3838_1788618493772@example.com
user3839_1788618493772,password123,STUDENT,Generated User 3839,user3839_1788618493772@example.com
user3840_1788618493772,password123,STUDENT,Generated User 3840,user3840_1788618493772@example.com
user3841_1788618493772,password123,STUDENT,Generated User 3841,user3841_1788618493772@example.com
user3842_1788618493772,password123,STUDENT,Generated User 3842,user3842_1788618493772@example.com
user3843_1788618493772,password123,PARENT,Generated User 3843,user3843_1788618493772@example.com
user3844_1788618493772,password123,STUDENT,Generated User 3844,user3844_1788618493772@example.com
user3845_1788618493772,password123,STUDENT,Generated User 3845,user3845_1788618493772@example.com
user3846_1788618493772,password123,TEACHER,Generated User 3846,user3846_1788618493772@example.com
user3847_1788618493772,password123,STUDENT,Generated User 3847,user3847_1788618493772@example.com
user3848_1788618493772,password123,STUDENT,Generated User 3848,user3848_1788618493772@example.com
user3849_1788618493772,password123,STUDENT,Generated User 3849,user3849_1788618493772@example.com
user3850_1788618493772,password123,PARENT,Generated User 3850,user3850_1788618493772@example.com
user3851_1788618493772,password123,STUDENT,Generated User 3851,user3851_1788618493772@example.com
user3852_1788618493772,password123,STUDENT,Generated User 3852,user3852_1788618493772@example.com
user3853_1788618493772,password123,STUDENT,Generated User 3853,user3853_1788618493772@example.com
user3854_1788618493772,password123,STUDENT,Generated User 3854,user3854_1788618493772@example.com
user3855_1788618493772,password123,STUDENT,Generated User 3855,user3855_1788618493772@example.com
user3856_1788618493772,password123,TEACHER,Generated User 3856,user3856_1788618493772@example.com
user3857_1788618493772,password123,PARENT,Generated User 3857,user3857_1788618493772@example.com
user3858_1788618493772,password123,STUDENT,Generated User 3858,user3858_1788618493772@example.com
user3859_1788618493772,password123,STUDENT,Generated User 3859,user3859_1788618493772@example.com
user3860_1788618493772,password123,STUDENT,Generated User 3860,user3860_1788618493772@example.com
user3861_1788618493772,password123,STUDENT,Generated User 3861,user3861_1788618493772@example.com
user3862_1788618493772,password123,STUDENT,Generated User 3862,user3862_1788618493772@example.com
user3863_1788618493772,password123,STUDENT,Generated User 3863,user3863_1788618493772@example.com
user3864_1788618493772,password123,STUDENT,Generated User 3864,user3864_1788618493772@example.com
user3865_1788618493772,password123,STUDENT,Generated User 3865,user3865_1788618493772@example.com
user3866_1788618493772,password123,STUDENT,Generated User 3866,user3866_1788618493772@example.com
user3867_1788618493772,password123,STUDENT,Generated User 3867,user3867_1788618493772@example.com
user3868_1788618493772,password123,STUDENT,Generated User 3868,user3868_1788618493772@example.com
user3869_1788618493772,password123,TEACHER,Generated User 3869,user3869_1788618493772@example.com
user3870_1788618493772,password123,STUDENT,Generated User 3870,user3870_1788618493772@example.com
user3871_1788618493772,password123,STUDENT,Generated User 3871,user3871_1788618493772@example.com
user3872_1788618493772,password123,PARENT,Generated User 3872,user3872_1788618493772@example.com
user3873_1788618493772,password123,PARENT,Generated User 3873,user3873_1788618493772@example.com
user3874_1788618493772,password123,TEACHER,Generated User 3874,user3874_1788618493772@example.com
user3875_1788618493772,password123,PARENT,Generated User 3875,user3875_1788618493772@example.com
user3876_1788618493772,password123,STUDENT,Generated User 3876,user3876_1788618493772@example.com
user3877_1788618493772,password123,STUDENT,Generated User 3877,user3877_1788618493772@example.com
user3878_1788618493772,password123,STUDENT,Generated User 3878,user3878_1788618493772@example.com
user3879_1788618493772,password123,STUDENT,Generated User 3879,user3879_1788618493772@example.com
user3880_1788618493772,password123,STUDENT,Generated User 3880,user3880_1788618493772@example.com
user3881_1788618493772,password123,STUDENT,Generated User 3881,user3881_1788618493772@example.com
user3882_1788618493772,password123,STUDENT,Generated User 3882,user3882_1788618493772@example.com
user3883_1788618493772,password123,STUDENT,Generated User 3883,user3883_1788618493772@example.com
user3884_1788618493772,password123,STUDENT,Generated User 3884,user3884_1788618493772@example.com
user3885_1788618493772,password123,STUDENT,Generated User 3885,user3885_1788618493772@example.com
user3886_1788618493772,password123,PARENT,Generated User 3886,user3886_1788618493772@example.com
user3887_1788618493772,password123,STUDENT,Generated User 3887,user3887_1788618493772@example.com
user3888_1788618493772,password123,TEACHER,Generated User 3888,user3888_1788618493772@example.com
user3889_1788618493772,password123,STUDENT,Generated User 3889,user3889_1788618493772@example.com
user3890_1788618493772,password123,STUDENT,Generated User 3890,user3890_1788618493772@example.com
user3891_1788618493772,password123,STUDENT,Generated User 3891,user3891_1788618493772@example.com
user3892_1788618493772,password123,TEACHER,Generated User 3892,user3892_1788618493772@example.com
user3893_1788618493772,password123,STUDENT,Generated User 3893,user3893_1788618493772@example.com
user3894_1788618493772,password123,STUDENT,Generated User 3894,user3894_1788618493772@example.com
user3895_1788618493772,password123,STUDENT,Generated User 3895,user3895_1788618493772@example.com
user3896_1788618493772,password123,PARENT,Generated User 3896,user3896_1788618493772@example.com
user3897_1788618493772,password123,PARENT,Generated User 3897,user3897_1788618493772@example.com
user3898_1788618493772,password123,STUDENT,Generated User 3898,user3898_1788618493772@example.com
user3899_1788618493772,password123,STUDENT,Generated User 3899,user3899_1788618493772@example.com
user3900_1788618493772,password123,STUDENT,Generated User 3900,user3900_1788618493772@example.com
user3901_1788618493772,password123,STUDENT,Generated User 3901,user3901_1788618493772@example.com
user3902_1788618493772,password123,STUDENT,Generated User 3902,user3902_1788618493772@example.com
user3903_1788618493772,password123,PARENT,Generated User 3903,user3903_1788618493772@example.com
user3904_1788618493772,password123,TEACHER,Generated User 3904,user3904_1788618493772@example.com
user3905_1788618493772,password123,STUDENT,Generated User 3905,user3905_1788618493772@example.com
user3906_1788618493772,password123,PARENT,Generated User 3906,user3906_1788618493772@example.com
user3907_1788618493772,password123,STUDENT,Generated User 3907,user3907_1788618493772@example.com
user3908_1788618493772,password123,STUDENT,Generated User 3908,user3908_1788618493772@example.com
user3909_1788618493772,password123,STUDENT,Generated User 3909,user3909_1788618493772@example.com
user3910_1788618493772,password123,STUDENT,Generated User 3910,user3910_1788618493772@example.com
user3911_1788618493772,password123,STUDENT,Generated User 3911,user3911_1788618493772@example.com
user3912_1788618493772,password123,STUDENT,Generated User 3912,user3912_1788618493772@example.com
user3913_1788618493772,password123,STUDENT,Generated User 3913,user3913_1788618493772@example.com
user3914_1788618493772,password123,STUDENT,Generated User 3914,user3914_1788618493772@example.com
user3915_1788618493772,password123,TEACHER,Generated User 3915,user3915_1788618493772@example.com
user3916_1788618493772,password123,PARENT,Generated User 3916,user3916_1788618493772@example.com
user3917_1788618493772,password123,STUDENT,Generated User 3917,user3917_1788618493772@example.com
user3918_1788618493772,password123,STUDENT,Generated User 3918,user3918_1788618493772@example.com
user3919_1788618493772,password123,STUDENT,Generated User 3919,user3919_1788618493772@example.com
user3920_1788618493772,password123,PARENT,Generated User 3920,user3920_1788618493772@example.com
user3921_1788618493772,password123,STUDENT,Generated User 3921,user3921_1788618493772@example.com
user3922_1788618493772,password123,STUDENT,Generated User 3922,user3922_1788618493772@example.com
user3923_1788618493772,password123,PARENT,Generated User 3923,user3923_1788618493772@example.com
user3924_1788618493772,password123,STUDENT,Generated User 3924,user3924_1788618493772@example.com
user3925_1788618493772,password123,STUDENT,Generated User 3925,user3925_1788618493772@example.com
user3926_1788618493772,password123,STUDENT,Generated User 3926,user3926_1788618493772@example.com
user3927_1788618493772,password123,STUDENT,Generated User 3927,user3927_1788618493772@example.com
user3928_1788618493772,password123,TEACHER,Generated User 3928,user3928_1788618493772@example.com
user3929_1788618493772,password123,STUDENT,Generated User 3929,user3929_1788618493772@example.com
user3930_1788618493772,password123,STUDENT,Generated User 3930,user3930_1788618493772@example.com
user3931_1788618493772,password123,TEACHER,Generated User 3931,user3931_1788618493772@example.com
user3932_1788618493772,password123,STUDENT,Generated User 3932,user3932_1788618493772@example.com
user3933_1788618493772,password123,STUDENT,Generated User 3933,user3933_1788618493772@example.com
user3934_1788618493772,password123,PARENT,Generated User 3934,user3934_1788618493772@example.com
user3935_1788618493772,password123,STUDENT,Generated User 3935,user3935_1788618493772@example.com
user3936_1788618493772,password123,STUDENT,Generated User 3936,user3936_1788618493772@example.com
user3937_1788618493772,password123,STUDENT,Generated User 3937,user3937_1788618493772@example.com
user3938_1788618493772,password123,STUDENT,Generated User 3938,user3938_1788618493772@example.com
user3939_1788618493772,password123,TEACHER,Generated User 3939,user3939_1788618493772@example.com
user3940_1788618493772,password123,PARENT,Generated User 3940,user3940_1788618493772@example.com
user3941_1788618493772,password123,STUDENT,Generated User 3941,user3941_1788618493772@example.com
user3942_1788618493772,password123,STUDENT,Generated User 3942,user3942_1788618493772@example.com
user3943_1788618493772,password123,STUDENT,Generated User 3943,user3943_1788618493772@example.com
user3944_1788618493772,password123,STUDENT,Generated User 3944,user3944_1788618493772@example.com
user3945_1788618493772,password123,STUDENT,Generated User 3945,user3945_1788618493772@example.com
user3946_1788618493772,password123,STUDENT,Generated User 3946,user3946_1788618493772@example.com
user3947_1788618493772,password123,TEACHER,Generated User 3947,user3947_1788618493772@example.com
user3948_1788618493772,password123,STUDENT,Generated User 3948,user3948_1788618493772@example.com
user3949_1788618493772,password123,STUDENT,Generated User 3949,user3949_1788618493772@example.com
user3950_1788618493772,password123,STUDENT,Generated User 3950,user3950_1788618493772@example.com
user3951_1788618493772,password123,TEACHER,Generated User 3951,user3951_1788618493772@example.com
user3952_1788618493772,password123,STUDENT,Generated User 3952,user3952_1788618493772@example.com
user3953_1788618493772,password123,STUDENT,Generated User 3953,user3953_1788618493772@example.com
user3954_1788618493772,password123,TEACHER,Generated User 3954,user3954_1788618493772@example.com
user3955_1788618493772,password123,STUDENT,Generated User 3955,user3955_1788618493772@example.com
user3956_1788618493772,password123,STUDENT,Generated User 3956,user3956_1788618493772@example.com
user3957_1788618493772,password123,STUDENT,Generated User 3957,user3957_1788618493772@example.com
user3958_1788618493772,password123,STUDENT,Generated User 3958,user3958_1788618493772@example.com
user3959_1788618493772,password123,STUDENT,Generated User 3959,user3959_1788618493772@example.com
user3960_1788618493772,password123,STUDENT,Generated User 3960,user3960_1788618493772@example.com
user3961_1788618493772,password123,STUDENT,Generated User 3961,user3961_1788618493772@example.com
user3962_1788618493772,password123,STUDENT,Generated User 3962,user3962_1788618493772@example.com
user3963_1788618493772,password123,TEACHER,Generated User 3963,user3963_1788618493772@example.com
user3964_1788618493772,password123,STUDENT,Generated User 3964,user3964_1788618493772@example.com
user3965_1788618493772,password123,STUDENT,Generated User 3965,user3965_1788618493772@example.com
user3966_1788618493772,password123,STUDENT,Generated User 3966,user3966_1788618493772@example.com
user3967_1788618493772,password123,PARENT,Generated User 3967,user3967_1788618493772@example.com
user3968_1788618493772,password123,STUDENT,Generated User 3968,user3968_1788618493772@example.com
user3969_1788618493772,password123,STUDENT,Generated User 3969,user3969_1788618493772@example.com
user3970_1788618493772,password123,STUDENT,Generated User 3970,user3970_1788618493772@example.com
user3971_1788618493772,password123,STUDENT,Generated User 3971,user3971_1788618493772@example.com
user3972_1788618493772,password123,TEACHER,Generated User 3972,user3972_1788618493772@example.com
user3973_1788618493772,password123,STUDENT,Generated User 3973,user3973_1788618493772@example.com
user3974_1788618493772,password123,STUDENT,Generated User 3974,user3974_1788618493772@example.com
user3975_1788618493772,password123,STUDENT,Generated User 3975,user3975_1788618493772@example.com
user3976_1788618493772,password123,STUDENT,Generated User 3976,user3976_1788618493772@example.com
user3977_1788618493772,password123,TEACHER,Generated User 3977,user3977_1788618493772@example.com
user3978_1788618493772,password123,STUDENT,Generated User 3978,user3978_1788618493772@example.com
user3979_1788618493772,password123,TEACHER,Generated User 3979,user3979_1788618493772@example.com
user3980_1788618493772,password123,PARENT,Generated User 3980,user3980_1788618493772@example.com
user3981_1788618493772,password123,STUDENT,Generated User 3981,user3981_1788618493772@example.com
user3982_1788618493772,password123,STUDENT,Generated User 3982,user3982_1788618493772@example.com
user3983_1788618493772,password123,STUDENT,Generated User 3983,user3983_1788618493772@example.com
user3984_1788618493772,password123,STUDENT,Generated User 3984,user3984_1788618493772@example.com
user3985_1788618493772,password123,TEACHER,Generated User 3985,user3985_1788618493772@example.com
user3986_1788618493772,password123,STUDENT,Generated User 3986,user3986_1788618493772@example.com
user3987_1788618493772,password123,PARENT,Generated User 3987,user3987_1788618493772@example.com
user3988_1788618493772,password123,STUDENT,Generated User 3988,user3988_1788618493772@example.com
user3989_1788618493772,password123,STUDENT,Generated User 3989,user3989_1788618493772@example.com
user3990_1788618493772,password123,STUDENT,Generated User 3990,user3990_1788618493772@example.com
user3991_1788618493772,password123,STUDENT,Generated User 3991,user3991_1788618493772@example.com
user3992_1788618493772,password123,TEACHER,Generated User 3992,user3992_1788618493772@example.com
user3993_1788618493772,password123,STUDENT,Generated User 3993,user3993_1788618493772@example.com
user3994_1788618493772,password123,STUDENT,Generated User 3994,user3994_1788618493772@example.com
user3995_1788618493772,password123,TEACHER,Generated User 3995,user3995_1788618493772@example.com
user3996_1788618493772,password123,STUDENT,Generated User 3996,user3996_1788618493772@example.com
user3997_1788618493772,password123,STUDENT,Generated User 3997,user3997_1788618493772@example.com
user3998_1788618493772,password123,STUDENT,Generated User 3998,user3998_1788618493772@example.com
user3999_1788618493772,password123,TEACHER,Generated User 3999,user3999_1788618493772@example.com
user4000_1788618493772,password123,STUDENT,Generated User 4000,user4000_1788618493772@example.com
user4001_1788618493772,password123,STUDENT,Generated User 4001,user4001_1788618493772@example.com
user4002_1788618493772,password123,STUDENT,Generated User 4002,user4002_1788618493772@example.com
user4003_1788618493772,password123,STUDENT,Generated User 4003,user4003_1788618493772@example.com
user4004_1788618493772,password123,STUDENT,Generated User 4004,user4004_1788618493772@example.com
user4005_1788618493772,password123,PARENT,Generated User 4005,user4005_1788618493772@example.com
user4006_1788618493772,password123,PARENT,Generated User 4006,user4006_1788618493772@example.com
user4007_1788618493772,password123,STUDENT,Generated User 4007,user4007_1788618493772@example.com
user4008_1788618493772,password123,STUDENT,Generated User 4008,user4008_1788618493772@example.com
user4009_1788618493772,password123,STUDENT,Generated User 4009,user4009_1788618493772@example.com
user4010_1788618493772,password123,STUDENT,Generated User 4010,user4010_1788618493772@example.com
user4011_1788618493772,password123,STUDENT,Generated User 4011,user4011_1788618493772@example.com
user4012_1788618493772,password123,STUDENT,Generated User 4012,user4012_1788618493772@example.com
user4013_1788618493772,password123,STUDENT,Generated User 4013,user4013_1788618493772@example.com
user4014_1788618493772,password123,PARENT,Generated User 4014,user4014_1788618493772@example.com
user4015_1788618493772,password123,STUDENT,Generated User 4015,user4015_1788618493772@example.com
user4016_1788618493772,password123,PARENT,Generated User 4016,user4016_1788618493772@example.com
user4017_1788618493772,password123,STUDENT,Generated User 4017,user4017_1788618493772@example.com
user4018_1788618493772,password123,STUDENT,Generated User 4018,user4018_1788618493772@example.com
user4019_1788618493772,password123,STUDENT,Generated User 4019,user4019_1788618493772@example.com
user4020_1788618493772,password123,STUDENT,Generated User 4020,user4020_1788618493772@example.com
user4021_1788618493772,password123,STUDENT,Generated User 4021,user4021_1788618493772@example.com
user4022_1788618493772,password123,STUDENT,Generated User 4022,user4022_1788618493772@example.com
user4023_1788618493772,password123,STUDENT,Generated User 4023,user4023_1788618493772@example.com
user4024_1788618493772,password123,STUDENT,Generated User 4024,user4024_1788618493772@example.com
user4025_1788618493772,password123,PARENT,Generated User 4025,user4025_1788618493772@example.com
user4026_1788618493772,password123,TEACHER,Generated User 4026,user4026_1788618493772@example.com
user4027_1788618493772,password123,TEACHER,Generated User 4027,user4027_1788618493772@example.com
user4028_1788618493772,password123,STUDENT,Generated User 4028,user4028_1788618493772@example.com
user4029_1788618493772,password123,STUDENT,Generated User 4029,user4029_1788618493772@example.com
user4030_1788618493772,password123,STUDENT,Generated User 4030,user4030_1788618493772@example.com
user4031_1788618493772,password123,STUDENT,Generated User 4031,user4031_1788618493772@example.com
user4032_1788618493772,password123,STUDENT,Generated User 4032,user4032_1788618493772@example.com
user4033_1788618493772,password123,STUDENT,Generated User 4033,user4033_1788618493772@example.com
user4034_1788618493772,password123,PARENT,Generated User 4034,user4034_1788618493772@example.com
user4035_1788618493772,password123,STUDENT,Generated User 4035,user4035_1788618493772@example.com
user4036_1788618493772,password123,STUDENT,Generated User 4036,user4036_1788618493772@example.com
user4037_1788618493772,password123,STUDENT,Generated User 4037,user4037_1788618493772@example.com
user4038_1788618493772,password123,STUDENT,Generated User 4038,user4038_1788618493772@example.com
user4039_1788618493772,password123,STUDENT,Generated User 4039,user4039_1788618493772@example.com
user4040_1788618493772,password123,PARENT,Generated User 4040,user4040_1788618493772@example.com
user4041_1788618493772,password123,STUDENT,Generated User 4041,user4041_1788618493772@example.com
user4042_1788618493772,password123,STUDENT,Generated User 4042,user4042_1788618493772@example.com
user4043_1788618493772,password123,STUDENT,Generated User 4043,user4043_1788618493772@example.com
user4044_1788618493772,password123,STUDENT,Generated User 4044,user4044_1788618493772@example.com
user4045_1788618493772,password123,STUDENT,Generated User 4045,user4045_1788618493772@example.com
user4046_1788618493772,password123,STUDENT,Generated User 4046,user4046_1788618493772@example.com
user4047_1788618493772,password123,STUDENT,Generated User 4047,user4047_1788618493772@example.com
user4048_1788618493772,password123,STUDENT,Generated User 4048,user4048_1788618493772@example.com
user4049_1788618493772,password123,STUDENT,Generated User 4049,user4049_1788618493772@example.com
user4050_1788618493772,password123,STUDENT,Generated User 4050,user4050_1788618493772@example.com
user4051_1788618493772,password123,STUDENT,Generated User 4051,user4051_1788618493772@example.com
user4052_1788618493772,password123,STUDENT,Generated User 4052,user4052_1788618493772@example.com
user4053_1788618493772,password123,TEACHER,Generated User 4053,user4053_1788618493772@example.com
user4054_1788618493772,password123,STUDENT,Generated User 4054,user4054_1788618493772@example.com
user4055_1788618493772,password123,STUDENT,Generated User 4055,user4055_1788618493772@example.com
user4056_1788618493772,password123,STUDENT,Generated User 4056,user4056_1788618493772@example.com
user4057_1788618493772,password123,TEACHER,Generated User 4057,user4057_1788618493772@example.com
user4058_1788618493772,password123,STUDENT,Generated User 4058,user4058_1788618493772@example.com
user4059_1788618493772,password123,PARENT,Generated User 4059,user4059_1788618493772@example.com
user4060_1788618493772,password123,STUDENT,Generated User 4060,user4060_1788618493772@example.com
user4061_1788618493772,password123,STUDENT,Generated User 4061,user4061_1788618493772@example.com
user4062_1788618493772,password123,STUDENT,Generated User 4062,user4062_1788618493772@example.com
user4063_1788618493772,password123,STUDENT,Generated User 4063,user4063_1788618493772@example.com
user4064_1788618493772,password123,STUDENT,Generated User 4064,user4064_1788618493772@example.com
user4065_1788618493772,password123,STUDENT,Generated User 4065,user4065_1788618493772@example.com
user4066_1788618493772,password123,STUDENT,Generated User 4066,user4066_1788618493772@example.com
user4067_1788618493772,password123,STUDENT,Generated User 4067,user4067_1788618493772@example.com
user4068_1788618493772,password123,STUDENT,Generated User 4068,user4068_1788618493772@example.com
user4069_1788618493772,password123,STUDENT,Generated User 4069,user4069_1788618493772@example.com
user4070_1788618493772,password123,STUDENT,Generated User 4070,user4070_1788618493772@example.com
user4071_1788618493772,password123,STUDENT,Generated User 4071,user4071_1788618493772@example.com
user4072_1788618493772,password123,TEACHER,Generated User 4072,user4072_1788618493772@example.com
user4073_1788618493772,password123,STUDENT,Generated User 4073,user4073_1788618493772@example.com
user4074_1788618493772,password123,STUDENT,Generated User 4074,user4074_1788618493772@example.com
user4075_1788618493772,password123,STUDENT,Generated User 4075,user4075_1788618493772@example.com
user4076_1788618493772,password123,STUDENT,Generated User 4076,user4076_1788618493772@example.com
user4077_1788618493772,password123,STUDENT,Generated User 4077,user4077_1788618493772@example.com
user4078_1788618493772,password123,TEACHER,Generated User 4078,user4078_1788618493772@example.com
user4079_1788618493772,password123,STUDENT,Generated User 4079,user4079_1788618493772@example.com
user4080_1788618493772,password123,STUDENT,Generated User 4080,user4080_1788618493772@example.com
user4081_1788618493772,password123,STUDENT,Generated User 4081,user4081_1788618493772@example.com
user4082_1788618493772,password123,STUDENT,Generated User 4082,user4082_1788618493772@example.com
user4083_1788618493772,password123,STUDENT,Generated User 4083,user4083_1788618493772@example.com
user4084_1788618493772,password123,STUDENT,Generated User 4084,user4084_1788618493772@example.com
user4085_1788618493772,password123,PARENT,Generated User 4085,user4085_1788618493772@example.com
user4086_1788618493772,password123,STUDENT,Generated User 4086,user4086_1788618493772@example.com
user4087_1788618493772,password123,STUDENT,Generated User 4087,user4087_1788618493772@example.com
user4088_1788618493772,password123,STUDENT,Generated User 4088,user4088_1788618493772@example.com
user4089_1788618493772,password123,STUDENT,Generated User 4089,user4089_1788618493772@example.com
user4090_1788618493772,password123,STUDENT,Generated User 4090,user4090_1788618493772@example.com
user4091_1788618493772,password123,STUDENT,Generated User 4091,user4091_1788618493772@example.com
user4092_1788618493772,password123,TEACHER,Generated User 4092,user4092_1788618493772@example.com
user4093_1788618493772,password123,STUDENT,Generated User 4093,user4093_1788618493772@example.com
user4094_1788618493772,password123,STUDENT,Generated User 4094,user4094_1788618493772@example.com
user4095_1788618493772,password123,STUDENT,Generated User 4095,user4095_1788618493772@example.com
user4096_1788618493772,password123,STUDENT,Generated User 4096,user4096_1788618493772@example.com
user4097_1788618493772,password123,STUDENT,Generated User 4097,user4097_1788618493772@example.com
user4098_1788618493772,password123,STUDENT,Generated User 4098,user4098_1788618493772@example.com
user4099_1788618493772,password123,PARENT,Generated User 4099,user4099_1788618493772@example.com
user4100_1788618493772,password123,STUDENT,Generated User 4100,user4100_1788618493772@example.com
user4101_1788618493772,password123,STUDENT,Generated User 4101,user4101_1788618493772@example.com
user4102_1788618493772,password123,STUDENT,Generated User 4102,user4102_1788618493772@example.com
user4103_1788618493772,password123,STUDENT,Generated User 4103,user4103_1788618493772@example.com
user4104_1788618493772,password123,STUDENT,Generated User 4104,user4104_1788618493772@example.com
user4105_1788618493772,password123,STUDENT,Generated User 4105,user4105_1788618493772@example.com
user4106_1788618493772,password123,STUDENT,Generated User 4106,user4106_1788618493772@example.com
user4107_1788618493772,password123,STUDENT,Generated User 4107,user4107_1788618493772@example.com
user4108_1788618493772,password123,STUDENT,Generated User 4108,user4108_1788618493772@example.com
user4109_1788618493772,password123,TEACHER,Generated User 4109,user4109_1788618493772@example.com
user4110_1788618493772,password123,STUDENT,Generated User 4110,user4110_1788618493772@example.com
user4111_1788618493772,password123,STUDENT,Generated User 4111,user4111_1788618493772@example.com
user4112_1788618493772,password123,STUDENT,Generated User 4112,user4112_1788618493772@example.com
user4113_1788618493772,password123,STUDENT,Generated User 4113,user4113_1788618493772@example.com
user4114_1788618493772,password123,STUDENT,Generated User 4114,user4114_1788618493772@example.com
user4115_1788618493772,password123,STUDENT,Generated User 4115,user4115_1788618493772@example.com
user4116_1788618493772,password123,STUDENT,Generated User 4116,user4116_1788618493772@example.com
user4117_1788618493772,password123,STUDENT,Generated User 4117,user4117_1788618493772@example.com
user4118_1788618493772,password123,PARENT,Generated User 4118,user4118_1788618493772@example.com
user4119_1788618493772,password123,STUDENT,Generated User 4119,user4119_1788618493772@example.com
user4120_1788618493772,password123,STUDENT,Generated User 4120,user4120_1788618493772@example.com
user4121_1788618493772,password123,STUDENT,Generated User 4121,user4121_1788618493772@example.com
user4122_1788618493772,password123,STUDENT,Generated User 4122,user4122_1788618493772@example.com
user4123_1788618493772,password123,PARENT,Generated User 4123,user4123_1788618493772@example.com
user4124_1788618493772,password123,STUDENT,Generated User 4124,user4124_1788618493772@example.com
user4125_1788618493772,password123,STUDENT,Generated User 4125,user4125_1788618493772@example.com
user4126_1788618493772,password123,STUDENT,Generated User 4126,user4126_1788618493772@example.com
user4127_1788618493772,password123,STUDENT,Generated User 4127,user4127_1788618493772@example.com
user4128_1788618493772,password123,STUDENT,Generated User 4128,user4128_1788618493772@example.com
user4129_1788618493772,password123,STUDENT,Generated User 4129,user4129_1788618493772@example.com
user4130_1788618493772,password123,STUDENT,Generated User 4130,user4130_1788618493772@example.com
user4131_1788618493772,password123,STUDENT,Generated User 4131,user4131_1788618493772@example.com
user4132_1788618493772,password123,STUDENT,Generated User 4132,user4132_1788618493772@example.com
user4133_1788618493772,password123,STUDENT,Generated User 4133,user4133_1788618493772@example.com
user4134_1788618493772,password123,STUDENT,Generated User 4134,user4134_1788618493772@example.com
user4135_1788618493772,password123,STUDENT,Generated User 4135,user4135_1788618493772@example.com
user4136_1788618493772,password123,STUDENT,Generated User 4136,user4136_1788618493772@example.com
user4137_1788618493772,password123,STUDENT,Generated User 4137,user4137_1788618493772@example.com
user4138_1788618493772,password123,STUDENT,Generated User 4138,user4138_1788618493772@example.com
user4139_1788618493772,password123,STUDENT,Generated User 4139,user4139_1788618493772@example.com
user4140_1788618493772,password123,TEACHER,Generated User 4140,user4140_1788618493772@example.com
user4141_1788618493772,password123,PARENT,Generated User 4141,user4141_1788618493772@example.com
user4142_1788618493772,password123,STUDENT,Generated User 4142,user4142_1788618493772@example.com
user4143_1788618493772,password123,STUDENT,Generated User 4143,user4143_1788618493772@example.com
user4144_1788618493772,password123,STUDENT,Generated User 4144,user4144_1788618493772@example.com
user4145_1788618493772,password123,STUDENT,Generated User 4145,user4145_1788618493772@example.com
user4146_1788618493772,password123,STUDENT,Generated User 4146,user4146_1788618493772@example.com
user4147_1788618493772,password123,TEACHER,Generated User 4147,user4147_1788618493772@example.com
user4148_1788618493772,password123,STUDENT,Generated User 4148,user4148_1788618493772@example.com
user4149_1788618493772,password123,STUDENT,Generated User 4149,user4149_1788618493772@example.com
user4150_1788618493772,password123,STUDENT,Generated User 4150,user4150_1788618493772@example.com
user4151_1788618493772,password123,TEACHER,Generated User 4151,user4151_1788618493772@example.com
user4152_1788618493772,password123,STUDENT,Generated User 4152,user4152_1788618493772@example.com
user4153_1788618493772,password123,STUDENT,Generated User 4153,user4153_1788618493772@example.com
user4154_1788618493772,password123,STUDENT,Generated User 4154,user4154_1788618493772@example.com
user4155_1788618493772,password123,STUDENT,Generated User 4155,user4155_1788618493772@example.com
user4156_1788618493772,password123,STUDENT,Generated User 4156,user4156_1788618493772@example.com
user4157_1788618493772,password123,PARENT,Generated User 4157,user4157_1788618493772@example.com
user4158_1788618493772,password123,STUDENT,Generated User 4158,user4158_1788618493772@example.com
user4159_1788618493772,password123,PARENT,Generated User 4159,user4159_1788618493772@example.com
user4160_1788618493772,password123,STUDENT,Generated User 4160,user4160_1788618493772@example.com
user4161_1788618493772,password123,STUDENT,Generated User 4161,user4161_1788618493772@example.com
user4162_1788618493772,password123,STUDENT,Generated User 4162,user4162_1788618493772@example.com
user4163_1788618493772,password123,TEACHER,Generated User 4163,user4163_1788618493772@example.com
user4164_1788618493772,password123,STUDENT,Generated User 4164,user4164_1788618493772@example.com
user4165_1788618493772,password123,TEACHER,Generated User 4165,user4165_1788618493772@example.com
user4166_1788618493772,password123,STUDENT,Generated User 4166,user4166_1788618493772@example.com
user4167_1788618493772,password123,TEACHER,Generated User 4167,user4167_1788618493772@example.com
user4168_1788618493772,password123,STUDENT,Generated User 4168,user4168_1788618493772@example.com
user4169_1788618493772,password123,STUDENT,Generated User 4169,user4169_1788618493772@example.com
user4170_1788618493772,password123,STUDENT,Generated User 4170,user4170_1788618493772@example.com
user4171_1788618493772,password123,STUDENT,Generated User 4171,user4171_1788618493772@example.com
user4172_1788618493772,password123,STUDENT,Generated User 4172,user4172_1788618493772@example.com
user4173_1788618493772,password123,STUDENT,Generated User 4173,user4173_1788618493772@example.com
user4174_1788618493772,password123,STUDENT,Generated User 4174,user4174_1788618493772@example.com
user4175_1788618493772,password123,STUDENT,Generated User 4175,user4175_1788618493772@example.com
user4176_1788618493772,password123,TEACHER,Generated User 4176,user4176_1788618493772@example.com
user4177_1788618493772,password123,STUDENT,Generated User 4177,user4177_1788618493772@example.com
user4178_1788618493772,password123,STUDENT,Generated User 4178,user4178_1788618493772@example.com
user4179_1788618493772,password123,STUDENT,Generated User 4179,user4179_1788618493772@example.com
user4180_1788618493772,password123,TEACHER,Generated User 4180,user4180_1788618493772@example.com
user4181_1788618493772,password123,TEACHER,Generated User 4181,user4181_1788618493772@example.com
user4182_1788618493772,password123,STUDENT,Generated User 4182,user4182_1788618493772@example.com
user4183_1788618493772,password123,STUDENT,Generated User 4183,user4183_1788618493772@example.com
user4184_1788618493772,password123,STUDENT,Generated User 4184,user4184_1788618493772@example.com
user4185_1788618493772,password123,STUDENT,Generated User 4185,user4185_1788618493772@example.com
user4186_1788618493772,password123,STUDENT,Generated User 4186,user4186_1788618493772@example.com
user4187_1788618493772,password123,STUDENT,Generated User 4187,user4187_1788618493772@example.com
user4188_1788618493772,password123,TEACHER,Generated User 4188,user4188_1788618493772@example.com
user4189_1788618493772,password123,TEACHER,Generated User 4189,user4189_1788618493772@example.com
user4190_1788618493772,password123,STUDENT,Generated User 4190,user4190_1788618493772@example.com
user4191_1788618493772,password123,STUDENT,Generated User 4191,user4191_1788618493772@example.com
user4192_1788618493772,password123,TEACHER,Generated User 4192,user4192_1788618493772@example.com
user4193_1788618493772,password123,STUDENT,Generated User 4193,user4193_1788618493772@example.com
user4194_1788618493772,password123,STUDENT,Generated User 4194,user4194_1788618493772@example.com
user4195_1788618493772,password123,STUDENT,Generated User 4195,user4195_1788618493772@example.com
user4196_1788618493772,password123,STUDENT,Generated User 4196,user4196_1788618493772@example.com
user4197_1788618493772,password123,PARENT,Generated User 4197,user4197_1788618493772@example.com
user4198_1788618493772,password123,STUDENT,Generated User 4198,user4198_1788618493772@example.com
user4199_1788618493772,password123,STUDENT,Generated User 4199,user4199_1788618493772@example.com
user4200_1788618493772,password123,TEACHER,Generated User 4200,user4200_1788618493772@example.com
user4201_1788618493772,password123,STUDENT,Generated User 4201,user4201_1788618493772@example.com
user4202_1788618493772,password123,STUDENT,Generated User 4202,user4202_1788618493772@example.com
user4203_1788618493772,password123,STUDENT,Generated User 4203,user4203_1788618493772@example.com
user4204_1788618493772,password123,STUDENT,Generated User 4204,user4204_1788618493772@example.com
user4205_1788618493772,password123,STUDENT,Generated User 4205,user4205_1788618493772@example.com
user4206_1788618493772,password123,STUDENT,Generated User 4206,user4206_1788618493772@example.com
user4207_1788618493772,password123,STUDENT,Generated User 4207,user4207_1788618493772@example.com
user4208_1788618493772,password123,STUDENT,Generated User 4208,user4208_1788618493772@example.com
user4209_1788618493772,password123,STUDENT,Generated User 4209,user4209_1788618493772@example.com
user4210_1788618493772,password123,STUDENT,Generated User 4210,user4210_1788618493772@example.com
user4211_1788618493772,password123,STUDENT,Generated User 4211,user4211_1788618493772@example.com
user4212_1788618493772,password123,STUDENT,Generated User 4212,user4212_1788618493772@example.com
user4213_1788618493772,password123,STUDENT,Generated User 4213,user4213_1788618493772@example.com
user4214_1788618493772,password123,STUDENT,Generated User 4214,user4214_1788618493772@example.com
user4215_1788618493772,password123,STUDENT,Generated User 4215,user4215_1788618493772@example.com
user4216_1788618493772,password123,PARENT,Generated User 4216,user4216_1788618493772@example.com
user4217_1788618493772,password123,STUDENT,Generated User 4217,user4217_1788618493772@example.com
user4218_1788618493772,password123,STUDENT,Generated User 4218,user4218_1788618493772@example.com
user4219_1788618493772,password123,STUDENT,Generated User 4219,user4219_1788618493772@example.com
user4220_1788618493772,password123,STUDENT,Generated User 4220,user4220_1788618493772@example.com
user4221_1788618493772,password123,PARENT,Generated User 4221,user4221_1788618493772@example.com
user4222_1788618493772,password123,STUDENT,Generated User 4222,user4222_1788618493772@example.com
user4223_1788618493772,password123,STUDENT,Generated User 4223,user4223_1788618493772@example.com
user4224_1788618493772,password123,STUDENT,Generated User 4224,user4224_1788618493772@example.com
user4225_1788618493772,password123,STUDENT,Generated User 4225,user4225_1788618493772@example.com
user4226_1788618493772,password123,STUDENT,Generated User 4226,user4226_1788618493772@example.com
user4227_1788618493772,password123,STUDENT,Generated User 4227,user4227_1788618493772@example.com
user4228_1788618493772,password123,STUDENT,Generated User 4228,user4228_1788618493772@example.com
user4229_1788618493772,password123,TEACHER,Generated User 4229,user4229_1788618493772@example.com
user4230_1788618493772,password123,STUDENT,Generated User 4230,user4230_1788618493772@example.com
user4231_1788618493772,password123,STUDENT,Generated User 4231,user4231_1788618493772@example.com
user4232_1788618493772,password123,STUDENT,Generated User 4232,user4232_1788618493772@example.com
user4233_1788618493772,password123,STUDENT,Generated User 4233,user4233_1788618493772@example.com
user4234_1788618493772,password123,PARENT,Generated User 4234,user4234_1788618493772@example.com
user4235_1788618493772,password123,STUDENT,Generated User 4235,user4235_1788618493772@example.com
user4236_1788618493772,password123,STUDENT,Generated User 4236,user4236_1788618493772@example.com
user4237_1788618493773,password123,STUDENT,Generated User 4237,user4237_1788618493773@example.com
user4238_1788618493773,password123,STUDENT,Generated User 4238,user4238_1788618493773@example.com
user4239_1788618493773,password123,STUDENT,Generated User 4239,user4239_1788618493773@example.com
user4240_1788618493773,password123,STUDENT,Generated User 4240,user4240_1788618493773@example.com
user4241_1788618493773,password123,STUDENT,Generated User 4241,user4241_1788618493773@example.com
user4242_1788618493773,password123,PARENT,Generated User 4242,user4242_1788618493773@example.com
user4243_1788618493773,password123,STUDENT,Generated User 4243,user4243_1788618493773@example.com
user4244_1788618493773,password123,PARENT,Generated User 4244,user4244_1788618493773@example.com
user4245_1788618493773,password123,STUDENT,Generated User 4245,user4245_1788618493773@example.com
user4246_1788618493773,password123,STUDENT,Generated User 4246,user4246_1788618493773@example.com
user4247_1788618493773,password123,STUDENT,Generated User 4247,user4247_1788618493773@example.com
user4248_1788618493773,password123,STUDENT,Generated User 4248,user4248_1788618493773@example.com
user4249_1788618493773,password123,STUDENT,Generated User 4249,user4249_1788618493773@example.com
user4250_1788618493773,password123,STUDENT,Generated User 4250,user4250_1788618493773@example.com
user4251_1788618493773,password123,STUDENT,Generated User 4251,user4251_1788618493773@example.com
user4252_1788618493773,password123,STUDENT,Generated User 4252,user4252_1788618493773@example.com
user4253_1788618493773,password123,STUDENT,Generated User 4253,user4253_1788618493773@example.com
user4254_1788618493773,password123,STUDENT,Generated User 4254,user4254_1788618493773@example.com
user4255_1788618493773,password123,STUDENT,Generated User 4255,user4255_1788618493773@example.com
user4256_1788618493773,password123,STUDENT,Generated User 4256,user4256_1788618493773@example.com
user4257_1788618493773,password123,STUDENT,Generated User 4257,user4257_1788618493773@example.com
user4258_1788618493773,password123,PARENT,Generated User 4258,user4258_1788618493773@example.com
user4259_1788618493773,password123,STUDENT,Generated User 4259,user4259_1788618493773@example.com
user4260_1788618493773,password123,STUDENT,Generated User 4260,user4260_1788618493773@example.com
user4261_1788618493773,password123,STUDENT,Generated User 4261,user4261_1788618493773@example.com
user4262_1788618493773,password123,STUDENT,Generated User 4262,user4262_1788618493773@example.com
user4263_1788618493773,password123,STUDENT,Generated User 4263,user4263_1788618493773@example.com
user4264_1788618493773,password123,PARENT,Generated User 4264,user4264_1788618493773@example.com
user4265_1788618493773,password123,STUDENT,Generated User 4265,user4265_1788618493773@example.com
user4266_1788618493773,password123,PARENT,Generated User 4266,user4266_1788618493773@example.com
user4267_1788618493773,password123,STUDENT,Generated User 4267,user4267_1788618493773@example.com
user4268_1788618493773,password123,STUDENT,Generated User 4268,user4268_1788618493773@example.com
user4269_1788618493773,password123,STUDENT,Generated User 4269,user4269_1788618493773@example.com
user4270_1788618493773,password123,TEACHER,Generated User 4270,user4270_1788618493773@example.com
user4271_1788618493773,password123,PARENT,Generated User 4271,user4271_1788618493773@example.com
user4272_1788618493773,password123,STUDENT,Generated User 4272,user4272_1788618493773@example.com
user4273_1788618493773,password123,STUDENT,Generated User 4273,user4273_1788618493773@example.com
user4274_1788618493773,password123,STUDENT,Generated User 4274,user4274_1788618493773@example.com
user4275_1788618493773,password123,STUDENT,Generated User 4275,user4275_1788618493773@example.com
user4276_1788618493773,password123,STUDENT,Generated User 4276,user4276_1788618493773@example.com
user4277_1788618493773,password123,PARENT,Generated User 4277,user4277_1788618493773@example.com
user4278_1788618493773,password123,STUDENT,Generated User 4278,user4278_1788618493773@example.com
user4279_1788618493773,password123,STUDENT,Generated User 4279,user4279_1788618493773@example.com
user4280_1788618493773,password123,PARENT,Generated User 4280,user4280_1788618493773@example.com
user4281_1788618493773,password123,STUDENT,Generated User 4281,user4281_1788618493773@example.com
user4282_1788618493773,password123,PARENT,Generated User 4282,user4282_1788618493773@example.com
user4283_1788618493773,password123,STUDENT,Generated User 4283,user4283_1788618493773@example.com
user4284_1788618493773,password123,STUDENT,Generated User 4284,user4284_1788618493773@example.com
user4285_1788618493773,password123,TEACHER,Generated User 4285,user4285_1788618493773@example.com
user4286_1788618493773,password123,STUDENT,Generated User 4286,user4286_1788618493773@example.com
user4287_1788618493773,password123,STUDENT,Generated User 4287,user4287_1788618493773@example.com
user4288_1788618493773,password123,STUDENT,Generated User 4288,user4288_1788618493773@example.com
user4289_1788618493773,password123,STUDENT,Generated User 4289,user4289_1788618493773@example.com
user4290_1788618493773,password123,STUDENT,Generated User 4290,user4290_1788618493773@example.com
user4291_1788618493773,password123,PARENT,Generated User 4291,user4291_1788618493773@example.com
user4292_1788618493773,password123,STUDENT,Generated User 4292,user4292_1788618493773@example.com
user4293_1788618493773,password123,STUDENT,Generated User 4293,user4293_1788618493773@example.com
user4294_1788618493773,password123,STUDENT,Generated User 4294,user4294_1788618493773@example.com
user4295_1788618493773,password123,STUDENT,Generated User 4295,user4295_1788618493773@example.com
user4296_1788618493773,password123,STUDENT,Generated User 4296,user4296_1788618493773@example.com
user4297_1788618493773,password123,TEACHER,Generated User 4297,user4297_1788618493773@example.com
user4298_1788618493773,password123,PARENT,Generated User 4298,user4298_1788618493773@example.com
user4299_1788618493773,password123,STUDENT,Generated User 4299,user4299_1788618493773@example.com
user4300_1788618493773,password123,STUDENT,Generated User 4300,user4300_1788618493773@example.com
user4301_1788618493773,password123,STUDENT,Generated User 4301,user4301_1788618493773@example.com
user4302_1788618493773,password123,STUDENT,Generated User 4302,user4302_1788618493773@example.com
user4303_1788618493773,password123,STUDENT,Generated User 4303,user4303_1788618493773@example.com
user4304_1788618493773,password123,STUDENT,Generated User 4304,user4304_1788618493773@example.com
user4305_1788618493773,password123,STUDENT,Generated User 4305,user4305_1788618493773@example.com
user4306_1788618493773,password123,TEACHER,Generated User 4306,user4306_1788618493773@example.com
user4307_1788618493773,password123,STUDENT,Generated User 4307,user4307_1788618493773@example.com
user4308_1788618493773,password123,STUDENT,Generated User 4308,user4308_1788618493773@example.com
user4309_1788618493773,password123,STUDENT,Generated User 4309,user4309_1788618493773@example.com
user4310_1788618493773,password123,STUDENT,Generated User 4310,user4310_1788618493773@example.com
user4311_1788618493773,password123,STUDENT,Generated User 4311,user4311_1788618493773@example.com
user4312_1788618493773,password123,STUDENT,Generated User 4312,user4312_1788618493773@example.com
user4313_1788618493773,password123,PARENT,Generated User 4313,user4313_1788618493773@example.com
user4314_1788618493773,password123,STUDENT,Generated User 4314,user4314_1788618493773@example.com
user4315_1788618493773,password123,STUDENT,Generated User 4315,user4315_1788618493773@example.com
user4316_1788618493773,password123,TEACHER,Generated User 4316,user4316_1788618493773@example.com
user4317_1788618493773,password123,STUDENT,Generated User 4317,user4317_1788618493773@example.com
user4318_1788618493773,password123,TEACHER,Generated User 4318,user4318_1788618493773@example.com
user4319_1788618493773,password123,PARENT,Generated User 4319,user4319_1788618493773@example.com
user4320_1788618493773,password123,STUDENT,Generated User 4320,user4320_1788618493773@example.com
user4321_1788618493773,password123,STUDENT,Generated User 4321,user4321_1788618493773@example.com
user4322_1788618493773,password123,STUDENT,Generated User 4322,user4322_1788618493773@example.com
user4323_1788618493773,password123,TEACHER,Generated User 4323,user4323_1788618493773@example.com
user4324_1788618493773,password123,STUDENT,Generated User 4324,user4324_1788618493773@example.com
user4325_1788618493773,password123,STUDENT,Generated User 4325,user4325_1788618493773@example.com
user4326_1788618493773,password123,STUDENT,Generated User 4326,user4326_1788618493773@example.com
user4327_1788618493773,password123,STUDENT,Generated User 4327,user4327_1788618493773@example.com
user4328_1788618493773,password123,STUDENT,Generated User 4328,user4328_1788618493773@example.com
user4329_1788618493773,password123,STUDENT,Generated User 4329,user4329_1788618493773@example.com
user4330_1788618493773,password123,STUDENT,Generated User 4330,user4330_1788618493773@example.com
user4331_1788618493773,password123,TEACHER,Generated User 4331,user4331_1788618493773@example.com
user4332_1788618493773,password123,TEACHER,Generated User 4332,user4332_1788618493773@example.com
user4333_1788618493773,password123,PARENT,Generated User 4333,user4333_1788618493773@example.com
user4334_1788618493773,password123,STUDENT,Generated User 4334,user4334_1788618493773@example.com
user4335_1788618493773,password123,STUDENT,Generated User 4335,user4335_1788618493773@example.com
user4336_1788618493773,password123,TEACHER,Generated User 4336,user4336_1788618493773@example.com
user4337_1788618493773,password123,STUDENT,Generated User 4337,user4337_1788618493773@example.com
user4338_1788618493773,password123,STUDENT,Generated User 4338,user4338_1788618493773@example.com
user4339_1788618493773,password123,STUDENT,Generated User 4339,user4339_1788618493773@example.com
user4340_1788618493773,password123,STUDENT,Generated User 4340,user4340_1788618493773@example.com
user4341_1788618493773,password123,STUDENT,Generated User 4341,user4341_1788618493773@example.com
user4342_1788618493773,password123,TEACHER,Generated User 4342,user4342_1788618493773@example.com
user4343_1788618493773,password123,STUDENT,Generated User 4343,user4343_1788618493773@example.com
user4344_1788618493773,password123,STUDENT,Generated User 4344,user4344_1788618493773@example.com
user4345_1788618493773,password123,STUDENT,Generated User 4345,user4345_1788618493773@example.com
user4346_1788618493773,password123,STUDENT,Generated User 4346,user4346_1788618493773@example.com
user4347_1788618493773,password123,STUDENT,Generated User 4347,user4347_1788618493773@example.com
user4348_1788618493773,password123,TEACHER,Generated User 4348,user4348_1788618493773@example.com
user4349_1788618493773,password123,STUDENT,Generated User 4349,user4349_1788618493773@example.com
user4350_1788618493773,password123,STUDENT,Generated User 4350,user4350_1788618493773@example.com
user4351_1788618493773,password123,STUDENT,Generated User 4351,user4351_1788618493773@example.com
user4352_1788618493773,password123,STUDENT,Generated User 4352,user4352_1788618493773@example.com
user4353_1788618493773,password123,STUDENT,Generated User 4353,user4353_1788618493773@example.com
user4354_1788618493773,password123,STUDENT,Generated User 4354,user4354_1788618493773@example.com
user4355_1788618493773,password123,STUDENT,Generated User 4355,user4355_1788618493773@example.com
user4356_1788618493773,password123,STUDENT,Generated User 4356,user4356_1788618493773@example.com
user4357_1788618493773,password123,STUDENT,Generated User 4357,user4357_1788618493773@example.com
user4358_1788618493773,password123,STUDENT,Generated User 4358,user4358_1788618493773@example.com
user4359_1788618493773,password123,STUDENT,Generated User 4359,user4359_1788618493773@example.com
user4360_1788618493773,password123,STUDENT,Generated User 4360,user4360_1788618493773@example.com
user4361_1788618493773,password123,STUDENT,Generated User 4361,user4361_1788618493773@example.com
user4362_1788618493773,password123,PARENT,Generated User 4362,user4362_1788618493773@example.com
user4363_1788618493773,password123,STUDENT,Generated User 4363,user4363_1788618493773@example.com
user4364_1788618493773,password123,STUDENT,Generated User 4364,user4364_1788618493773@example.com
user4365_1788618493773,password123,STUDENT,Generated User 4365,user4365_1788618493773@example.com
user4366_1788618493773,password123,STUDENT,Generated User 4366,user4366_1788618493773@example.com
user4367_1788618493773,password123,PARENT,Generated User 4367,user4367_1788618493773@example.com
user4368_1788618493773,password123,STUDENT,Generated User 4368,user4368_1788618493773@example.com
user4369_1788618493773,password123,STUDENT,Generated User 4369,user4369_1788618493773@example.com
user4370_1788618493773,password123,STUDENT,Generated User 4370,user4370_1788618493773@example.com
user4371_1788618493773,password123,STUDENT,Generated User 4371,user4371_1788618493773@example.com
user4372_1788618493773,password123,STUDENT,Generated User 4372,user4372_1788618493773@example.com
user4373_1788618493773,password123,STUDENT,Generated User 4373,user4373_1788618493773@example.com
user4374_1788618493773,password123,TEACHER,Generated User 4374,user4374_1788618493773@example.com
user4375_1788618493773,password123,STUDENT,Generated User 4375,user4375_1788618493773@example.com
user4376_1788618493773,password123,STUDENT,Generated User 4376,user4376_1788618493773@example.com
user4377_1788618493773,password123,STUDENT,Generated User 4377,user4377_1788618493773@example.com
user4378_1788618493773,password123,TEACHER,Generated User 4378,user4378_1788618493773@example.com
user4379_1788618493773,password123,STUDENT,Generated User 4379,user4379_1788618493773@example.com
user4380_1788618493773,password123,STUDENT,Generated User 4380,user4380_1788618493773@example.com
user4381_1788618493773,password123,STUDENT,Generated User 4381,user4381_1788618493773@example.com
user4382_1788618493773,password123,STUDENT,Generated User 4382,user4382_1788618493773@example.com
user4383_1788618493773,password123,STUDENT,Generated User 4383,user4383_1788618493773@example.com
user4384_1788618493773,password123,STUDENT,Generated User 4384,user4384_1788618493773@example.com
user4385_1788618493773,password123,TEACHER,Generated User 4385,user4385_1788618493773@example.com
user4386_1788618493773,password123,PARENT,Generated User 4386,user4386_1788618493773@example.com
user4387_1788618493773,password123,STUDENT,Generated User 4387,user4387_1788618493773@example.com
user4388_1788618493773,password123,STUDENT,Generated User 4388,user4388_1788618493773@example.com
user4389_1788618493773,password123,STUDENT,Generated User 4389,user4389_1788618493773@example.com
user4390_1788618493773,password123,STUDENT,Generated User 4390,user4390_1788618493773@example.com
user4391_1788618493773,password123,STUDENT,Generated User 4391,user4391_1788618493773@example.com
user4392_1788618493773,password123,PARENT,Generated User 4392,user4392_1788618493773@example.com
user4393_1788618493773,password123,STUDENT,Generated User 4393,user4393_1788618493773@example.com
user4394_1788618493773,password123,STUDENT,Generated User 4394,user4394_1788618493773@example.com
user4395_1788618493773,password123,STUDENT,Generated User 4395,user4395_1788618493773@example.com
user4396_1788618493773,password123,STUDENT,Generated User 4396,user4396_1788618493773@example.com
user4397_1788618493773,password123,STUDENT,Generated User 4397,user4397_1788618493773@example.com
user4398_1788618493773,password123,STUDENT,Generated User 4398,user4398_1788618493773@example.com
user4399_1788618493773,password123,PARENT,Generated User 4399,user4399_1788618493773@example.com
user4400_1788618493773,password123,STUDENT,Generated User 4400,user4400_1788618493773@example.com
user4401_1788618493773,password123,STUDENT,Generated User 4401,user4401_1788618493773@example.com
user4402_1788618493773,password123,STUDENT,Generated User 4402,user4402_1788618493773@example.com
user4403_1788618493773,password123,TEACHER,Generated User 4403,user4403_1788618493773@example.com
user4404_1788618493773,password123,STUDENT,Generated User 4404,user4404_1788618493773@example.com
user4405_1788618493773,password123,STUDENT,Generated User 4405,user4405_1788618493773@example.com
user4406_1788618493773,password123,TEACHER,Generated User 4406,user4406_1788618493773@example.com
user4407_1788618493773,password123,STUDENT,Generated User 4407,user4407_1788618493773@example.com
user4408_1788618493773,password123,STUDENT,Generated User 4408,user4408_1788618493773@example.com
user4409_1788618493773,password123,STUDENT,Generated User 4409,user4409_1788618493773@example.com
user4410_1788618493773,password123,STUDENT,Generated User 4410,user4410_1788618493773@example.com
user4411_1788618493773,password123,STUDENT,Generated User 4411,user4411_1788618493773@example.com
user4412_1788618493773,password123,STUDENT,Generated User 4412,user4412_1788618493773@example.com
user4413_1788618493773,password123,STUDENT,Generated User 4413,user4413_1788618493773@example.com
user4414_1788618493773,password123,STUDENT,Generated User 4414,user4414_1788618493773@example.com
user4415_1788618493773,password123,STUDENT,Generated User 4415,user4415_1788618493773@example.com
user4416_1788618493773,password123,STUDENT,Generated User 4416,user4416_1788618493773@example.com
user4417_1788618493773,password123,STUDENT,Generated User 4417,user4417_1788618493773@example.com
user4418_1788618493773,password123,TEACHER,Generated User 4418,user4418_1788618493773@example.com
user4419_1788618493773,password123,STUDENT,Generated User 4419,user4419_1788618493773@example.com
user4420_1788618493773,password123,STUDENT,Generated User 4420,user4420_1788618493773@example.com
user4421_1788618493773,password123,STUDENT,Generated User 4421,user4421_1788618493773@example.com
user4422_1788618493773,password123,TEACHER,Generated User 4422,user4422_1788618493773@example.com
user4423_1788618493773,password123,TEACHER,Generated User 4423,user4423_1788618493773@example.com
user4424_1788618493773,password123,TEACHER,Generated User 4424,user4424_1788618493773@example.com
user4425_1788618493773,password123,STUDENT,Generated User 4425,user4425_1788618493773@example.com
user4426_1788618493773,password123,STUDENT,Generated User 4426,user4426_1788618493773@example.com
user4427_1788618493773,password123,STUDENT,Generated User 4427,user4427_1788618493773@example.com
user4428_1788618493773,password123,STUDENT,Generated User 4428,user4428_1788618493773@example.com
user4429_1788618493773,password123,STUDENT,Generated User 4429,user4429_1788618493773@example.com
user4430_1788618493773,password123,STUDENT,Generated User 4430,user4430_1788618493773@example.com
user4431_1788618493773,password123,STUDENT,Generated User 4431,user4431_1788618493773@example.com
user4432_1788618493773,password123,STUDENT,Generated User 4432,user4432_1788618493773@example.com
user4433_1788618493773,password123,STUDENT,Generated User 4433,user4433_1788618493773@example.com
user4434_1788618493773,password123,PARENT,Generated User 4434,user4434_1788618493773@example.com
user4435_1788618493773,password123,STUDENT,Generated User 4435,user4435_1788618493773@example.com
user4436_1788618493773,password123,STUDENT,Generated User 4436,user4436_1788618493773@example.com
user4437_1788618493773,password123,STUDENT,Generated User 4437,user4437_1788618493773@example.com
user4438_1788618493773,password123,STUDENT,Generated User 4438,user4438_1788618493773@example.com
user4439_1788618493773,password123,STUDENT,Generated User 4439,user4439_1788618493773@example.com
user4440_1788618493773,password123,STUDENT,Generated User 4440,user4440_1788618493773@example.com
user4441_1788618493773,password123,PARENT,Generated User 4441,user4441_1788618493773@example.com
user4442_1788618493773,password123,STUDENT,Generated User 4442,user4442_1788618493773@example.com
user4443_1788618493773,password123,STUDENT,Generated User 4443,user4443_1788618493773@example.com
user4444_1788618493773,password123,PARENT,Generated User 4444,user4444_1788618493773@example.com
user4445_1788618493773,password123,TEACHER,Generated User 4445,user4445_1788618493773@example.com
user4446_1788618493773,password123,STUDENT,Generated User 4446,user4446_1788618493773@example.com
user4447_1788618493773,password123,STUDENT,Generated User 4447,user4447_1788618493773@example.com
user4448_1788618493773,password123,STUDENT,Generated User 4448,user4448_1788618493773@example.com
user4449_1788618493773,password123,STUDENT,Generated User 4449,user4449_1788618493773@example.com
user4450_1788618493773,password123,STUDENT,Generated User 4450,user4450_1788618493773@example.com
user4451_1788618493773,password123,STUDENT,Generated User 4451,user4451_1788618493773@example.com
user4452_1788618493773,password123,STUDENT,Generated User 4452,user4452_1788618493773@example.com
user4453_1788618493773,password123,PARENT,Generated User 4453,user4453_1788618493773@example.com
user4454_1788618493773,password123,PARENT,Generated User 4454,user4454_1788618493773@example.com
user4455_1788618493773,password123,STUDENT,Generated User 4455,user4455_1788618493773@example.com
user4456_1788618493773,password123,STUDENT,Generated User 4456,user4456_1788618493773@example.com
user4457_1788618493773,password123,TEACHER,Generated User 4457,user4457_1788618493773@example.com
user4458_1788618493773,password123,STUDENT,Generated User 4458,user4458_1788618493773@example.com
user4459_1788618493773,password123,PARENT,Generated User 4459,user4459_1788618493773@example.com
user4460_1788618493773,password123,STUDENT,Generated User 4460,user4460_1788618493773@example.com
user4461_1788618493773,password123,STUDENT,Generated User 4461,user4461_1788618493773@example.com
user4462_1788618493773,password123,PARENT,Generated User 4462,user4462_1788618493773@example.com
user4463_1788618493773,password123,TEACHER,Generated User 4463,user4463_1788618493773@example.com
user4464_1788618493773,password123,STUDENT,Generated User 4464,user4464_1788618493773@example.com
user4465_1788618493773,password123,STUDENT,Generated User 4465,user4465_1788618493773@example.com
user4466_1788618493773,password123,STUDENT,Generated User 4466,user4466_1788618493773@example.com
user4467_1788618493773,password123,STUDENT,Generated User 4467,user4467_1788618493773@example.com
user4468_1788618493773,password123,STUDENT,Generated User 4468,user4468_1788618493773@example.com
user4469_1788618493773,password123,STUDENT,Generated User 4469,user4469_1788618493773@example.com
user4470_1788618493773,password123,STUDENT,Generated User 4470,user4470_1788618493773@example.com
user4471_1788618493773,password123,STUDENT,Generated User 4471,user4471_1788618493773@example.com
user4472_1788618493773,password123,STUDENT,Generated User 4472,user4472_1788618493773@example.com
user4473_1788618493773,password123,STUDENT,Generated User 4473,user4473_1788618493773@example.com
user4474_1788618493773,password123,STUDENT,Generated User 4474,user4474_1788618493773@example.com
user4475_1788618493773,password123,STUDENT,Generated User 4475,user4475_1788618493773@example.com
user4476_1788618493773,password123,STUDENT,Generated User 4476,user4476_1788618493773@example.com
user4477_1788618493773,password123,STUDENT,Generated User 4477,user4477_1788618493773@example.com
user4478_1788618493773,password123,TEACHER,Generated User 4478,user4478_1788618493773@example.com
user4479_1788618493773,password123,STUDENT,Generated User 4479,user4479_1788618493773@example.com
user4480_1788618493773,password123,STUDENT,Generated User 4480,user4480_1788618493773@example.com
user4481_1788618493773,password123,PARENT,Generated User 4481,user4481_1788618493773@example.com
user4482_1788618493773,password123,STUDENT,Generated User 4482,user4482_1788618493773@example.com
user4483_1788618493773,password123,STUDENT,Generated User 4483,user4483_1788618493773@example.com
user4484_1788618493773,password123,STUDENT,Generated User 4484,user4484_1788618493773@example.com
user4485_1788618493773,password123,TEACHER,Generated User 4485,user4485_1788618493773@example.com
user4486_1788618493773,password123,STUDENT,Generated User 4486,user4486_1788618493773@example.com
user4487_1788618493773,password123,TEACHER,Generated User 4487,user4487_1788618493773@example.com
user4488_1788618493773,password123,TEACHER,Generated User 4488,user4488_1788618493773@example.com
user4489_1788618493773,password123,STUDENT,Generated User 4489,user4489_1788618493773@example.com
user4490_1788618493773,password123,STUDENT,Generated User 4490,user4490_1788618493773@example.com
user4491_1788618493773,password123,STUDENT,Generated User 4491,user4491_1788618493773@example.com
user4492_1788618493773,password123,STUDENT,Generated User 4492,user4492_1788618493773@example.com
user4493_1788618493773,password123,STUDENT,Generated User 4493,user4493_1788618493773@example.com
user4494_1788618493773,password123,STUDENT,Generated User 4494,user4494_1788618493773@example.com
user4495_1788618493773,password123,STUDENT,Generated User 4495,user4495_1788618493773@example.com
user4496_1788618493773,password123,STUDENT,Generated User 4496,user4496_1788618493773@example.com
user4497_1788618493773,password123,STUDENT,Generated User 4497,user4497_1788618493773@example.com
user4498_1788618493773,password123,TEACHER,Generated User 4498,user4498_1788618493773@example.com
user4499_1788618493773,password123,STUDENT,Generated User 4499,user4499_1788618493773@example.com
user4500_1788618493773,password123,TEACHER,Generated User 4500,user4500_1788618493773@example.com
user4501_1788618493773,password123,TEACHER,Generated User 4501,user4501_1788618493773@example.com
user4502_1788618493773,password123,PARENT,Generated User 4502,user4502_1788618493773@example.com
user4503_1788618493773,password123,STUDENT,Generated User 4503,user4503_1788618493773@example.com
user4504_1788618493773,password123,STUDENT,Generated User 4504,user4504_1788618493773@example.com
user4505_1788618493773,password123,STUDENT,Generated User 4505,user4505_1788618493773@example.com
user4506_1788618493773,password123,STUDENT,Generated User 4506,user4506_1788618493773@example.com
user4507_1788618493773,password123,STUDENT,Generated User 4507,user4507_1788618493773@example.com
user4508_1788618493773,password123,STUDENT,Generated User 4508,user4508_1788618493773@example.com
user4509_1788618493773,password123,STUDENT,Generated User 4509,user4509_1788618493773@example.com
user4510_1788618493773,password123,STUDENT,Generated User 4510,user4510_1788618493773@example.com
user4511_1788618493773,password123,STUDENT,Generated User 4511,user4511_1788618493773@example.com
user4512_1788618493773,password123,STUDENT,Generated User 4512,user4512_1788618493773@example.com
user4513_1788618493773,password123,STUDENT,Generated User 4513,user4513_1788618493773@example.com
user4514_1788618493773,password123,STUDENT,Generated User 4514,user4514_1788618493773@example.com
user4515_1788618493773,password123,STUDENT,Generated User 4515,user4515_1788618493773@example.com
user4516_1788618493773,password123,STUDENT,Generated User 4516,user4516_1788618493773@example.com
user4517_1788618493773,password123,STUDENT,Generated User 4517,user4517_1788618493773@example.com
user4518_1788618493773,password123,STUDENT,Generated User 4518,user4518_1788618493773@example.com
user4519_1788618493773,password123,PARENT,Generated User 4519,user4519_1788618493773@example.com
user4520_1788618493773,password123,TEACHER,Generated User 4520,user4520_1788618493773@example.com
user4521_1788618493773,password123,PARENT,Generated User 4521,user4521_1788618493773@example.com
user4522_1788618493773,password123,STUDENT,Generated User 4522,user4522_1788618493773@example.com
user4523_1788618493773,password123,STUDENT,Generated User 4523,user4523_1788618493773@example.com
user4524_1788618493773,password123,STUDENT,Generated User 4524,user4524_1788618493773@example.com
user4525_1788618493773,password123,STUDENT,Generated User 4525,user4525_1788618493773@example.com
user4526_1788618493773,password123,STUDENT,Generated User 4526,user4526_1788618493773@example.com
user4527_1788618493773,password123,STUDENT,Generated User 4527,user4527_1788618493773@example.com
user4528_1788618493773,password123,STUDENT,Generated User 4528,user4528_1788618493773@example.com
user4529_1788618493773,password123,STUDENT,Generated User 4529,user4529_1788618493773@example.com
user4530_1788618493773,password123,STUDENT,Generated User 4530,user4530_1788618493773@example.com
user4531_1788618493773,password123,STUDENT,Generated User 4531,user4531_1788618493773@example.com
user4532_1788618493773,password123,STUDENT,Generated User 4532,user4532_1788618493773@example.com
user4533_1788618493773,password123,STUDENT,Generated User 4533,user4533_1788618493773@example.com
user4534_1788618493773,password123,STUDENT,Generated User 4534,user4534_1788618493773@example.com
user4535_1788618493773,password123,STUDENT,Generated User 4535,user4535_1788618493773@example.com
user4536_1788618493773,password123,STUDENT,Generated User 4536,user4536_1788618493773@example.com
user4537_1788618493773,password123,STUDENT,Generated User 4537,user4537_1788618493773@example.com
user4538_1788618493773,password123,STUDENT,Generated User 4538,user4538_1788618493773@example.com
user4539_1788618493773,password123,STUDENT,Generated User 4539,user4539_1788618493773@example.com
user4540_1788618493773,password123,STUDENT,Generated User 4540,user4540_1788618493773@example.com
user4541_1788618493773,password123,STUDENT,Generated User 4541,user4541_1788618493773@example.com
user4542_1788618493773,password123,STUDENT,Generated User 4542,user4542_1788618493773@example.com
user4543_1788618493773,password123,STUDENT,Generated User 4543,user4543_1788618493773@example.com
user4544_1788618493773,password123,STUDENT,Generated User 4544,user4544_1788618493773@example.com
user4545_1788618493773,password123,STUDENT,Generated User 4545,user4545_1788618493773@example.com
user4546_1788618493773,password123,PARENT,Generated User 4546,user4546_1788618493773@example.com
user4547_1788618493773,password123,STUDENT,Generated User 4547,user4547_1788618493773@example.com
user4548_1788618493773,password123,STUDENT,Generated User 4548,user4548_1788618493773@example.com
user4549_1788618493773,password123,STUDENT,Generated User 4549,user4549_1788618493773@example.com
user4550_1788618493773,password123,STUDENT,Generated User 4550,user4550_1788618493773@example.com
user4551_1788618493773,password123,STUDENT,Generated User 4551,user4551_1788618493773@example.com
user4552_1788618493773,password123,STUDENT,Generated User 4552,user4552_1788618493773@example.com
user4553_1788618493773,password123,STUDENT,Generated User 4553,user4553_1788618493773@example.com
user4554_1788618493773,password123,STUDENT,Generated User 4554,user4554_1788618493773@example.com
user4555_1788618493773,password123,STUDENT,Generated User 4555,user4555_1788618493773@example.com
user4556_1788618493773,password123,STUDENT,Generated User 4556,user4556_1788618493773@example.com
user4557_1788618493773,password123,STUDENT,Generated User 4557,user4557_1788618493773@example.com
user4558_1788618493773,password123,STUDENT,Generated User 4558,user4558_1788618493773@example.com
user4559_1788618493773,password123,STUDENT,Generated User 4559,user4559_1788618493773@example.com
user4560_1788618493773,password123,STUDENT,Generated User 4560,user4560_1788618493773@example.com
user4561_1788618493773,password123,STUDENT,Generated User 4561,user4561_1788618493773@example.com
user4562_1788618493773,password123,STUDENT,Generated User 4562,user4562_1788618493773@example.com
user4563_1788618493773,password123,TEACHER,Generated User 4563,user4563_1788618493773@example.com
user4564_1788618493773,password123,TEACHER,Generated User 4564,user4564_1788618493773@example.com
user4565_1788618493773,password123,STUDENT,Generated User 4565,user4565_1788618493773@example.com
user4566_1788618493773,password123,STUDENT,Generated User 4566,user4566_1788618493773@example.com
user4567_1788618493773,password123,STUDENT,Generated User 4567,user4567_1788618493773@example.com
user4568_1788618493773,password123,STUDENT,Generated User 4568,user4568_1788618493773@example.com
user4569_1788618493773,password123,STUDENT,Generated User 4569,user4569_1788618493773@example.com
user4570_1788618493773,password123,PARENT,Generated User 4570,user4570_1788618493773@example.com
user4571_1788618493773,password123,STUDENT,Generated User 4571,user4571_1788618493773@example.com
user4572_1788618493773,password123,STUDENT,Generated User 4572,user4572_1788618493773@example.com
user4573_1788618493773,password123,STUDENT,Generated User 4573,user4573_1788618493773@example.com
user4574_1788618493773,password123,STUDENT,Generated User 4574,user4574_1788618493773@example.com
user4575_1788618493773,password123,TEACHER,Generated User 4575,user4575_1788618493773@example.com
user4576_1788618493773,password123,STUDENT,Generated User 4576,user4576_1788618493773@example.com
user4577_1788618493773,password123,STUDENT,Generated User 4577,user4577_1788618493773@example.com
user4578_1788618493773,password123,STUDENT,Generated User 4578,user4578_1788618493773@example.com
user4579_1788618493773,password123,STUDENT,Generated User 4579,user4579_1788618493773@example.com
user4580_1788618493773,password123,STUDENT,Generated User 4580,user4580_1788618493773@example.com
user4581_1788618493773,password123,STUDENT,Generated User 4581,user4581_1788618493773@example.com
user4582_1788618493773,password123,STUDENT,Generated User 4582,user4582_1788618493773@example.com
user4583_1788618493773,password123,STUDENT,Generated User 4583,user4583_1788618493773@example.com
user4584_1788618493773,password123,PARENT,Generated User 4584,user4584_1788618493773@example.com
user4585_1788618493773,password123,STUDENT,Generated User 4585,user4585_1788618493773@example.com
user4586_1788618493773,password123,STUDENT,Generated User 4586,user4586_1788618493773@example.com
user4587_1788618493773,password123,STUDENT,Generated User 4587,user4587_1788618493773@example.com
user4588_1788618493773,password123,STUDENT,Generated User 4588,user4588_1788618493773@example.com
user4589_1788618493773,password123,STUDENT,Generated User 4589,user4589_1788618493773@example.com
user4590_1788618493773,password123,STUDENT,Generated User 4590,user4590_1788618493773@example.com
user4591_1788618493773,password123,STUDENT,Generated User 4591,user4591_1788618493773@example.com
user4592_1788618493773,password123,PARENT,Generated User 4592,user4592_1788618493773@example.com
user4593_1788618493773,password123,STUDENT,Generated User 4593,user4593_1788618493773@example.com
user4594_1788618493773,password123,STUDENT,Generated User 4594,user4594_1788618493773@example.com
user4595_1788618493773,password123,STUDENT,Generated User 4595,user4595_1788618493773@example.com
user4596_1788618493773,password123,STUDENT,Generated User 4596,user4596_1788618493773@example.com
user4597_1788618493773,password123,STUDENT,Generated User 4597,user4597_1788618493773@example.com
user4598_1788618493773,password123,PARENT,Generated User 4598,user4598_1788618493773@example.com
user4599_1788618493773,password123,TEACHER,Generated User 4599,user4599_1788618493773@example.com
user4600_1788618493773,password123,STUDENT,Generated User 4600,user4600_1788618493773@example.com
user4601_1788618493773,password123,STUDENT,Generated User 4601,user4601_1788618493773@example.com
user4602_1788618493773,password123,TEACHER,Generated User 4602,user4602_1788618493773@example.com
user4603_1788618493773,password123,STUDENT,Generated User 4603,user4603_1788618493773@example.com
user4604_1788618493773,password123,STUDENT,Generated User 4604,user4604_1788618493773@example.com
user4605_1788618493773,password123,STUDENT,Generated User 4605,user4605_1788618493773@example.com
user4606_1788618493773,password123,STUDENT,Generated User 4606,user4606_1788618493773@example.com
user4607_1788618493773,password123,STUDENT,Generated User 4607,user4607_1788618493773@example.com
user4608_1788618493773,password123,STUDENT,Generated User 4608,user4608_1788618493773@example.com
user4609_1788618493773,password123,STUDENT,Generated User 4609,user4609_1788618493773@example.com
user4610_1788618493773,password123,STUDENT,Generated User 4610,user4610_1788618493773@example.com
user4611_1788618493773,password123,STUDENT,Generated User 4611,user4611_1788618493773@example.com
user4612_1788618493773,password123,STUDENT,Generated User 4612,user4612_1788618493773@example.com
user4613_1788618493773,password123,PARENT,Generated User 4613,user4613_1788618493773@example.com
user4614_1788618493773,password123,TEACHER,Generated User 4614,user4614_1788618493773@example.com
user4615_1788618493773,password123,STUDENT,Generated User 4615,user4615_1788618493773@example.com
user4616_1788618493773,password123,STUDENT,Generated User 4616,user4616_1788618493773@example.com
user4617_1788618493773,password123,STUDENT,Generated User 4617,user4617_1788618493773@example.com
user4618_1788618493773,password123,STUDENT,Generated User 4618,user4618_1788618493773@example.com
user4619_1788618493773,password123,TEACHER,Generated User 4619,user4619_1788618493773@example.com
user4620_1788618493773,password123,STUDENT,Generated User 4620,user4620_1788618493773@example.com
user4621_1788618493773,password123,STUDENT,Generated User 4621,user4621_1788618493773@example.com
user4622_1788618493773,password123,STUDENT,Generated User 4622,user4622_1788618493773@example.com
user4623_1788618493773,password123,STUDENT,Generated User 4623,user4623_1788618493773@example.com
user4624_1788618493773,password123,STUDENT,Generated User 4624,user4624_1788618493773@example.com
user4625_1788618493773,password123,PARENT,Generated User 4625,user4625_1788618493773@example.com
user4626_1788618493773,password123,TEACHER,Generated User 4626,user4626_1788618493773@example.com
user4627_1788618493773,password123,TEACHER,Generated User 4627,user4627_1788618493773@example.com
user4628_1788618493773,password123,STUDENT,Generated User 4628,user4628_1788618493773@example.com
user4629_1788618493773,password123,STUDENT,Generated User 4629,user4629_1788618493773@example.com
user4630_1788618493773,password123,STUDENT,Generated User 4630,user4630_1788618493773@example.com
user4631_1788618493773,password123,STUDENT,Generated User 4631,user4631_1788618493773@example.com
user4632_1788618493773,password123,STUDENT,Generated User 4632,user4632_1788618493773@example.com
user4633_1788618493773,password123,STUDENT,Generated User 4633,user4633_1788618493773@example.com
user4634_1788618493773,password123,STUDENT,Generated User 4634,user4634_1788618493773@example.com
user4635_1788618493773,password123,STUDENT,Generated User 4635,user4635_1788618493773@example.com
user4636_1788618493773,password123,STUDENT,Generated User 4636,user4636_1788618493773@example.com
user4637_1788618493773,password123,TEACHER,Generated User 4637,user4637_1788618493773@example.com
user4638_1788618493773,password123,STUDENT,Generated User 4638,user4638_1788618493773@example.com
user4639_1788618493773,password123,STUDENT,Generated User 4639,user4639_1788618493773@example.com
user4640_1788618493773,password123,STUDENT,Generated User 4640,user4640_1788618493773@example.com
user4641_1788618493773,password123,PARENT,Generated User 4641,user4641_1788618493773@example.com
user4642_1788618493773,password123,STUDENT,Generated User 4642,user4642_1788618493773@example.com
user4643_1788618493773,password123,STUDENT,Generated User 4643,user4643_1788618493773@example.com
user4644_1788618493773,password123,STUDENT,Generated User 4644,user4644_1788618493773@example.com
user4645_1788618493773,password123,STUDENT,Generated User 4645,user4645_1788618493773@example.com
user4646_1788618493773,password123,STUDENT,Generated User 4646,user4646_1788618493773@example.com
user4647_1788618493773,password123,STUDENT,Generated User 4647,user4647_1788618493773@example.com
user4648_1788618493773,password123,STUDENT,Generated User 4648,user4648_1788618493773@example.com
user4649_1788618493773,password123,STUDENT,Generated User 4649,user4649_1788618493773@example.com
user4650_1788618493773,password123,TEACHER,Generated User 4650,user4650_1788618493773@example.com
user4651_1788618493773,password123,STUDENT,Generated User 4651,user4651_1788618493773@example.com
user4652_1788618493773,password123,STUDENT,Generated User 4652,user4652_1788618493773@example.com
user4653_1788618493773,password123,TEACHER,Generated User 4653,user4653_1788618493773@example.com
user4654_1788618493773,password123,STUDENT,Generated User 4654,user4654_1788618493773@example.com
user4655_1788618493773,password123,STUDENT,Generated User 4655,user4655_1788618493773@example.com
user4656_1788618493773,password123,STUDENT,Generated User 4656,user4656_1788618493773@example.com
user4657_1788618493773,password123,STUDENT,Generated User 4657,user4657_1788618493773@example.com
user4658_1788618493773,password123,PARENT,Generated User 4658,user4658_1788618493773@example.com
user4659_1788618493773,password123,STUDENT,Generated User 4659,user4659_1788618493773@example.com
user4660_1788618493773,password123,STUDENT,Generated User 4660,user4660_1788618493773@example.com
user4661_1788618493773,password123,STUDENT,Generated User 4661,user4661_1788618493773@example.com
user4662_1788618493773,password123,STUDENT,Generated User 4662,user4662_1788618493773@example.com
user4663_1788618493773,password123,STUDENT,Generated User 4663,user4663_1788618493773@example.com
user4664_1788618493773,password123,STUDENT,Generated User 4664,user4664_1788618493773@example.com
user4665_1788618493773,password123,PARENT,Generated User 4665,user4665_1788618493773@example.com
user4666_1788618493773,password123,STUDENT,Generated User 4666,user4666_1788618493773@example.com
user4667_1788618493773,password123,STUDENT,Generated User 4667,user4667_1788618493773@example.com
user4668_1788618493773,password123,STUDENT,Generated User 4668,user4668_1788618493773@example.com
user4669_1788618493773,password123,STUDENT,Generated User 4669,user4669_1788618493773@example.com
user4670_1788618493773,password123,STUDENT,Generated User 4670,user4670_1788618493773@example.com
user4671_1788618493773,password123,STUDENT,Generated User 4671,user4671_1788618493773@example.com
user4672_1788618493773,password123,STUDENT,Generated User 4672,user4672_1788618493773@example.com
user4673_1788618493773,password123,PARENT,Generated User 4673,user4673_1788618493773@example.com
user4674_1788618493773,password123,STUDENT,Generated User 4674,user4674_1788618493773@example.com
user4675_1788618493773,password123,STUDENT,Generated User 4675,user4675_1788618493773@example.com
user4676_1788618493773,password123,TEACHER,Generated User 4676,user4676_1788618493773@example.com
user4677_1788618493773,password123,STUDENT,Generated User 4677,user4677_1788618493773@example.com
user4678_1788618493773,password123,STUDENT,Generated User 4678,user4678_1788618493773@example.com
user4679_1788618493773,password123,TEACHER,Generated User 4679,user4679_1788618493773@example.com
user4680_1788618493773,password123,STUDENT,Generated User 4680,user4680_1788618493773@example.com
user4681_1788618493773,password123,PARENT,Generated User 4681,user4681_1788618493773@example.com
user4682_1788618493773,password123,TEACHER,Generated User 4682,user4682_1788618493773@example.com
user4683_1788618493773,password123,STUDENT,Generated User 4683,user4683_1788618493773@example.com
user4684_1788618493773,password123,STUDENT,Generated User 4684,user4684_1788618493773@example.com
user4685_1788618493773,password123,STUDENT,Generated User 4685,user4685_1788618493773@example.com
user4686_1788618493773,password123,STUDENT,Generated User 4686,user4686_1788618493773@example.com
user4687_1788618493773,password123,STUDENT,Generated User 4687,user4687_1788618493773@example.com
user4688_1788618493773,password123,STUDENT,Generated User 4688,user4688_1788618493773@example.com
user4689_1788618493773,password123,STUDENT,Generated User 4689,user4689_1788618493773@example.com
user4690_1788618493773,password123,STUDENT,Generated User 4690,user4690_1788618493773@example.com
user4691_1788618493773,password123,STUDENT,Generated User 4691,user4691_1788618493773@example.com
user4692_1788618493773,password123,STUDENT,Generated User 4692,user4692_1788618493773@example.com
user4693_1788618493773,password123,STUDENT,Generated User 4693,user4693_1788618493773@example.com
user4694_1788618493773,password123,PARENT,Generated User 4694,user4694_1788618493773@example.com
user4695_1788618493773,password123,STUDENT,Generated User 4695,user4695_1788618493773@example.com
user4696_1788618493773,password123,STUDENT,Generated User 4696,user4696_1788618493773@example.com
user4697_1788618493773,password123,STUDENT,Generated User 4697,user4697_1788618493773@example.com
user4698_1788618493773,password123,STUDENT,Generated User 4698,user4698_1788618493773@example.com
user4699_1788618493773,password123,STUDENT,Generated User 4699,user4699_1788618493773@example.com
user4700_1788618493773,password123,STUDENT,Generated User 4700,user4700_1788618493773@example.com
user4701_1788618493773,password123,STUDENT,Generated User 4701,user4701_1788618493773@example.com
user4702_1788618493773,password123,PARENT,Generated User 4702,user4702_1788618493773@example.com
user4703_1788618493773,password123,STUDENT,Generated User 4703,user4703_1788618493773@example.com
user4704_1788618493773,password123,STUDENT,Generated User 4704,user4704_1788618493773@example.com
user4705_1788618493773,password123,PARENT,Generated User 4705,user4705_1788618493773@example.com
user4706_1788618493773,password123,STUDENT,Generated User 4706,user4706_1788618493773@example.com
user4707_1788618493773,password123,STUDENT,Generated User 4707,user4707_1788618493773@example.com
user4708_1788618493773,password123,STUDENT,Generated User 4708,user4708_1788618493773@example.com
user4709_1788618493773,password123,STUDENT,Generated User 4709,user4709_1788618493773@example.com
user4710_1788618493773,password123,STUDENT,Generated User 4710,user4710_1788618493773@example.com
user4711_1788618493773,password123,STUDENT,Generated User 4711,user4711_1788618493773@example.com
user4712_1788618493773,password123,STUDENT,Generated User 4712,user4712_1788618493773@example.com
user4713_1788618493773,password123,STUDENT,Generated User 4713,user4713_1788618493773@example.com
user4714_1788618493773,password123,TEACHER,Generated User 4714,user4714_1788618493773@example.com
user4715_1788618493773,password123,TEACHER,Generated User 4715,user4715_1788618493773@example.com
user4716_1788618493773,password123,STUDENT,Generated User 4716,user4716_1788618493773@example.com
user4717_1788618493773,password123,STUDENT,Generated User 4717,user4717_1788618493773@example.com
user4718_1788618493773,password123,STUDENT,Generated User 4718,user4718_1788618493773@example.com
user4719_1788618493773,password123,STUDENT,Generated User 4719,user4719_1788618493773@example.com
user4720_1788618493773,password123,PARENT,Generated User 4720,user4720_1788618493773@example.com
user4721_1788618493773,password123,STUDENT,Generated User 4721,user4721_1788618493773@example.com
user4722_1788618493773,password123,STUDENT,Generated User 4722,user4722_1788618493773@example.com
user4723_1788618493773,password123,PARENT,Generated User 4723,user4723_1788618493773@example.com
user4724_1788618493773,password123,STUDENT,Generated User 4724,user4724_1788618493773@example.com
user4725_1788618493773,password123,STUDENT,Generated User 4725,user4725_1788618493773@example.com
user4726_1788618493773,password123,STUDENT,Generated User 4726,user4726_1788618493773@example.com
user4727_1788618493773,password123,STUDENT,Generated User 4727,user4727_1788618493773@example.com
user4728_1788618493773,password123,STUDENT,Generated User 4728,user4728_1788618493773@example.com
user4729_1788618493773,password123,STUDENT,Generated User 4729,user4729_1788618493773@example.com
user4730_1788618493773,password123,STUDENT,Generated User 4730,user4730_1788618493773@example.com
user4731_1788618493773,password123,STUDENT,Generated User 4731,user4731_1788618493773@example.com
user4732_1788618493773,password123,STUDENT,Generated User 4732,user4732_1788618493773@example.com
user4733_1788618493773,password123,STUDENT,Generated User 4733,user4733_1788618493773@example.com
user4734_1788618493773,password123,STUDENT,Generated User 4734,user4734_1788618493773@example.com
user4735_1788618493773,password123,STUDENT,Generated User 4735,user4735_1788618493773@example.com
user4736_1788618493773,password123,STUDENT,Generated User 4736,user4736_1788618493773@example.com
user4737_1788618493773,password123,STUDENT,Generated User 4737,user4737_1788618493773@example.com
user4738_1788618493773,password123,TEACHER,Generated User 4738,user4738_1788618493773@example.com
user4739_1788618493773,password123,PARENT,Generated User 4739,user4739_1788618493773@example.com
user4740_1788618493773,password123,STUDENT,Generated User 4740,user4740_1788618493773@example.com
user4741_1788618493773,password123,STUDENT,Generated User 4741,user4741_1788618493773@example.com
user4742_1788618493773,password123,PARENT,Generated User 4742,user4742_1788618493773@example.com
user4743_1788618493773,password123,STUDENT,Generated User 4743,user4743_1788618493773@example.com
user4744_1788618493773,password123,STUDENT,Generated User 4744,user4744_1788618493773@example.com
user4745_1788618493773,password123,STUDENT,Generated User 4745,user4745_1788618493773@example.com
user4746_1788618493773,password123,STUDENT,Generated User 4746,user4746_1788618493773@example.com
user4747_1788618493773,password123,STUDENT,Generated User 4747,user4747_1788618493773@example.com
user4748_1788618493773,password123,STUDENT,Generated User 4748,user4748_1788618493773@example.com
user4749_1788618493773,password123,STUDENT,Generated User 4749,user4749_1788618493773@example.com
user4750_1788618493773,password123,STUDENT,Generated User 4750,user4750_1788618493773@example.com
user4751_1788618493773,password123,STUDENT,Generated User 4751,user4751_1788618493773@example.com
user4752_1788618493773,password123,STUDENT,Generated User 4752,user4752_1788618493773@example.com
user4753_1788618493773,password123,STUDENT,Generated User 4753,user4753_1788618493773@example.com
user4754_1788618493773,password123,STUDENT,Generated User 4754,user4754_1788618493773@example.com
user4755_1788618493773,password123,STUDENT,Generated User 4755,user4755_1788618493773@example.com
user4756_1788618493773,password123,STUDENT,Generated User 4756,user4756_1788618493773@example.com
user4757_1788618493773,password123,STUDENT,Generated User 4757,user4757_1788618493773@example.com
user4758_1788618493773,password123,STUDENT,Generated User 4758,user4758_1788618493773@example.com
user4759_1788618493773,password123,STUDENT,Generated User 4759,user4759_1788618493773@example.com
user4760_1788618493773,password123,STUDENT,Generated User 4760,user4760_1788618493773@example.com
user4761_1788618493773,password123,TEACHER,Generated User 4761,user4761_1788618493773@example.com
user4762_1788618493773,password123,STUDENT,Generated User 4762,user4762_1788618493773@example.com
user4763_1788618493773,password123,TEACHER,Generated User 4763,user4763_1788618493773@example.com
user4764_1788618493773,password123,STUDENT,Generated User 4764,user4764_1788618493773@example.com
user4765_1788618493773,password123,STUDENT,Generated User 4765,user4765_1788618493773@example.com
user4766_1788618493773,password123,STUDENT,Generated User 4766,user4766_1788618493773@example.com
user4767_1788618493773,password123,PARENT,Generated User 4767,user4767_1788618493773@example.com
user4768_1788618493773,password123,STUDENT,Generated User 4768,user4768_1788618493773@example.com
user4769_1788618493773,password123,PARENT,Generated User 4769,user4769_1788618493773@example.com
user4770_1788618493773,password123,STUDENT,Generated User 4770,user4770_1788618493773@example.com
user4771_1788618493773,password123,STUDENT,Generated User 4771,user4771_1788618493773@example.com
user4772_1788618493773,password123,PARENT,Generated User 4772,user4772_1788618493773@example.com
user4773_1788618493773,password123,STUDENT,Generated User 4773,user4773_1788618493773@example.com
user4774_1788618493773,password123,STUDENT,Generated User 4774,user4774_1788618493773@example.com
user4775_1788618493773,password123,STUDENT,Generated User 4775,user4775_1788618493773@example.com
user4776_1788618493773,password123,STUDENT,Generated User 4776,user4776_1788618493773@example.com
user4777_1788618493773,password123,STUDENT,Generated User 4777,user4777_1788618493773@example.com
user4778_1788618493773,password123,PARENT,Generated User 4778,user4778_1788618493773@example.com
user4779_1788618493773,password123,TEACHER,Generated User 4779,user4779_1788618493773@example.com
user4780_1788618493773,password123,STUDENT,Generated User 4780,user4780_1788618493773@example.com
user4781_1788618493773,password123,STUDENT,Generated User 4781,user4781_1788618493773@example.com
user4782_1788618493773,password123,STUDENT,Generated User 4782,user4782_1788618493773@example.com
user4783_1788618493773,password123,TEACHER,Generated User 4783,user4783_1788618493773@example.com
user4784_1788618493773,password123,STUDENT,Generated User 4784,user4784_1788618493773@example.com
user4785_1788618493773,password123,STUDENT,Generated User 4785,user4785_1788618493773@example.com
user4786_1788618493773,password123,STUDENT,Generated User 4786,user4786_1788618493773@example.com
user4787_1788618493773,password123,STUDENT,Generated User 4787,user4787_1788618493773@example.com
user4788_1788618493773,password123,STUDENT,Generated User 4788,user4788_1788618493773@example.com
user4789_1788618493773,password123,STUDENT,Generated User 4789,user4789_1788618493773@example.com
user4790_1788618493773,password123,STUDENT,Generated User 4790,user4790_1788618493773@example.com
user4791_1788618493773,password123,STUDENT,Generated User 4791,user4791_1788618493773@example.com
user4792_1788618493773,password123,STUDENT,Generated User 4792,user4792_1788618493773@example.com
user4793_1788618493774,password123,STUDENT,Generated User 4793,user4793_1788618493774@example.com
user4794_1788618493774,password123,STUDENT,Generated User 4794,user4794_1788618493774@example.com
user4795_1788618493774,password123,STUDENT,Generated User 4795,user4795_1788618493774@example.com
user4796_1788618493774,password123,STUDENT,Generated User 4796,user4796_1788618493774@example.com
user4797_1788618493774,password123,STUDENT,Generated User 4797,user4797_1788618493774@example.com
user4798_1788618493774,password123,STUDENT,Generated User 4798,user4798_1788618493774@example.com
user4799_1788618493774,password123,STUDENT,Generated User 4799,user4799_1788618493774@example.com
user4800_1788618493774,password123,STUDENT,Generated User 4800,user4800_1788618493774@example.com
user4801_1788618493774,password123,PARENT,Generated User 4801,user4801_1788618493774@example.com
user4802_1788618493774,password123,STUDENT,Generated User 4802,user4802_1788618493774@example.com
user4803_1788618493774,password123,STUDENT,Generated User 4803,user4803_1788618493774@example.com
user4804_1788618493774,password123,STUDENT,Generated User 4804,user4804_1788618493774@example.com
user4805_1788618493774,password123,STUDENT,Generated User 4805,user4805_1788618493774@example.com
user4806_1788618493774,password123,STUDENT,Generated User 4806,user4806_1788618493774@example.com
user4807_1788618493774,password123,STUDENT,Generated User 4807,user4807_1788618493774@example.com
user4808_1788618493774,password123,STUDENT,Generated User 4808,user4808_1788618493774@example.com
user4809_1788618493774,password123,STUDENT,Generated User 4809,user4809_1788618493774@example.com
user4810_1788618493774,password123,STUDENT,Generated User 4810,user4810_1788618493774@example.com
user4811_1788618493774,password123,STUDENT,Generated User 4811,user4811_1788618493774@example.com
user4812_1788618493774,password123,STUDENT,Generated User 4812,user4812_1788618493774@example.com
user4813_1788618493774,password123,STUDENT,Generated User 4813,user4813_1788618493774@example.com
user4814_1788618493774,password123,TEACHER,Generated User 4814,user4814_1788618493774@example.com
user4815_1788618493774,password123,STUDENT,Generated User 4815,user4815_1788618493774@example.com
user4816_1788618493774,password123,STUDENT,Generated User 4816,user4816_1788618493774@example.com
user4817_1788618493774,password123,STUDENT,Generated User 4817,user4817_1788618493774@example.com
user4818_1788618493774,password123,STUDENT,Generated User 4818,user4818_1788618493774@example.com
user4819_1788618493774,password123,STUDENT,Generated User 4819,user4819_1788618493774@example.com
user4820_1788618493774,password123,STUDENT,Generated User 4820,user4820_1788618493774@example.com
user4821_1788618493774,password123,PARENT,Generated User 4821,user4821_1788618493774@example.com
user4822_1788618493774,password123,STUDENT,Generated User 4822,user4822_1788618493774@example.com
user4823_1788618493774,password123,STUDENT,Generated User 4823,user4823_1788618493774@example.com
user4824_1788618493774,password123,STUDENT,Generated User 4824,user4824_1788618493774@example.com
user4825_1788618493774,password123,STUDENT,Generated User 4825,user4825_1788618493774@example.com
user4826_1788618493774,password123,TEACHER,Generated User 4826,user4826_1788618493774@example.com
user4827_1788618493774,password123,STUDENT,Generated User 4827,user4827_1788618493774@example.com
user4828_1788618493774,password123,STUDENT,Generated User 4828,user4828_1788618493774@example.com
user4829_1788618493774,password123,STUDENT,Generated User 4829,user4829_1788618493774@example.com
user4830_1788618493774,password123,STUDENT,Generated User 4830,user4830_1788618493774@example.com
user4831_1788618493774,password123,STUDENT,Generated User 4831,user4831_1788618493774@example.com
user4832_1788618493774,password123,STUDENT,Generated User 4832,user4832_1788618493774@example.com
user4833_1788618493774,password123,STUDENT,Generated User 4833,user4833_1788618493774@example.com
user4834_1788618493774,password123,STUDENT,Generated User 4834,user4834_1788618493774@example.com
user4835_1788618493774,password123,STUDENT,Generated User 4835,user4835_1788618493774@example.com
user4836_1788618493774,password123,STUDENT,Generated User 4836,user4836_1788618493774@example.com
user4837_1788618493774,password123,STUDENT,Generated User 4837,user4837_1788618493774@example.com
user4838_1788618493774,password123,PARENT,Generated User 4838,user4838_1788618493774@example.com
user4839_1788618493774,password123,STUDENT,Generated User 4839,user4839_1788618493774@example.com
user4840_1788618493774,password123,TEACHER,Generated User 4840,user4840_1788618493774@example.com
user4841_1788618493774,password123,STUDENT,Generated User 4841,user4841_1788618493774@example.com
user4842_1788618493774,password123,PARENT,Generated User 4842,user4842_1788618493774@example.com
user4843_1788618493774,password123,STUDENT,Generated User 4843,user4843_1788618493774@example.com
user4844_1788618493774,password123,STUDENT,Generated User 4844,user4844_1788618493774@example.com
user4845_1788618493774,password123,TEACHER,Generated User 4845,user4845_1788618493774@example.com
user4846_1788618493774,password123,STUDENT,Generated User 4846,user4846_1788618493774@example.com
user4847_1788618493774,password123,STUDENT,Generated User 4847,user4847_1788618493774@example.com
user4848_1788618493774,password123,STUDENT,Generated User 4848,user4848_1788618493774@example.com
user4849_1788618493774,password123,STUDENT,Generated User 4849,user4849_1788618493774@example.com
user4850_1788618493774,password123,STUDENT,Generated User 4850,user4850_1788618493774@example.com
user4851_1788618493774,password123,TEACHER,Generated User 4851,user4851_1788618493774@example.com
user4852_1788618493774,password123,STUDENT,Generated User 4852,user4852_1788618493774@example.com
user4853_1788618493774,password123,TEACHER,Generated User 4853,user4853_1788618493774@example.com
user4854_1788618493774,password123,STUDENT,Generated User 4854,user4854_1788618493774@example.com
user4855_1788618493774,password123,PARENT,Generated User 4855,user4855_1788618493774@example.com
user4856_1788618493774,password123,STUDENT,Generated User 4856,user4856_1788618493774@example.com
user4857_1788618493774,password123,PARENT,Generated User 4857,user4857_1788618493774@example.com
user4858_1788618493774,password123,STUDENT,Generated User 4858,user4858_1788618493774@example.com
user4859_1788618493774,password123,STUDENT,Generated User 4859,user4859_1788618493774@example.com
user4860_1788618493774,password123,STUDENT,Generated User 4860,user4860_1788618493774@example.com
user4861_1788618493774,password123,STUDENT,Generated User 4861,user4861_1788618493774@example.com
user4862_1788618493774,password123,STUDENT,Generated User 4862,user4862_1788618493774@example.com
user4863_1788618493774,password123,PARENT,Generated User 4863,user4863_1788618493774@example.com
user4864_1788618493774,password123,PARENT,Generated User 4864,user4864_1788618493774@example.com
user4865_1788618493774,password123,STUDENT,Generated User 4865,user4865_1788618493774@example.com
user4866_1788618493774,password123,STUDENT,Generated User 4866,user4866_1788618493774@example.com
user4867_1788618493774,password123,STUDENT,Generated User 4867,user4867_1788618493774@example.com
user4868_1788618493774,password123,STUDENT,Generated User 4868,user4868_1788618493774@example.com
user4869_1788618493774,password123,PARENT,Generated User 4869,user4869_1788618493774@example.com
user4870_1788618493774,password123,STUDENT,Generated User 4870,user4870_1788618493774@example.com
user4871_1788618493774,password123,STUDENT,Generated User 4871,user4871_1788618493774@example.com
user4872_1788618493774,password123,STUDENT,Generated User 4872,user4872_1788618493774@example.com
user4873_1788618493774,password123,TEACHER,Generated User 4873,user4873_1788618493774@example.com
user4874_1788618493774,password123,PARENT,Generated User 4874,user4874_1788618493774@example.com
user4875_1788618493774,password123,STUDENT,Generated User 4875,user4875_1788618493774@example.com
user4876_1788618493774,password123,STUDENT,Generated User 4876,user4876_1788618493774@example.com
user4877_1788618493774,password123,TEACHER,Generated User 4877,user4877_1788618493774@example.com
user4878_1788618493774,password123,STUDENT,Generated User 4878,user4878_1788618493774@example.com
user4879_1788618493774,password123,STUDENT,Generated User 4879,user4879_1788618493774@example.com
user4880_1788618493774,password123,STUDENT,Generated User 4880,user4880_1788618493774@example.com
user4881_1788618493774,password123,STUDENT,Generated User 4881,user4881_1788618493774@example.com
user4882_1788618493774,password123,TEACHER,Generated User 4882,user4882_1788618493774@example.com
user4883_1788618493774,password123,STUDENT,Generated User 4883,user4883_1788618493774@example.com
user4884_1788618493774,password123,STUDENT,Generated User 4884,user4884_1788618493774@example.com
user4885_1788618493774,password123,PARENT,Generated User 4885,user4885_1788618493774@example.com
user4886_1788618493774,password123,STUDENT,Generated User 4886,user4886_1788618493774@example.com
user4887_1788618493774,password123,STUDENT,Generated User 4887,user4887_1788618493774@example.com
user4888_1788618493774,password123,STUDENT,Generated User 4888,user4888_1788618493774@example.com
user4889_1788618493774,password123,STUDENT,Generated User 4889,user4889_1788618493774@example.com
user4890_1788618493774,password123,STUDENT,Generated User 4890,user4890_1788618493774@example.com
user4891_1788618493774,password123,STUDENT,Generated User 4891,user4891_1788618493774@example.com
user4892_1788618493774,password123,STUDENT,Generated User 4892,user4892_1788618493774@example.com
user4893_1788618493774,password123,TEACHER,Generated User 4893,user4893_1788618493774@example.com
user4894_1788618493774,password123,STUDENT,Generated User 4894,user4894_1788618493774@example.com
user4895_1788618493774,password123,STUDENT,Generated User 4895,user4895_1788618493774@example.com
user4896_1788618493774,password123,STUDENT,Generated User 4896,user4896_1788618493774@example.com
user4897_1788618493774,password123,TEACHER,Generated User 4897,user4897_1788618493774@example.com
user4898_1788618493774,password123,PARENT,Generated User 4898,user4898_1788618493774@example.com
user4899_1788618493774,password123,STUDENT,Generated User 4899,user4899_1788618493774@example.com
user4900_1788618493774,password123,STUDENT,Generated User 4900,user4900_1788618493774@example.com
user4901_1788618493774,password123,TEACHER,Generated User 4901,user4901_1788618493774@example.com
user4902_1788618493774,password123,STUDENT,Generated User 4902,user4902_1788618493774@example.com
user4903_1788618493774,password123,STUDENT,Generated User 4903,user4903_1788618493774@example.com
user4904_1788618493774,password123,STUDENT,Generated User 4904,user4904_1788618493774@example.com
user4905_1788618493774,password123,STUDENT,Generated User 4905,user4905_1788618493774@example.com
user4906_1788618493774,password123,STUDENT,Generated User 4906,user4906_1788618493774@example.com
user4907_1788618493774,password123,STUDENT,Generated User 4907,user4907_1788618493774@example.com
user4908_1788618493774,password123,PARENT,Generated User 4908,user4908_1788618493774@example.com
user4909_1788618493774,password123,STUDENT,Generated User 4909,user4909_1788618493774@example.com
user4910_1788618493774,password123,STUDENT,Generated User 4910,user4910_1788618493774@example.com
user4911_1788618493774,password123,STUDENT,Generated User 4911,user4911_1788618493774@example.com
user4912_1788618493774,password123,STUDENT,Generated User 4912,user4912_1788618493774@example.com
user4913_1788618493774,password123,STUDENT,Generated User 4913,user4913_1788618493774@example.com
user4914_1788618493774,password123,STUDENT,Generated User 4914,user4914_1788618493774@example.com
user4915_1788618493774,password123,STUDENT,Generated User 4915,user4915_1788618493774@example.com
user4916_1788618493774,password123,STUDENT,Generated User 4916,user4916_1788618493774@example.com
user4917_1788618493774,password123,STUDENT,Generated User 4917,user4917_1788618493774@example.com
user4918_1788618493774,password123,STUDENT,Generated User 4918,user4918_1788618493774@example.com
user4919_1788618493774,password123,STUDENT,Generated User 4919,user4919_1788618493774@example.com
user4920_1788618493774,password123,STUDENT,Generated User 4920,user4920_1788618493774@example.com
user4921_1788618493774,password123,STUDENT,Generated User 4921,user4921_1788618493774@example.com
user4922_1788618493774,password123,STUDENT,Generated User 4922,user4922_1788618493774@example.com
user4923_1788618493774,password123,STUDENT,Generated User 4923,user4923_1788618493774@example.com
user4924_1788618493774,password123,STUDENT,Generated User 4924,user4924_1788618493774@example.com
user4925_1788618493774,password123,STUDENT,Generated User 4925,user4925_1788618493774@example.com
user4926_1788618493774,password123,TEACHER,Generated User 4926,user4926_1788618493774@example.com
user4927_1788618493774,password123,STUDENT,Generated User 4927,user4927_1788618493774@example.com
user4928_1788618493774,password123,STUDENT,Generated User 4928,user4928_1788618493774@example.com
user4929_1788618493774,password123,STUDENT,Generated User 4929,user4929_1788618493774@example.com
user4930_1788618493774,password123,STUDENT,Generated User 4930,user4930_1788618493774@example.com
user4931_1788618493774,password123,STUDENT,Generated User 4931,user4931_1788618493774@example.com
user4932_1788618493774,password123,STUDENT,Generated User 4932,user4932_1788618493774@example.com
user4933_1788618493774,password123,STUDENT,Generated User 4933,user4933_1788618493774@example.com
user4934_1788618493774,password123,STUDENT,Generated User 4934,user4934_1788618493774@example.com
user4935_1788618493774,password123,TEACHER,Generated User 4935,user4935_1788618493774@example.com
user4936_1788618493774,password123,STUDENT,Generated User 4936,user4936_1788618493774@example.com
user4937_1788618493774,password123,STUDENT,Generated User 4937,user4937_1788618493774@example.com
user4938_1788618493774,password123,STUDENT,Generated User 4938,user4938_1788618493774@example.com
user4939_1788618493774,password123,STUDENT,Generated User 4939,user4939_1788618493774@example.com
user4940_1788618493774,password123,PARENT,Generated User 4940,user4940_1788618493774@example.com
user4941_1788618493774,password123,STUDENT,Generated User 4941,user4941_1788618493774@example.com
user4942_1788618493774,password123,STUDENT,Generated User 4942,user4942_1788618493774@example.com
user4943_1788618493774,password123,STUDENT,Generated User 4943,user4943_1788618493774@example.com
user4944_1788618493774,password123,STUDENT,Generated User 4944,user4944_1788618493774@example.com
user4945_1788618493774,password123,STUDENT,Generated User 4945,user4945_1788618493774@example.com
user4946_1788618493774,password123,STUDENT,Generated User 4946,user4946_1788618493774@example.com
user4947_1788618493774,password123,STUDENT,Generated User 4947,user4947_1788618493774@example.com
user4948_1788618493774,password123,STUDENT,Generated User 4948,user4948_1788618493774@example.com
user4949_1788618493774,password123,STUDENT,Generated User 4949,user4949_1788618493774@example.com
user4950_1788618493774,password123,TEACHER,Generated User 4950,user4950_1788618493774@example.com
user4951_1788618493774,password123,PARENT,Generated User 4951,user4951_1788618493774@example.com
user4952_1788618493774,password123,STUDENT,Generated User 4952,user4952_1788618493774@example.com
user4953_1788618493774,password123,STUDENT,Generated User 4953,user4953_1788618493774@example.com
user4954_1788618493774,password123,STUDENT,Generated User 4954,user4954_1788618493774@example.com
user4955_1788618493774,password123,STUDENT,Generated User 4955,user4955_1788618493774@example.com
user4956_1788618493774,password123,STUDENT,Generated User 4956,user4956_1788618493774@example.com
user4957_1788618493774,password123,STUDENT,Generated User 4957,user4957_1788618493774@example.com
user4958_1788618493774,password123,STUDENT,Generated User 4958,user4958_1788618493774@example.com
user4959_1788618493774,password123,PARENT,Generated User 4959,user4959_1788618493774@example.com
user4960_1788618493774,password123,STUDENT,Generated User 4960,user4960_1788618493774@example.com
user4961_1788618493774,password123,STUDENT,Generated User 4961,user4961_1788618493774@example.com
user4962_1788618493774,password123,STUDENT,Generated User 4962,user4962_1788618493774@example.com
user4963_1788618493774,password123,STUDENT,Generated User 4963,user4963_1788618493774@example.com
user4964_1788618493774,password123,TEACHER,Generated User 4964,user4964_1788618493774@example.com
user4965_1788618493774,password123,STUDENT,Generated User 4965,user4965_1788618493774@example.com
user4966_1788618493774,password123,STUDENT,Generated User 4966,user4966_1788618493774@example.com
user4967_1788618493774,password123,STUDENT,Generated User 4967,user4967_1788618493774@example.com
user4968_1788618493774,password123,STUDENT,Generated User 4968,user4968_1788618493774@example.com
user4969_1788618493774,password123,STUDENT,Generated User 4969,user4969_1788618493774@example.com
user4970_1788618493774,password123,STUDENT,Generated User 4970,user4970_1788618493774@example.com
user4971_1788618493774,password123,STUDENT,Generated User 4971,user4971_1788618493774@example.com
user4972_1788618493774,password123,STUDENT,Generated User 4972,user4972_1788618493774@example.com
user4973_1788618493774,password123,STUDENT,Generated User 4973,user4973_1788618493774@example.com
user4974_1788618493774,password123,STUDENT,Generated User 4974,user4974_1788618493774@example.com
user4975_1788618493774,password123,STUDENT,Generated User 4975,user4975_1788618493774@example.com
user4976_1788618493774,password123,STUDENT,Generated User 4976,user4976_1788618493774@example.com
user4977_1788618493774,password123,STUDENT,Generated User 4977,user4977_1788618493774@example.com
user4978_1788618493774,password123,PARENT,Generated User 4978,user4978_1788618493774@example.com
user4979_1788618493774,password123,STUDENT,Generated User 4979,user4979_1788618493774@example.com
user4980_1788618493774,password123,STUDENT,Generated User 4980,user4980_1788618493774@example.com
user4981_1788618493774,password123,STUDENT,Generated User 4981,user4981_1788618493774@example.com
user4982_1788618493774,password123,STUDENT,Generated User 4982,user4982_1788618493774@example.com
user4983_1788618493774,password123,STUDENT,Generated User 4983,user4983_1788618493774@example.com
user4984_1788618493774,password123,STUDENT,Generated User 4984,user4984_1788618493774@example.com
user4985_1788618493774,password123,STUDENT,Generated User 4985,user4985_1788618493774@example.com
user4986_1788618493774,password123,STUDENT,Generated User 4986,user4986_1788618493774@example.com
user4987_1788618493774,password123,STUDENT,Generated User 4987,user4987_1788618493774@example.com
user4988_1788618493774,password123,STUDENT,Generated User 4988,user4988_1788618493774@example.com
user4989_1788618493774,password123,STUDENT,Generated User 4989,user4989_1788618493774@example.com
user4990_1788618493774,password123,STUDENT,Generated User 4990,user4990_1788618493774@example.com
user4991_1788618493774,password123,STUDENT,Generated User 4991,user4991_1788618493774@example.com
user4992_1788618493774,password123,STUDENT,Generated User 4992,user4992_1788618493774@example.com
user4993_1788618493774,password123,TEACHER,Generated User 4993,user4993_1788618493774@example.com
user4994_1788618493774,password123,STUDENT,Generated User 4994,user4994_1788618493774@example.com
user4995_1788618493774,password123,STUDENT,Generated User 4995,user4995_1788618493774@example.com
user4996_1788618493774,password123,STUDENT,Generated User 4996,user4996_1788618493774@example.com
user4997_1788618493774,password123,STUDENT,Generated User 4997,user4997_1788618493774@example.com
user4998_1788618493774,password123,PARENT,Generated User 4998,user4998_1788618493774@example.com
user4999_1788618493774,password123,STUDENT,Generated User 4999,user4999_1788618493774@example.com
user5000_1788618493774,password123,TEACHER,Generated User 5000,user5000_1788618493774@example.com
